repeat,position,target_time_utc
0,0,2024-07-03T21:20:00+00:00
0,1,2024-07-18T02:00:00+00:00
0,2,2024-07-14T21:20:00+00:00
0,3,2024-07-31T01:40:00+00:00
0,4,2024-07-25T06:10:00+00:00
0,5,2024-07-20T20:40:00+00:00
0,6,2024-07-29T13:50:00+00:00
0,7,2024-07-28T10:30:00+00:00
0,8,2024-07-28T17:00:00+00:00
0,9,2024-07-14T16:30:00+00:00
0,10,2024-07-25T04:20:00+00:00
0,11,2024-07-22T17:30:00+00:00
0,12,2024-07-26T10:10:00+00:00
0,13,2024-07-17T04:10:00+00:00
0,14,2024-07-14T19:20:00+00:00
0,15,2024-07-06T04:20:00+00:00
0,16,2024-07-03T20:20:00+00:00
0,17,2024-07-25T05:30:00+00:00
0,18,2024-07-22T01:00:00+00:00
0,19,2024-07-17T19:30:00+00:00
0,20,2024-07-24T11:20:00+00:00
0,21,2024-07-07T05:30:00+00:00
0,22,2024-07-21T01:20:00+00:00
0,23,2024-07-16T09:40:00+00:00
0,24,2024-07-20T13:00:00+00:00
0,25,2024-07-26T15:50:00+00:00
0,26,2024-07-14T10:40:00+00:00
0,27,2024-07-26T21:10:00+00:00
0,28,2024-07-23T02:30:00+00:00
0,29,2024-07-14T06:50:00+00:00
0,30,2024-07-03T18:00:00+00:00
0,31,2024-07-27T13:10:00+00:00
0,32,2024-07-22T10:20:00+00:00
0,33,2024-07-08T01:30:00+00:00
0,34,2024-07-27T08:50:00+00:00
0,35,2024-07-04T22:00:00+00:00
0,36,2024-07-09T13:50:00+00:00
0,37,2024-07-16T19:00:00+00:00
0,38,2024-07-14T20:30:00+00:00
0,39,2024-07-24T12:50:00+00:00
0,40,2024-07-02T23:30:00+00:00
0,41,2024-07-12T00:10:00+00:00
0,42,2024-07-13T10:00:00+00:00
0,43,2024-07-30T23:20:00+00:00
0,44,2024-07-03T15:50:00+00:00
0,45,2024-07-24T19:20:00+00:00
0,46,2024-07-23T17:20:00+00:00
0,47,2024-07-03T02:20:00+00:00
0,48,2024-07-12T10:40:00+00:00
0,49,2024-07-06T16:20:00+00:00
1,0,2024-07-24T11:20:00+00:00
1,1,2024-07-14T19:20:00+00:00
1,2,2024-07-25T04:20:00+00:00
1,3,2024-07-30T23:20:00+00:00
1,4,2024-07-09T13:50:00+00:00
1,5,2024-07-02T23:30:00+00:00
1,6,2024-07-17T19:30:00+00:00
1,7,2024-07-22T10:20:00+00:00
1,8,2024-07-21T01:20:00+00:00
1,9,2024-07-14T10:40:00+00:00
1,10,2024-07-14T21:20:00+00:00
1,11,2024-07-25T05:30:00+00:00
1,12,2024-07-24T19:20:00+00:00
1,13,2024-07-03T15:50:00+00:00
1,14,2024-07-28T17:00:00+00:00
1,15,2024-07-29T13:50:00+00:00
1,16,2024-07-14T20:30:00+00:00
1,17,2024-07-04T22:00:00+00:00
1,18,2024-07-06T16:20:00+00:00
1,19,2024-07-13T10:00:00+00:00
1,20,2024-07-14T06:50:00+00:00
1,21,2024-07-03T20:20:00+00:00
1,22,2024-07-07T05:30:00+00:00
1,23,2024-07-18T02:00:00+00:00
1,24,2024-07-16T09:40:00+00:00
1,25,2024-07-24T12:50:00+00:00
1,26,2024-07-23T17:20:00+00:00
1,27,2024-07-12T10:40:00+00:00
1,28,2024-07-20T20:40:00+00:00
1,29,2024-07-27T08:50:00+00:00
1,30,2024-07-27T13:10:00+00:00
1,31,2024-07-03T18:00:00+00:00
1,32,2024-07-06T04:20:00+00:00
1,33,2024-07-17T04:10:00+00:00
1,34,2024-07-03T21:20:00+00:00
1,35,2024-07-20T13:00:00+00:00
1,36,2024-07-23T02:30:00+00:00
1,37,2024-07-16T19:00:00+00:00
1,38,2024-07-28T10:30:00+00:00
1,39,2024-07-08T01:30:00+00:00
1,40,2024-07-22T01:00:00+00:00
1,41,2024-07-22T17:30:00+00:00
1,42,2024-07-03T02:20:00+00:00
1,43,2024-07-31T01:40:00+00:00
1,44,2024-07-14T16:30:00+00:00
1,45,2024-07-25T06:10:00+00:00
1,46,2024-07-26T15:50:00+00:00
1,47,2024-07-12T00:10:00+00:00
1,48,2024-07-26T10:10:00+00:00
1,49,2024-07-26T21:10:00+00:00
2,0,2024-07-23T02:30:00+00:00
2,1,2024-07-04T22:00:00+00:00
2,2,2024-07-06T04:20:00+00:00
2,3,2024-07-26T21:10:00+00:00
2,4,2024-07-27T08:50:00+00:00
2,5,2024-07-22T01:00:00+00:00
2,6,2024-07-28T17:00:00+00:00
2,7,2024-07-22T10:20:00+00:00
2,8,2024-07-06T16:20:00+00:00
2,9,2024-07-14T06:50:00+00:00
2,10,2024-07-23T17:20:00+00:00
2,11,2024-07-03T18:00:00+00:00
2,12,2024-07-26T10:10:00+00:00
2,13,2024-07-18T02:00:00+00:00
2,14,2024-07-22T17:30:00+00:00
2,15,2024-07-28T10:30:00+00:00
2,16,2024-07-03T20:20:00+00:00
2,17,2024-07-25T04:20:00+00:00
2,18,2024-07-25T06:10:00+00:00
2,19,2024-07-14T10:40:00+00:00
2,20,2024-07-25T05:30:00+00:00
2,21,2024-07-31T01:40:00+00:00
2,22,2024-07-03T15:50:00+00:00
2,23,2024-07-14T21:20:00+00:00
2,24,2024-07-27T13:10:00+00:00
2,25,2024-07-16T19:00:00+00:00
2,26,2024-07-09T13:50:00+00:00
2,27,2024-07-14T16:30:00+00:00
2,28,2024-07-24T19:20:00+00:00
2,29,2024-07-24T11:20:00+00:00
2,30,2024-07-17T19:30:00+00:00
2,31,2024-07-12T00:10:00+00:00
2,32,2024-07-13T10:00:00+00:00
2,33,2024-07-29T13:50:00+00:00
2,34,2024-07-20T13:00:00+00:00
2,35,2024-07-02T23:30:00+00:00
2,36,2024-07-08T01:30:00+00:00
2,37,2024-07-20T20:40:00+00:00
2,38,2024-07-14T19:20:00+00:00
2,39,2024-07-26T15:50:00+00:00
2,40,2024-07-03T02:20:00+00:00
2,41,2024-07-14T20:30:00+00:00
2,42,2024-07-12T10:40:00+00:00
2,43,2024-07-17T04:10:00+00:00
2,44,2024-07-21T01:20:00+00:00
2,45,2024-07-24T12:50:00+00:00
2,46,2024-07-03T21:20:00+00:00
2,47,2024-07-16T09:40:00+00:00
2,48,2024-07-30T23:20:00+00:00
2,49,2024-07-07T05:30:00+00:00
