source,source_sha256,product,date,native_calendar,bounds_calendar_used,native_time,bound_start,bound_end,duration_seconds,native_time_equals_bound_start,filename_start,header_start,header_stop,converted_path,converted_time_index,converted_coordinate_equal,attribution_status,formal_binding_frozen
F:\云南极端降水数据\tmp\imerg_granules\20210825\3B-HHR.MS.MRG.3IMERG.20210825-S173000-E175959.1050.V07B.HDF5,cb1c0a32f580f5cc5596f41c72c6c7084f8d4967ec3d060adcdf978e8ac56b40,Final,20210825,julian,julian,2021-08-25 17:30:00,2021-08-25 17:30:00,2021-08-25 18:00:00,1800,True,2021-08-25T17:30:00,2021-08-25T17:30:00.000Z,2021-08-25T17:59:59.999Z,F:\云南极端降水数据\raw\IMERG\2021\imerg_20210825.nc,35.0,True,TEMPORAL_CONSISTENCY_ONLY_NOT_GRANULE_TO_ARRAY_PROVENANCE,False
F:\云南极端降水数据\tmp\imerg_granules\20210825\3B-HHR.MS.MRG.3IMERG.20210825-S210000-E212959.1260.V07B.HDF5,b9a2d11249c323e6f1a6d84c5f29b007851af319e340faf7cdea8b3c8436cfee,Final,20210825,julian,julian,2021-08-25 21:00:00,2021-08-25 21:00:00,2021-08-25 21:30:00,1800,True,2021-08-25T21:00:00,2021-08-25T21:00:00.000Z,2021-08-25T21:29:59.999Z,F:\云南极端降水数据\raw\IMERG\2021\imerg_20210825.nc,42.0,True,TEMPORAL_CONSISTENCY_ONLY_NOT_GRANULE_TO_ARRAY_PROVENANCE,False
F:\云南极端降水数据\tmp\imerg_granules\20210825\3B-HHR.MS.MRG.3IMERG.20210825-S233000-E235959.1410.V07B.HDF5,073de7fe8dca089e5250f987c4701ec58cb9b2a3998bbe3ea63ff9e6a262c8ea,Final,20210825,julian,julian,2021-08-25 23:30:00,2021-08-25 23:30:00,2021-08-26 00:00:00,1800,True,2021-08-25T23:30:00,2021-08-25T23:30:00.000Z,2021-08-25T23:59:59.999Z,F:\云南极端降水数据\raw\IMERG\2021\imerg_20210825.nc,47.0,True,TEMPORAL_CONSISTENCY_ONLY_NOT_GRANULE_TO_ARRAY_PROVENANCE,False
F:\云南极端降水数据\tmp\imerg_granules\20240501\3B-HHR.MS.MRG.3IMERG.20240501-S000000-E002959.0000.V07B.HDF5,8f1659d2b030c020f78879313590f002111e95e0bea1468c12cd5d09eb0b06f1,Final,20240501,julian,julian,2024-05-01 00:00:00,2024-05-01 00:00:00,2024-05-01 00:30:00,1800,True,2024-05-01T00:00:00,2024-05-01T00:00:00.000Z,2024-05-01T00:29:59.999Z,F:\云南极端降水数据\raw\IMERG\2024\imerg_20240501.nc,0.0,True,TEMPORAL_CONSISTENCY_ONLY_NOT_GRANULE_TO_ARRAY_PROVENANCE,False
F:\云南极端降水数据\tmp\imerg_granules\20240501\3B-HHR.MS.MRG.3IMERG.20240501-S120000-E122959.0720.V07B.HDF5,1012e0abe964cfee1cdbab396edb43e55f2acb9ca3bc9f7a6da5c22de3cd3269,Final,20240501,julian,julian,2024-05-01 12:00:00,2024-05-01 12:00:00,2024-05-01 12:30:00,1800,True,2024-05-01T12:00:00,2024-05-01T12:00:00.000Z,2024-05-01T12:29:59.999Z,F:\云南极端降水数据\raw\IMERG\2024\imerg_20240501.nc,24.0,True,TEMPORAL_CONSISTENCY_ONLY_NOT_GRANULE_TO_ARRAY_PROVENANCE,False
F:\云南极端降水数据\tmp\imerg_granules\20240501\3B-HHR.MS.MRG.3IMERG.20240501-S233000-E235959.1410.V07B.HDF5,25e8e12b8c20b1bb1e15fe970de181259a1b84a5f682e8b8f97176e9f79ab470,Final,20240501,julian,julian,2024-05-01 23:30:00,2024-05-01 23:30:00,2024-05-02 00:00:00,1800,True,2024-05-01T23:30:00,2024-05-01T23:30:00.000Z,2024-05-01T23:59:59.999Z,F:\云南极端降水数据\raw\IMERG\2024\imerg_20240501.nc,47.0,True,TEMPORAL_CONSISTENCY_ONLY_NOT_GRANULE_TO_ARRAY_PROVENANCE,False
F:\云南极端降水数据\tmp\imerg_harmony\20240527\291239768_GPM_3IMERGHH.07_3B-HHR.MS.MRG.3IMERG.20240527-S000000-E002959.0000.V07B_subsetted.nc4,4ed186fc8e348d2cdbaa15c70a81dc17803eb6f69ae7e93e20c5944d4a07ac54,Final,20240527,julian,julian,2024-05-27 00:00:00,2024-05-27 00:00:00,2024-05-27 00:30:00,1800,True,2024-05-27T00:00:00,2024-05-27T00:00:00.000Z,2024-05-27T00:29:59.999Z,F:\云南极端降水数据\raw\IMERG\2024\imerg_20240527.nc,0.0,True,TEMPORAL_CONSISTENCY_ONLY_NOT_GRANULE_TO_ARRAY_PROVENANCE,False
F:\云南极端降水数据\tmp\imerg_harmony\20240527\291239797_GPM_3IMERGHH.07_3B-HHR.MS.MRG.3IMERG.20240527-S143000-E145959.0870.V07B_subsetted.nc4,84a6f2f93029888aeb8b7cc616966d24d2eb638957ac999b9c46aa8d71b66351,Final,20240527,julian,julian,2024-05-27 14:30:00,2024-05-27 14:30:00,2024-05-27 15:00:00,1800,True,2024-05-27T14:30:00,2024-05-27T14:30:00.000Z,2024-05-27T14:59:59.999Z,F:\云南极端降水数据\raw\IMERG\2024\imerg_20240527.nc,29.0,True,TEMPORAL_CONSISTENCY_ONLY_NOT_GRANULE_TO_ARRAY_PROVENANCE,False
F:\云南极端降水数据\tmp\imerg_harmony\20240527\291239814_GPM_3IMERGHH.07_3B-HHR.MS.MRG.3IMERG.20240527-S230000-E232959.1380.V07B_subsetted.nc4,e38e3f33ddad53cb5fce099cc462087a778963c303f9aa9f3750af589f58d9ed,Final,20240527,julian,julian,2024-05-27 23:00:00,2024-05-27 23:00:00,2024-05-27 23:30:00,1800,True,2024-05-27T23:00:00,2024-05-27T23:00:00.000Z,2024-05-27T23:29:59.999Z,F:\云南极端降水数据\raw\IMERG\2024\imerg_20240527.nc,46.0,True,TEMPORAL_CONSISTENCY_ONLY_NOT_GRANULE_TO_ARRAY_PROVENANCE,False
F:\云南极端降水数据\tmp\imerg_harmony\20251107\303596866_GPM_3IMERGHHL.07_3B-HHR-L.MS.MRG.3IMERG.20251107-S000000-E002959.0000.V07B_subsetted.nc4,62f6f41bbcea80984b0775abbdd9fcf7c209e802a6b84340669a37af119a5360,Late,20251107,julian,julian,2025-11-07 00:00:00,2025-11-07 00:00:00,2025-11-07 00:30:00,1800,True,2025-11-07T00:00:00,2025-11-07T00:00:00.000Z,2025-11-07T00:29:59.999Z,,,False,TEMPORAL_CONSISTENCY_ONLY_NOT_GRANULE_TO_ARRAY_PROVENANCE,False
F:\云南极端降水数据\tmp\imerg_harmony\20251107\303596889_GPM_3IMERGHHL.07_3B-HHR-L.MS.MRG.3IMERG.20251107-S113000-E115959.0690.V07B_subsetted.nc4,f967cfad3caa872b23ee0e85724f7553067e16b95aae561a7d13c36772ad94e7,Late,20251107,julian,julian,2025-11-07 11:30:00,2025-11-07 11:30:00,2025-11-07 12:00:00,1800,True,2025-11-07T11:30:00,2025-11-07T11:30:00.000Z,2025-11-07T11:59:59.999Z,,,False,TEMPORAL_CONSISTENCY_ONLY_NOT_GRANULE_TO_ARRAY_PROVENANCE,False
