sample_id,nominal_time,obs_start,obs_end,date_created,candidate_analysis_time,mapping_status,causality_pass
b0_smoke_20240701T000000Z,2024-07-01T00:20:00+00:00,2024-07-01T00:20:40.074697Z,2024-07-01T00:29:38.162509Z,2024-07-01T00:38:48Z,2024-07-01T00:30:00+00:00,ENGINEERING_SMOKE_TIME_MAPPING_ONLY,True
b0_smoke_20240701T003000Z,2024-07-01T00:50:00+00:00,2024-07-01T00:50:40.044366Z,2024-07-01T00:59:38.135990Z,2024-07-01T01:09:50Z,2024-07-01T01:00:00+00:00,ENGINEERING_SMOKE_TIME_MAPPING_ONLY,True
b0_smoke_20240701T010000Z,2024-07-01T01:20:00+00:00,2024-07-01T01:20:40.399361Z,2024-07-01T01:29:38.105990Z,2024-07-01T01:37:48Z,2024-07-01T01:30:00+00:00,ENGINEERING_SMOKE_TIME_MAPPING_ONLY,True
b0_smoke_20240701T013000Z,2024-07-01T01:50:00+00:00,2024-07-01T01:50:40.303070Z,2024-07-01T01:59:38.036915Z,2024-07-01T02:09:48Z,2024-07-01T02:00:00+00:00,ENGINEERING_SMOKE_TIME_MAPPING_ONLY,True
b0_smoke_20240701T020000Z,2024-07-01T02:20:00+00:00,2024-07-01T02:20:39.933313Z,2024-07-01T02:29:38.008373Z,2024-07-01T02:38:45Z,2024-07-01T02:30:00+00:00,ENGINEERING_SMOKE_TIME_MAPPING_ONLY,True
b0_smoke_20240701T023000Z,2024-07-01T02:50:00+00:00,2024-07-01T02:50:40.698567Z,2024-07-01T02:59:38.432385Z,2024-07-01T03:11:05Z,2024-07-01T03:00:00+00:00,ENGINEERING_SMOKE_TIME_MAPPING_ONLY,True
b0_smoke_20240701T030000Z,2024-07-01T03:20:00+00:00,2024-07-01T03:20:40.668073Z,2024-07-01T03:29:38.401910Z,2024-07-01T03:37:50Z,2024-07-01T03:30:00+00:00,ENGINEERING_SMOKE_TIME_MAPPING_ONLY,True
b0_smoke_20240701T033000Z,2024-07-01T03:50:00+00:00,2024-07-01T03:50:40.639472Z,2024-07-01T03:59:38.369539Z,2024-07-01T04:09:43Z,2024-07-01T04:00:00+00:00,ENGINEERING_SMOKE_TIME_MAPPING_ONLY,True
b0_smoke_20240701T040000Z,2024-07-01T04:20:00+00:00,2024-07-01T04:20:40.609405Z,2024-07-01T04:29:38.342843Z,2024-07-01T04:39:43Z,2024-07-01T04:30:00+00:00,ENGINEERING_SMOKE_TIME_MAPPING_ONLY,True
b0_smoke_20240701T043000Z,2024-07-01T04:50:00+00:00,2024-07-01T04:50:40.578892Z,2024-07-01T04:59:38.312708Z,2024-07-01T05:08:46Z,2024-07-01T05:00:00+00:00,ENGINEERING_SMOKE_TIME_MAPPING_ONLY,True
b0_smoke_20240701T050000Z,2024-07-01T05:20:00+00:00,2024-07-01T05:20:40.524278Z,2024-07-01T05:29:38.282177Z,2024-07-01T05:38:47Z,2024-07-01T05:30:00+00:00,ENGINEERING_SMOKE_TIME_MAPPING_ONLY,True
b0_smoke_20240701T053000Z,2024-07-01T05:50:00+00:00,2024-07-01T05:50:40.178482Z,2024-07-01T05:59:38.214835Z,2024-07-01T06:08:45Z,2024-07-01T06:00:00+00:00,ENGINEERING_SMOKE_TIME_MAPPING_ONLY,True
b0_smoke_20240701T060000Z,2024-07-01T06:20:00+00:00,2024-07-01T06:20:40.158944Z,2024-07-01T06:29:38.223322Z,2024-07-01T06:36:47Z,2024-07-01T06:30:00+00:00,ENGINEERING_SMOKE_TIME_MAPPING_ONLY,True
b0_smoke_20240701T063000Z,2024-07-01T06:50:00+00:00,2024-07-01T06:50:40.128368Z,2024-07-01T06:59:38.192759Z,2024-07-01T07:10:40Z,2024-07-01T07:00:00+00:00,ENGINEERING_SMOKE_TIME_MAPPING_ONLY,True
b0_smoke_20240701T070000Z,2024-07-01T07:20:00+00:00,2024-07-01T07:20:40.376291Z,2024-07-01T07:29:38.162211Z,2024-07-01T07:40:42Z,2024-07-01T07:30:00+00:00,ENGINEERING_SMOKE_TIME_MAPPING_ONLY,True
b0_smoke_20240701T073000Z,2024-07-01T07:50:00+00:00,2024-07-01T07:50:40.400144Z,2024-07-01T07:59:38.133560Z,2024-07-01T08:08:46Z,2024-07-01T08:00:00+00:00,ENGINEERING_SMOKE_TIME_MAPPING_ONLY,True
