path,sha256
src\build_master_index.py,9cbfb9dc5b8aa8d4809d7c1cd74908348840b96a93834ee07d768f993bc18750
src\build_sequence_index.py,49e7aa6e36782f478efcdd527d21fb9cb0d37eee9a74570d3eb361b629f0b7d3
src\common.py,add110071c63c1c56751f296c78d7732b12de50986834a5fb6b0d23744e8795b
src\config.py,e9b69c7d563c47ebd56f866193a63842251636558a8425faf94f2a66bb928b1f
src\dummy_loader_test.py,eb38f6a6f2a6d488cbb4466f25903ab42e700367679cfad3e5c4edf679a9fa07
src\grid_audit.py,2efe9432c9d126e6981ae940f6633600d89b37d9315b2fdcbd9ce7d20075cc23
src\preflight.py,d2bc81e6ecc27f549b4e85e71adefe11c1e88c0cf67d61b681ff2c7afd842c29
src\qc.py,7c5a4362c3ae85861d1e24d85c2f28b5fa71877cad50416bcabb6cd987aae8eb
src\read_himawari.py,ffa99e06e5ffc28ed8f6117deb0f4e55d641314243ffe813e93d066fb75d41ec
src\reports.py,372c8a5e5a5381f7750d8860917b190e502865f0bf58e2183e308bf6094ea95b
src\run_monthly.py,cc67d6305b7351edf7fe55031de3279f28965e113f469b45a62d42158fd0a683
src\run_stage0_dryrun.py,12f7e74193700edae86531e3bd79b5fbdf8e350ecf154b6fe4edac83d493b1b8
src\sample_audit.py,58af2e7160709f43af125d20b1ed6531b86df3c0329e92aaae60f09d584aa91d
src\scan_files.py,121ef2d1fa2d6d9a0eac9d219ab85b92bc2a977fafefd19668e22f6c2b51a560
src\storage_benchmark.py,bde2400d809915ab876c4a10d6ad4e2576e6d852e30438fce53cd1c7ebfa068f
tests\test_preflight.py,dc7b48805ec1a916a1fb215488aeaf01df9eb814b7f8d0d6999432f68076faed
tests\test_stage0.py,1cab69eb6ec2e7acee8925da0ae15bffffd680c224a5905cb0db04c047ddb67b
