relative_path,sha256,bytes,role,public_export
DECISIONS/01_formal_spatial_alignment.md,464a937f8b5f336651cb17b9d605c64b06285b48ae47c4ec1006c3ad6ddab7aa,2207,GENERATED_EVIDENCE,REVIEW_BEFORE_EXPORT
DECISIONS/02_quantile_tau_grid.md,f695b803ef287ebc4b9128621c7e2c2b45429e582901246931ae165fd4e88962,1082,GENERATED_EVIDENCE,REVIEW_BEFORE_EXPORT
FINAL_B0_SPATIAL_PROBABILITY_CONTRACT_REPORT.md,c1af27a7a788db142d4edf2a5faf00569912babc49d4fb962d81e13e48e24ce1,5448,GENERATED_EVIDENCE,REVIEW_BEFORE_EXPORT
logs/final_status.json,c916a69d27267fc79573a8a3842523c2bb990d122c58e811fe458cea10dee41f,463,GENERATED_EVIDENCE,REVIEW_BEFORE_EXPORT
logs/source_hashes.json,05c82df81f2f6c11c3592f31ecfa0850285a2dd1d65ac77113de7b7f4a9f4005,1523,GENERATED_EVIDENCE,REVIEW_BEFORE_EXPORT
logs/tests.txt,dd4b929aa1490ac983373191e2d9987bc9773a85b81563aeee9cc891eebeb6aa,4062,GENERATED_EVIDENCE,REVIEW_BEFORE_EXPORT
MODEL/b0_b3_backbone_shape_options.md,49d545c0fa623ca92dfd28c93160e424ec6f8f02b996e34c5fbd88328052571e,1660,GENERATED_EVIDENCE,REVIEW_BEFORE_EXPORT
MODEL/b0_b3_fairness_contract.md,c2bdb0ded2944474dd262f493e6bf54144486e63dbca1d929c2ad535af8d2b04,995,GENERATED_EVIDENCE,REVIEW_BEFORE_EXPORT
PROBABILITY/deterministic_summary_options.md,f77b0844744dd6e15df0ecf0d18a428e311b52f70e83c0aa4c325197d113deb3,913,GENERATED_EVIDENCE,REVIEW_BEFORE_EXPORT
PROBABILITY/exceedance_probability_contract.md,b8d758438ad10a3d337995c3be0e2a213f6350a9efe952ccbc4a4b66d06b811b,1295,GENERATED_EVIDENCE,REVIEW_BEFORE_EXPORT
PROBABILITY/extreme_loss_options.md,712deb1f243a63c064dc2fc79d46da7ab6a8501e9585041cd5c078fb214a4ac8,940,GENERATED_EVIDENCE,REVIEW_BEFORE_EXPORT
PROBABILITY/focal_loss_contract.md,a2cdf35caebb9cbf4bf469d0a1599775a0dcce276826bb4b9117417111d8a289,756,GENERATED_EVIDENCE,REVIEW_BEFORE_EXPORT
PROBABILITY/local_probability_design_evidence.md,54651c7a4c5ef323651a0c4b472388f948e1a262d0fa3f983ba1646ff4b958a7,1959,GENERATED_EVIDENCE,REVIEW_BEFORE_EXPORT
PROBABILITY/noncrossing_loss_contract.md,498843a6e8109d4aa25b73f2f85c412eab384073a9cf709f699e3734af02c761,556,GENERATED_EVIDENCE,REVIEW_BEFORE_EXPORT
PROBABILITY/output_tensor_contract.md,6938ea1293860c69fc1421538b331c91dd1edffcbc62ba92aec3854c77bb7952,1376,GENERATED_EVIDENCE,REVIEW_BEFORE_EXPORT
PROBABILITY/pinball_loss_contract.md,219d236f6fc397f57cb74a753244000b5e8a1d86c5f6c201352d1596c0a3dadc,1052,GENERATED_EVIDENCE,REVIEW_BEFORE_EXPORT
PROBABILITY/quantile_crossing_options.md,d360d52371594a7bd403b7a2b35ace9141b7ffa2140d3e7817f0abc6309c0bf0,1264,GENERATED_EVIDENCE,REVIEW_BEFORE_EXPORT
PROBABILITY/quantile_tau_candidates.csv,f7d7d21137ea4327565a89497e4f84b065bf81ae989fbd604e6f7170954a4d0d,9557,GENERATED_EVIDENCE,REVIEW_BEFORE_EXPORT
PROBABILITY/rain_conditioning_semantics.md,e042ce85efb64a21ddca4d735e17e8027c476106d2ce059fe1ffe5692fbccf60,1214,GENERATED_EVIDENCE,REVIEW_BEFORE_EXPORT
README.md,87e85fed94958c4f0a75eef97c89db7537443f360fef6e558fa611829f4a38de,900,GENERATED_EVIDENCE,REVIEW_BEFORE_EXPORT
RESEARCHER_DECISIONS_REQUIRED.md,d8a31b846eb2f1df78e3883bf7230b00f413d8143ad083a7e6d581a88c38ea19,1555,GENERATED_EVIDENCE,REVIEW_BEFORE_EXPORT
SPATIAL/geometry_summary.json,b57552661abaaf50688172cc4a757aa86506e2f03b9f3302430ccba5f5828e74,2919,GENERATED_EVIDENCE,REVIEW_BEFORE_EXPORT
SPATIAL/index_mapping_visual_check.csv,b0980db37b3b6460d119eda3a9d32b36a2f60aaf2150712ca8444846520915ad,3489,GENERATED_EVIDENCE,REVIEW_BEFORE_EXPORT
SPATIAL/native_target_exact_geometry.md,af4d62f7896bddee6ffd79049beb7f8d078eb56e568eaa296b2f1c8ca4edb7f7,3283,GENERATED_EVIDENCE,REVIEW_BEFORE_EXPORT
SPATIAL/sp04_coordinate_arrays.npz,929db08178a0679ada7b81a02a393159d0955987c71ba5ad984ecc087ebc22f3,6109,GENERATED_EVIDENCE,EXCLUDE
SPATIAL/sp04_coordinate_contract.json,11407f06a13971317688428d0e39dfa917ca68ed300a305048b7e1853b5329de,4024,GENERATED_EVIDENCE,REVIEW_BEFORE_EXPORT
SPATIAL/sp04_coordinate_hashes.json,6baee1b216f2e8b1344d924079c251cb1731cd90c2be47002d01e72ba66858e4,670,GENERATED_EVIDENCE,REVIEW_BEFORE_EXPORT
SPATIAL/spatial_alignment_candidates.csv,a9acbc3dd5841759125a131df5417c202c265c566824cf027a2a74aaf7393f1b,2486,GENERATED_EVIDENCE,REVIEW_BEFORE_EXPORT
SPATIAL/target_cell_native_mapping.csv,9670e9e9cfe253e61dd3515c61faf6f66e05542edc7469aa310fe6715d2870c8,2963377,GENERATED_EVIDENCE,REVIEW_BEFORE_EXPORT
src/build_contract.py,01e1c9db6489a1ae7b708cae9eaea6fdae5a72f944358eb59c270e1ba5c12ce3,45304,GENERATED_EVIDENCE,REVIEW_BEFORE_EXPORT
src/contract_math.py,7a23334e519945d86109ab86a9e7aa63c388262e9cc508552e1a3d1340ac8b1a,1690,GENERATED_EVIDENCE,REVIEW_BEFORE_EXPORT
src/finalize_contract.py,89e3deaa4ca48e66ba45f8377187cce9945a8dc45be08bd07f057b87cee99159,4615,GENERATED_EVIDENCE,REVIEW_BEFORE_EXPORT
tests/test_contract.py,4c88d34e6c0b02a2f893f0cc25329e256d534c2942ddc9703436a714d8522e80,10738,GENERATED_EVIDENCE,REVIEW_BEFORE_EXPORT
