relative_path,bytes,sha256
audit_final_status.json,2750,3cc464cd0775e072a33b2902afb45b223204078a17ccc0c5f834b635134a4901
docs\DECISION_LOG_STAGE0_PROVENANCE_UPDATE.md,1192,5c053494876ff023ab3c6a6db9966dfba546bcd7fdd805ef9b58c5f6e9e0d1bb
EXTERNAL_EVIDENCE_REQUIRED.md,1992,de325afc5b332e95606740f213dde5c2a5f38dd5a87202a7c38685f27fa8c851
FINAL_GFS_PROVENANCE_VINTAGE_REPORT.md,11694,9fd9b3e65f314b502e2b38282f5c5374ea12672df0e7a138a9e0f35c65856609
logs\artifact_integrity_after.csv,31994,ab62e0b65ee0a8d2c1cd916f275cc230a4cf27920db26519f9b12f46bd4bf273
logs\artifact_integrity_after.parquet,21851,db0a53a9ce387b5e71cb72d8073294f59e3bdd3490519c8e7d3e367524e6aaf0
logs\audit_completion.log,128,1b584442d34cb0733fd0de5aa283ca073eb9dfe77321e80c4fb8cee51431d522
logs\audit_run.log,105,79531ea5a07db4c09ea506408e11b4ad10f6f83068edee16f62a11ee27f7b363
logs\configuration.json,589,42a891bd9000a0736ce02d7b97324665a1ce23efb2803bc5aef482cbc03d742a
logs\environment_after.json,1705,5d8fbc4dc5c8619932ceb18019cd510ebf9671c816e785346c879c2b8dc270a7
logs\environment_before.json,1398,1db6626452c81d634a354380b569afe5ed39e33b554072b1f77bae4038ca15cc
logs\evidence_extraction_summary.json,945,f8a1e028ef8b7b35faf814449a51106e1daa083103a4e351eb42354c9eb5e764
logs\external_lookup_scope.json,275,e9bb239fb39b4fc0dff6d69027811208d6c9723bf63029928c539b3c7eb1b6d6
logs\final_completeness_check.json,1003,3e61b88ce2aea56409583333aefff5be3cffa1d591c50aaa1c6249716c8d9d25
logs\integrity_verification.json,832,49fcccecbda14784be6fcb4d8b3b8ce635842df34fc4df51b477893abb6798d4
logs\manifest_parse_errors.csv,20,3e958c08a0655729cb8d17f51faa47c3899d81a630ab8961f9e2960ae8b8f5e1
logs\manifest_parse_errors.parquet,1792,9a8e419a7c2e844e010add9176ca29c72ed5efdf3a341fd3748455d1e8b9d4b0
logs\parquet_validation.csv,4155,c40290413ba4f1c195e5d980ad43b85c82656f581498f57bbeaab763e2eb01a5
logs\parquet_validation.parquet,5985,ca1b86aacd2eb2fc6c3e61ba78997688524ed8f4f3e179b89588627fdd3f1291
logs\referenced_script_lookup.json,465,8a0b95192ca31f564fbba812058a964c6766cac6f3add2bd2e6251da5e8bd303
logs\reused_baseline_hashes_after.json,4337,91d0c64fa4149c703c2d440f9ca66e319b915ddc32ad1be4fbd9a3abe2b12323
logs\reused_baseline_hashes_before.json,3318,cd29c61842c5ce00613954b9d2c07563885c8610dc0f42b0d7dd58c97a873dad
logs\search_scope.json,1651,5475a73ed3f2f9205b2a5f3df86de963ca245bb1cf18eda0ccff068c8020a358
logs\selected_cases.json,6383,c6b646771fc39fa4364f9b204175d4b52730bc3d21585ef7c5247c9f2af724b0
logs\selected_raw_manifest_after.csv,8685,680f9297f592f23d9a75b5df53affbb754e7946171d65047a1fb67c77f869352
logs\selected_raw_manifest_after.parquet,10207,1f6f33352180c2333cc438e23907589bced0b9f957fe4b79cea7721534097cdc
logs\selected_raw_manifest_before.csv,8038,9e527e87c11681dad978db99e321c54b3bacad9299b40d5a3c9c9a407f0ef9b5
logs\selected_raw_manifest_before.parquet,8545,4b378bfa2fbcffe6ba4ce954a9ad8bb05067dc73b00099a72499fab0927c6353
logs\staging_io.jsonl,22377,ccff346d31078c70f3be8fd9af0dd3168bb71e40b8c6cb6b02f2757790de7242
logs\staging_summary.json,364,da5e92283bdcbabb733a2ab4be67b1b95af29eaabcfe0e4c7c818c8f9c8e3567
logs\targeted_search_extension.json,398,52bf0323167973cae21b6f2fc6b2cd04c518fdcff7a21c4631b9da6fab9d26d1
logs\task_completion_matrix.json,2395,619934284595fa8d38f62341b9fb8a7579e10014b866f0585c0362c293da553d
PROVENANCE\case_acquisition_links.csv,16508,782e172cdc0d418b4f257971485dcf14e9ead34d739c1d348d800ea046193664
PROVENANCE\case_acquisition_links.parquet,8240,a5b7ffdddd9228335acf950e93ed297670c4a0d70b3de1a89591fcb4c261c5c0
PROVENANCE\forecast_case_trace.csv,84305,493a38df12af753db42751a643238dc97bb8a601cace18271adee67fe4033e4b
PROVENANCE\forecast_case_trace.parquet,35291,13cb07abc643dc5d95c8dc2d426688ef88458aa3b174909c55ef34faa73795bd
PROVENANCE\legacy_vintage_index_comparison.csv,4569975,7f0ca6b49c2ca1b36c288672e063f4a3ebc5f689fb1844684c7f2d0e64c0ebe8
PROVENANCE\legacy_vintage_index_comparison.parquet,491337,b5814b9bac359913382fe45785ecf34d0c9f4d9b3d75dec59c5fa6814be06abf
PROVENANCE\local_artifact_excerpts.csv,278404,768a6d3bd7999f9fbd01ccc90784aba16c64904956fa405e7b41e20f4e64e963
PROVENANCE\local_artifact_excerpts.parquet,16161,3e57072ae02a2b5ca1eabde9b2e3e9b3c24477b29a961355dbd75decf09c37f5
PROVENANCE\local_artifact_inventory.csv,56264,cc9b5a06385e2c888a14d68a547d5d9f110865c3d33f0a9fd187ec2b3ec59f3b
PROVENANCE\local_artifact_inventory.parquet,33302,85283e3b6f1dd50ec5e35bb9612efd0fca95e17ff2781f509fd3fe3bbcc1811a
PROVENANCE\local_artifact_summary.md,1600,4d9501233fd7a523741d601f6a9ace9e5d1b13ab0363d0a890e0240ed6e8aca4
PROVENANCE\main_pipeline_reconstruction.md,2558,e8ec37537d303075cc380ed24cf001f98c52bdb8dabdb6c3894056505908972a
PROVENANCE\main_source_field_coverage.json,4464,7b1dde9498a7630eabe8c20fd0b2d0e11fca065d2d2ba66b41628db41f30c30a
PROVENANCE\main_source_fields_interpretation.csv,63961,250382cad370349253b855a1731feb237904de74da77b50604387ac8baa1fa2b
PROVENANCE\main_source_fields_interpretation.parquet,9525,9080cdcc8d11944b4a78c79cd210b8170227cfff6d2d5d5effdc9ef5738a0639
PROVENANCE\official_documentation_evidence.csv,1176,bdb9fbc5546d82a19697717d64121c37f37d705dae3f1c03769da7ceef42371d
PROVENANCE\official_documentation_evidence.parquet,5892,74a9670f9d735dfb0f1e94653e92ad6be0c87aef0a9f670e0e606a2d3e1f4483
PROVENANCE\original_filename_token_comparison.csv,3690978,c1c5f28738d719af69fb426f3130c73127bb771806245223692885222a5a0029
PROVENANCE\original_filename_token_comparison.parquet,294994,ecf3f959ddc7560c880688ac503f1eb28625eb0e77e640c52702a35059116c31
PROVENANCE\provenance_chain.csv,3897,3d9073a6f64422bf659db5b095e8f9f525b8a5f0cf5da7080eb0abd6c14cfa63
PROVENANCE\provenance_chain.parquet,6152,257e471b74e518a6412ca556edec26a560fe8c764312326503867be92a1e3bb9
PROVENANCE\PROVENANCE_CHAIN_REPORT.md,1288,b475a065f411ac6cbbd3d7395230b767f9ceaef8fa3b3f0d37d245511a512f62
PROVENANCE\selected_case_raw_metadata.json,343756,2c307114b968cb3b3076120280c55be1e681f53fb45de121ec8a1a05b8054484
PROVENANCE\thermo_pipeline_reconstruction.md,2174,48236456ecc6f6469b41399b1348a4d40aba23647212e419c6334bd1d283dac4
PROVENANCE\tool_or_script_log_references.csv,316,9948b86c288594e83de33e1b053c47286c832260664973400dd6f9bee5c51cf3
PROVENANCE\tool_or_script_log_references.parquet,2791,3419b53889cffb05bb75e50606b636836f23b4b2a1b7e8864b729a86abe28e60
README.md,1677,3e0513f04386656b8ec3f2a8f726126bda546451fb983f9eaa3806a0cd750e24
RESEARCHER_DECISIONS_REQUIRED.md,1020,2c025afd1119f913b301dc6286a01d3af671f59af16bc84e71e320dcb6112d67
src\common.py,6192,e65d2bea44d018e00312f71cba478bff84d142086028c6cde58244f56d274de3
src\compat_rules.py,4046,93c304c933225727928c13605e00e61711ee943fc5e5f5a982edf234de7102ac
src\config.py,725,d5757cb3c7d3ece1940fce8800a4d6616c06686ef555ac0a0500b55a2e9b4e95
src\discover_artifacts.py,4467,ccc6188670a37ee0ed30a917dc676c74092b1e4bcd4b1aa10dc3c8319618d883
src\extract_evidence.py,11661,6ba76c4ccf4162a508af299cb86c2ce092e2040e8dade7b37b08fe39edd485ad
src\finalize.py,20000,7bf9323707f9d785afe959b9121e22f37c25d7dc3f4a906cc16a09f16b23e0ce
src\provenance_rules.py,1825,aa8cbdd20b596e37e472d7da0019df34aa9359994661c928c1c28d84e4583153
src\resolve_evidence.py,26135,0bc76008865187195411775de7abb4280d076fedfaf7815b0ca837f35cb19e59
src\rules.py,4163,2cae4d81a567314670d6db1e8e9992efa644e3aa1d62f17f287e4ceb8466fbd4
src\time_audit.py,5189,0d57bbdda38f2ec5eba28b49ca988d7e6e5e12ca4c4f7003a3d152cead4a1947
src\trace_cases.py,2794,8018893df96ce29a25af4fd2747cf9047293610ca79b8e5a8c0086965cbfef26
src\verify_integrity.py,5052,5375fda9397feb20e630fff1556edeaea9da2ffa367eca27dda030473d6b6ee1
tests\conftest.py,103,068e3c35b8e4b58da7dc1ea27eeeffc1190432fb5ec094e9b4d2377ee0b27c00
tests\pytest_final.xml,4790,6e94c080144b41527ffa331439b85ca17ef0c8b61992473cdbd9919af8aca0ee
tests\pytest_final_output.txt,101,0d6dca3a86b933890ba11421f61a1fd19ed26e6652bf3408437e12c8c12e5feb
tests\test_provenance.py,7098,4c0207d7d67579bc55e194047b762d11f694cdb18ae2171cc796c0e73c3bee84
TIME_AVAILABILITY\download_log_events.csv,119761,9730e3317d1fc0d94bdd2fb81994dd4380a67b423bfc4e7003a57f8b5af4529f
TIME_AVAILABILITY\download_log_events.parquet,17732,26b10eaa09d776e7a7ebd24fca66f819f301f66a74cf46b2a5e40750f796f325
TIME_AVAILABILITY\download_log_summary.csv,11634,663558b4f98de6d49a621e9566fad3f9ebdfd2152ef8c14e95de1e4c9f0442f8
TIME_AVAILABILITY\download_log_summary.parquet,6054,095028503863703c8e5a178b980ac3a4ad7836a01ee4e63e42c0f5865de02a6f
TIME_AVAILABILITY\download_manifest_case_events.csv,70070,3ebbb6112eb1d641f4d5cb8bfeccfb58f31bbbfe5f65fbb06e7b9896112cba89
TIME_AVAILABILITY\download_manifest_case_events.parquet,23146,cc141e067de0847a4be2b3402f13b3b8f0d533ca53e9847cda7153af580721a1
TIME_AVAILABILITY\download_manifest_summary.csv,2645,ffc612dfe33f708a67541fca52409e4d294be1b9dc40e892848bbe2460596b93
TIME_AVAILABILITY\download_manifest_summary.parquet,6290,163aedc3e40ec93c69262365b790b5de521a488013eb4611d3395b1760b5c796
TIME_AVAILABILITY\saved_http_header_evidence.csv,26,895327598d024535992c230fe4637c42aaf8484fb766e6bb49091a840ac83f1b
TIME_AVAILABILITY\saved_http_header_evidence.parquet,2174,82d96e69fc8572a7d6be15ae20b700ac09b763ea3d13ccf5a24aba85a36cdea9
TIME_AVAILABILITY\time_evidence_inventory.csv,48579,338e042e4f9ce8425dd3c8996681a1515ae5960c044533844b3862ffed00b08a
TIME_AVAILABILITY\time_evidence_inventory.parquet,9710,ec085cb426a585031347d51de4d367763477465301d999e1b97c8fabb55ad346
TIME_AVAILABILITY\vintage_candidates.json,280,2ea20a6656c9739983a6c6da8ac66ae80d3c47557b8a6608f0b2a46c60b85c2f
TIME_AVAILABILITY\VINTAGE_RULE_CANDIDATES.md,2233,479479f37857d34a62197eeddb9e2b16d6c3842c71ab8e3f6bf3ab41a5fa9556
TIME_LINEAGE\conversion_history_origin.md,1605,7b36bd1715a77fb4d94e64c25d25207926473e6c0e2cab6f9ed1d8579758e9cf
TIME_LINEAGE\history_token_scope_reconciliation.csv,6272030,05c89c61bfba8a77dbdf8a3fe711f21357060256f73aba73c70685aa174bff68
TIME_LINEAGE\history_token_scope_reconciliation.parquet,341623,068fbcbd68a87c7a882cfb637e9c17cfd52243db6bbda4555b405fd87f5f2215
TIME_LINEAGE\history_token_summary.json,567,1c66a7d57e3876842aa32dff155fc1ff7af27fa73b8e1dec2de42ae68cb36c8d
TIME_LINEAGE\template_log_evidence.csv,7352,03407243ac8555a381fa5203ffd36caf9e37931ac021b339a95a3ec537fca7ac
TIME_LINEAGE\template_log_evidence.parquet,6023,5e2d710d78454cb341e52b8e352fd21cbbb447699c38e82006d7f80a6e1975e5
