relative_path,source,size_bytes,sha256,reason
evidence/outputs/stage0_spatial_decision_update/run_20260928T102636_513428Z/COMPARISON/yunnan_imerg_mask_intersection_candidate.nc,F:\pytorch\Research\outputs\stage0_spatial_decision_update\run_20260928T102636_513428Z\COMPARISON\yunnan_imerg_mask_intersection_candidate.nc,19806,1c9dd497a2855bd4d55f4988d3e8861ce25a9c5731b43223a61021ecfc69d6a5,SCIENTIFIC_ARRAY_OR_GEOMETRY_PAYLOAD_NOT_IN_PUBLIC_REPOSITORY
evidence/outputs/stage0_spatial_decision_update/run_20260928T102636_513428Z/FROZEN/BOUNDARY/yunnan_gadm41_level1_boundary.geojson,F:\pytorch\Research\outputs\stage0_spatial_decision_update\run_20260928T102636_513428Z\FROZEN\BOUNDARY\yunnan_gadm41_level1_boundary.geojson,382905,263216aac09e7c4548396b5ff91c43a37962b4847db8ad3f9784aac74f60675f,SCIENTIFIC_ARRAY_OR_GEOMETRY_PAYLOAD_NOT_IN_PUBLIC_REPOSITORY
evidence/outputs/stage0_spatial_decision_update/run_20260928T102636_513428Z/FROZEN/MASK/imerg_actual_coordinates.npz,F:\pytorch\Research\outputs\stage0_spatial_decision_update\run_20260928T102636_513428Z\FROZEN\MASK\imerg_actual_coordinates.npz,1578,4bf6ce3f9722c318c5db93bb4967660e82a53c498c90f3c6bacbf95c72ed912a,SCIENTIFIC_ARRAY_OR_GEOMETRY_PAYLOAD_NOT_IN_PUBLIC_REPOSITORY
evidence/outputs/stage0_spatial_decision_update/run_20260928T102636_513428Z/FROZEN/MASK/yunnan_evaluation_mask_center_gadm41_imerg_v1.nc,F:\pytorch\Research\outputs\stage0_spatial_decision_update\run_20260928T102636_513428Z\FROZEN\MASK\yunnan_evaluation_mask_center_gadm41_imerg_v1.nc,20916,9d921def661fc3e58cd1ed783fcf87abbf493da6ae5e5fea79c28043f73495ef,SCIENTIFIC_ARRAY_OR_GEOMETRY_PAYLOAD_NOT_IN_PUBLIC_REPOSITORY
evidence/outputs/stage0_spatial_decision_update/run_20260928T102636_513428Z/PROVENANCE/adopted_center_candidate.nc,F:\pytorch\Research\outputs\stage0_spatial_decision_update\run_20260928T102636_513428Z\PROVENANCE\adopted_center_candidate.nc,19781,48697c58367adf497e502c139549e6e6622026dceea8de3eaaef876723a34d78,SCIENTIFIC_ARRAY_OR_GEOMETRY_PAYLOAD_NOT_IN_PUBLIC_REPOSITORY
evidence/outputs/stage0_spatial_decision_update/run_20260928T102636_513428Z/PROVENANCE/gadm41_CHN_1.original_member.json,F:\pytorch\Research\outputs\stage0_spatial_decision_update\run_20260928T102636_513428Z\PROVENANCE\gadm41_CHN_1.original_member.json,2408414,0cc2dacb44375c1e36cf32145303b1f403e838658fb44de944af94df910deacc,GADM_ORIGINAL_DATA_NO_REDISTRIBUTION_PERMISSION
evidence/outputs/stage0_spatial_static_closeout/run_20260928T095818_821492Z/DEM/AWS_Skadi_footprint_and_gaps.geojson,F:\pytorch\Research\outputs\stage0_spatial_static_closeout\run_20260928T095818_821492Z\DEM\AWS_Skadi_footprint_and_gaps.geojson,2607,7827bb8aa679fbd41842069dc0e7915af816c9c1d3a44860203ec43ac834525f,SCIENTIFIC_ARRAY_OR_GEOMETRY_PAYLOAD_NOT_IN_PUBLIC_REPOSITORY
evidence/outputs/stage0_spatial_static_closeout/run_20260928T095818_821492Z/DEM/SRTM_footprint_and_gaps.geojson,F:\pytorch\Research\outputs\stage0_spatial_static_closeout\run_20260928T095818_821492Z\DEM\SRTM_footprint_and_gaps.geojson,13581,5deb59b8a7a80e743c0739a6baa784fa2ba2ee1faa7d4168629c360ed4c792fa,SCIENTIFIC_ARRAY_OR_GEOMETRY_PAYLOAD_NOT_IN_PUBLIC_REPOSITORY
evidence/outputs/stage0_spatial_static_closeout/run_20260928T095818_821492Z/DEM/terrain_smoke_arrays.npz,F:\pytorch\Research\outputs\stage0_spatial_static_closeout\run_20260928T095818_821492Z\DEM\terrain_smoke_arrays.npz,81142,e78347cd299c65bdd2dff04919538c3fb7c3cb24272df49c3bdea53758977173,SCIENTIFIC_ARRAY_OR_GEOMETRY_PAYLOAD_NOT_IN_PUBLIC_REPOSITORY
evidence/outputs/stage0_spatial_static_closeout/run_20260928T095818_821492Z/MASK/boundary_difference_cells.csv,F:\pytorch\Research\outputs\stage0_spatial_static_closeout\run_20260928T095818_821492Z\MASK\boundary_difference_cells.csv,16284,36139906a379366936c15e2c1389cf5e5d9567e59c13980665565fde9529143e,GADM_DERIVED_MASK_CELL_DATA_NO_REDISTRIBUTION_PERMISSION
evidence/outputs/stage0_spatial_static_closeout/run_20260928T095818_821492Z/MASK/boundary_difference_cells.parquet,F:\pytorch\Research\outputs\stage0_spatial_static_closeout\run_20260928T095818_821492Z\MASK\boundary_difference_cells.parquet,6498,d0b3a567867e740867040c8d87521caf67c28c556eba7454737e9d0d07974700,GADM_DERIVED_MASK_CELL_DATA_NO_REDISTRIBUTION_PERMISSION
evidence/outputs/stage0_spatial_static_closeout/run_20260928T095818_821492Z/MASK/engineering_polygon_candidate.geojson,F:\pytorch\Research\outputs\stage0_spatial_static_closeout\run_20260928T095818_821492Z\MASK\engineering_polygon_candidate.geojson,347332,6b2526daafa6f793d7f64614cdb59be60061fc95930a4bd470806f766d025ff3,SCIENTIFIC_ARRAY_OR_GEOMETRY_PAYLOAD_NOT_IN_PUBLIC_REPOSITORY
evidence/outputs/stage0_spatial_static_closeout/run_20260928T095818_821492Z/MASK/imerg_actual_coordinates.npz,F:\pytorch\Research\outputs\stage0_spatial_static_closeout\run_20260928T095818_821492Z\MASK\imerg_actual_coordinates.npz,1578,4bf6ce3f9722c318c5db93bb4967660e82a53c498c90f3c6bacbf95c72ed912a,SCIENTIFIC_ARRAY_OR_GEOMETRY_PAYLOAD_NOT_IN_PUBLIC_REPOSITORY
evidence/outputs/stage0_spatial_static_closeout/run_20260928T095818_821492Z/MASK/yunnan_imerg_mask_center_candidate.nc,F:\pytorch\Research\outputs\stage0_spatial_static_closeout\run_20260928T095818_821492Z\MASK\yunnan_imerg_mask_center_candidate.nc,19781,48697c58367adf497e502c139549e6e6622026dceea8de3eaaef876723a34d78,SCIENTIFIC_ARRAY_OR_GEOMETRY_PAYLOAD_NOT_IN_PUBLIC_REPOSITORY
evidence/outputs/stage0_spatial_static_closeout/run_20260928T095818_821492Z/MASK/yunnan_imerg_mask_intersection_candidate.nc,F:\pytorch\Research\outputs\stage0_spatial_static_closeout\run_20260928T095818_821492Z\MASK\yunnan_imerg_mask_intersection_candidate.nc,19806,1c9dd497a2855bd4d55f4988d3e8861ce25a9c5731b43223a61021ecfc69d6a5,SCIENTIFIC_ARRAY_OR_GEOMETRY_PAYLOAD_NOT_IN_PUBLIC_REPOSITORY
evidence/outputs/stage1_b0_engineering_smoke/run_20260928T121619_125413Z/B0_SMOKE/inference_outputs.npz,F:\pytorch\Research\outputs\stage1_b0_engineering_smoke\run_20260928T121619_125413Z\B0_SMOKE\inference_outputs.npz,17094,edf772778119327d887df6ddff88ae15772fe0d468aa120a6354f2bb1453de77,SCIENTIFIC_ARRAY_OR_GEOMETRY_PAYLOAD_NOT_IN_PUBLIC_REPOSITORY
evidence/outputs/stage1_b0_engineering_smoke/run_20260928T121619_125413Z/B0_SMOKE/real_smoke_tensors.npz,F:\pytorch\Research\outputs\stage1_b0_engineering_smoke\run_20260928T121619_125413Z\B0_SMOKE\real_smoke_tensors.npz,55990,9c4e51b815d25b5e4e073f2dc9c4978a6eba17b3eabbcfc4fd3879c7df7989dc,SCIENTIFIC_ARRAY_OR_GEOMETRY_PAYLOAD_NOT_IN_PUBLIC_REPOSITORY
evidence/outputs/stage1_b0_formal_readiness_resolution/run_20260928T124313_169375Z/SPATIAL/himawari_actual_coordinates.npz,F:\pytorch\Research\outputs\stage1_b0_formal_readiness_resolution\run_20260928T124313_169375Z\SPATIAL\himawari_actual_coordinates.npz,4528,9fc06c2f0f9bbfe46acb5a5a0878d839bf29b14a73e4830b82971f19a16a9df9,SCIENTIFIC_ARRAY_OR_GEOMETRY_PAYLOAD_NOT_IN_PUBLIC_REPOSITORY
evidence/himawari_stage0_outputs/202407/resume_20260927T104625_772423Z/audit/storage_api_smoke.nc,F:\pytorch\Research\stage0_himawari\outputs\202407\resume_20260927T104625_772423Z\audit\storage_api_smoke.nc,16488,a9962bb936244065a565e9ef22c4aa20a26ba2e79cbcc53ee9645d593d0af19d,SCIENTIFIC_ARRAY_OR_GEOMETRY_PAYLOAD_NOT_IN_PUBLIC_REPOSITORY
