model,tau,N_rain,coverage,coverage_error,coverage_ci_lower,coverage_ci_upper,conditional_pinball
B0_MATCHED_V2,0.015625,4496600,0.023710136547613753,0.008085136547613753,0.019481760377243206,0.028462815936856407,0.009170212437968405
B0_MATCHED_V2,0.046875,4496600,0.07164324156028999,0.02476824156028999,0.060039570888934184,0.08496292494803763,0.026797360374101298
B0_MATCHED_V2,0.078125,4496600,0.10056620557754747,0.022441205577547474,0.08703272025665611,0.11577047612055331,0.04331887825415944
B0_MATCHED_V2,0.109375,4496600,0.12984744028821776,0.020472440288217764,0.1135993499674575,0.14739383328927413,0.058949029278262774
B0_MATCHED_V2,0.140625,4496600,0.15817373126362141,0.017548731263621414,0.14123508807944712,0.17611615620021395,0.07370680337520139
B0_MATCHED_V2,0.171875,4496600,0.20527287283725482,0.033397872837254816,0.1863119468322196,0.2249437994555564,0.08788457416916355
B0_MATCHED_V2,0.203125,4496600,0.22228483743272695,0.01915983743272695,0.2031542196886253,0.2415992647731633,0.10071147192309439
B0_MATCHED_V2,0.234375,4496600,0.25437174754258773,0.019996747542587734,0.23512347899510558,0.2733373257295538,0.11287098295067408
B0_MATCHED_V2,0.265625,4496600,0.2812073566694836,0.015582356669483599,0.2620481596884382,0.29997523656549563,0.12413635322129538
B0_MATCHED_V2,0.296875,4496600,0.3126784681759552,0.015803468175955182,0.2934477503667679,0.3312019190661204,0.13459304905472091
B0_MATCHED_V2,0.328125,4496600,0.3375970733443046,0.00947207334430461,0.31815965752162495,0.3560241909644888,0.14397236609957945
B0_MATCHED_V2,0.359375,4496600,0.3712360450117867,0.011861045011786697,0.35221703940857596,0.38906393583029114,0.15240659339367973
B0_MATCHED_V2,0.390625,4496600,0.4032907085353378,0.012665708535337827,0.38414389298117874,0.4212882225382008,0.15984832536447519
B0_MATCHED_V2,0.421875,4496600,0.42746964373081886,0.00559464373081886,0.40859910859830156,0.44518040708046563,0.16631303995085345
B0_MATCHED_V2,0.453125,4496600,0.4588353422585954,0.005710342258595402,0.44007322117661657,0.4762712486522643,0.17164668400804062
B0_MATCHED_V2,0.484375,4496600,0.4872908419694881,0.0029158419694880755,0.46909703221553467,0.5047822923166818,0.1759758699603409
B0_MATCHED_V2,0.515625,4496600,0.5179557888182182,0.0023307888182182435,0.4998645594743613,0.5354172316503768,0.17917435946601365
B0_MATCHED_V2,0.546875,4496600,0.5453758395231953,-0.0014991604768046507,0.5274231558040958,0.5628004579921034,0.18118095308968382
B0_MATCHED_V2,0.578125,4496600,0.5736563181070142,-0.004468681892985771,0.5558095533666473,0.5912903547703457,0.18196233643360227
B0_MATCHED_V2,0.609375,4496600,0.6024356180225059,-0.006939381977494108,0.5849606279664877,0.6199773196567887,0.18149907465150822
B0_MATCHED_V2,0.640625,4496600,0.6305079393319397,-0.010117060668060285,0.6132413767325509,0.6477794398857015,0.1797557328877828
B0_MATCHED_V2,0.671875,4496600,0.6594771605212828,-0.012397839478717199,0.6426856467823779,0.6765141798672046,0.1765193406188087
B0_MATCHED_V2,0.703125,4496600,0.6893412800782813,-0.013783719921718673,0.6729011606756646,0.7061541066395556,0.1718949558340122
B0_MATCHED_V2,0.734375,4496600,0.7176342125161232,-0.01674078748387675,0.7015909000266285,0.7340797221645872,0.16567584948220082
B0_MATCHED_V2,0.765625,4496600,0.7505548636747765,-0.015070136325223471,0.7353198660508444,0.7662355286089042,0.1576833388432175
B0_MATCHED_V2,0.796875,4496600,0.7793248231997509,-0.017550176800249062,0.7648732930854135,0.7944290515571351,0.14781910621179561
B0_MATCHED_V2,0.828125,4496600,0.8088409020148557,-0.0192840979851443,0.7951869030829095,0.8230783572545124,0.13589499037255273
B0_MATCHED_V2,0.859375,4496600,0.8397969577013744,-0.019578042298625586,0.8274446771161686,0.8526018846884026,0.1215025980891371
B0_MATCHED_V2,0.890625,4496600,0.8774732019748255,-0.013151798025174521,0.8666838144502736,0.8885898390398081,0.10390714508336575
B0_MATCHED_V2,0.921875,4496600,0.9086658808877819,-0.013209119112218115,0.8996790229783571,0.9176336231767056,0.08320177176383083
B0_MATCHED_V2,0.953125,4496600,0.9402370680069386,-0.012887931993061374,0.9335174394712173,0.9466541938390576,0.058086513713410615
B0_MATCHED_V2,0.984375,4496600,0.9574418449495175,-0.02693315505048255,0.9522798431004859,0.9623275891552646,0.028275004975682326
B1_V2,0.015625,4496600,0.022507450073388783,0.006882450073388783,0.01811355561415865,0.02743119250655888,0.00915933101486187
B1_V2,0.046875,4496600,0.06979139794511409,0.02291639794511409,0.05837046216394154,0.08278444028263386,0.026800835342827154
B1_V2,0.078125,4496600,0.09877151625672731,0.02064651625672731,0.0850250968350465,0.11391806209924059,0.04334517723632667
B1_V2,0.109375,4496600,0.12631921896544054,0.016944218965440544,0.10942609117960529,0.14464056975986206,0.05880853405676898
B1_V2,0.140625,4496600,0.15825312458301827,0.017628124583018268,0.14010293390527673,0.1774361767743478,0.07362418814877514
B1_V2,0.171875,4496600,0.20083018280478585,0.028955182804785845,0.18075498118609118,0.22148948519597447,0.08760480890282685
B1_V2,0.203125,4496600,0.21437575056709515,0.011250750567095152,0.19375552684713618,0.23525733843502877,0.10023542619871592
B1_V2,0.234375,4496600,0.247978917404261,0.013603917404261007,0.2261265590968352,0.2691454040004053,0.11234522325211084
B1_V2,0.265625,4496600,0.27461882311079483,0.00899382311079483,0.25272498804257526,0.2955623292199548,0.1234798282606772
B1_V2,0.296875,4496600,0.3030609794066628,0.006185979406662823,0.2812727869020131,0.3241235964600006,0.13375228878509557
B1_V2,0.328125,4496600,0.3304358848908064,0.002310884890806386,0.3080171073758692,0.35154826043742077,0.14293201474436304
B1_V2,0.359375,4496600,0.3652012631766223,0.005826263176622326,0.3430173707852576,0.3862250021822561,0.15129100931200223
B1_V2,0.390625,4496600,0.3931926344349064,0.002567634434906374,0.37114148497416183,0.414234462762197,0.15863375647532477
B1_V2,0.421875,4496600,0.4158748832451185,-0.00600011675488149,0.3937195064395718,0.4365312958275158,0.16502249776253355
B1_V2,0.453125,4496600,0.4500080060490148,-0.003116993950985192,0.4278077320980202,0.47028703690854007,0.1702570233022657
B1_V2,0.484375,4496600,0.4792269714895699,-0.005148028510430114,0.4569703742107301,0.4991096297197671,0.17452595875992924
B1_V2,0.515625,4496600,0.5059342614419784,-0.009690738558021605,0.48413439502933553,0.5255462180625285,0.17763930234316175
B1_V2,0.546875,4496600,0.5362960903793977,-0.010578909620602261,0.5145310625547672,0.5557060474919983,0.17967766062009943
B1_V2,0.578125,4496600,0.5653340301561179,-0.01279096984388206,0.5438115583846612,0.5847655589710126,0.18044561140588575
B1_V2,0.609375,4496600,0.594030823288707,-0.015344176711292956,0.57282422919163,0.6132366492845736,0.1800284033417848
B1_V2,0.640625,4496600,0.6223646755326246,-0.018260324467375355,0.6014512790251438,0.6410076119198025,0.17832246585213854
B1_V2,0.671875,4496600,0.6497900636036116,-0.02208493639638842,0.6295851285764102,0.6680246157711159,0.17514319748228663
B1_V2,0.703125,4496600,0.6807901525597118,-0.02233484744028824,0.6613307064423039,0.698495580612362,0.17052969280303448
B1_V2,0.734375,4496600,0.7068184850776142,-0.027556514922385755,0.6878137562123697,0.7239004626265181,0.16447594074331745
B1_V2,0.765625,4496600,0.7390672952897746,-0.02655770471022545,0.7212660875041517,0.7554235847572612,0.1565569591380132
B1_V2,0.796875,4496600,0.7686999065960948,-0.028175093403905227,0.751652484443074,0.7843778880280328,0.14682557681410116
B1_V2,0.828125,4496600,0.7983638749277232,-0.029761125072276795,0.7825198076536299,0.8133544655129344,0.13515818583726052
B1_V2,0.859375,4496600,0.8302275052261708,-0.029147494773829163,0.8157457801823825,0.8441072658184751,0.12096612059939818
B1_V2,0.890625,4496600,0.8682364453142374,-0.02238855468576262,0.8561851612525029,0.8802442380601067,0.10342101016978887
B1_V2,0.921875,4496600,0.9007885958279589,-0.021086404172041107,0.8908750420203572,0.9107279191905455,0.08299480456344774
B1_V2,0.953125,4496600,0.9316952808788863,-0.02142971912111369,0.9243829301224473,0.9389623165966239,0.058199335636038775
B1_V2,0.984375,4496600,0.9507699150469243,-0.03360508495307568,0.9453045855500518,0.9563135916594364,0.029420962864912536
