group,metric,B0,B1,B1_minus_B0,relative_percent_of_B0,delta_lower,delta_upper,delta_valid_replicates,delta_requested_replicates,relative_lower,relative_upper,relative_valid_replicates,relative_requested_replicates,scope
ALL,Core_loss,0.0487596076193766,0.047816404266642944,-0.0009432033527336584,-1.9343948788440175,-0.001439665982848418,-0.000484231515628812,2000,2000,-2.8791753334120536,-1.034932861867958,2000,2000,EXPLORATORY_DEVELOPMENT_ONLY
ALL,Brier,0.09686762633953126,0.09525347050913102,-0.0016141558304002407,-1.666352208056027,-0.0028994511745321547,-0.0003681527530105933,2000,2000,-2.8262753221628407,-0.41501678231331735,2000,2000,EXPLORATORY_DEVELOPMENT_ONLY
ALL,AUROC,0.8863570372722713,0.893468821807229,0.007111784534957644,0.8023611519849697,0.0038792085391665455,0.010605682796220484,2000,2000,0.4320531040532638,1.2149293554669682,2000,2000,EXPLORATORY_DEVELOPMENT_ONLY
ALL,AP,0.5672326912158889,0.5859049244520397,0.018672233236150748,3.291811901060563,0.010226829036326499,0.028673455228156494,2000,2000,1.7360007981965861,5.3401376713755155,2000,2000,EXPLORATORY_DEVELOPMENT_ONLY
ALL,conditional_pinball,0.12488545829163177,0.1241132228678147,-0.0007722354238170609,-0.6183549585202638,-0.0016988887457581154,0.00023502796590996983,2000,2000,-1.353333793859953,0.18623721870486898,2000,2000,EXPLORATORY_DEVELOPMENT_ONLY
MONTH_03,Core_loss,0.009771585645844832,0.00981534507642384,4.3759430579009065e-05,0.4478232312031863,-0.00018972619588650437,0.0001693080382045714,1990,2000,-1.1974575440481845,6.001264644339749,1990,2000,EXPLORATORY_DEVELOPMENT_ONLY
MONTH_03,Brier,0.026663614668923894,0.02856466891895359,0.0019010542500296976,7.1297694391201665,0.0014745562345858075,0.0024760211618387803,1990,2000,4.242636531579642,15.581767105720385,1990,2000,EXPLORATORY_DEVELOPMENT_ONLY
MONTH_03,AUROC,0.9399285916439025,0.9404778428647308,0.0005492512208282729,0.058435420063948855,-0.015169893275917001,0.007133688147967554,1990,2000,-1.6157395484663204,0.7981185991672761,1990,2000,EXPLORATORY_DEVELOPMENT_ONLY
MONTH_03,AP,0.2924635876856923,0.3145718366344741,0.022108248948781772,7.5593167422063114,-0.00047109849218154864,0.07943751961284601,1990,2000,-0.7443131510822613,30.95013507416582,1990,2000,EXPLORATORY_DEVELOPMENT_ONLY
MONTH_03,conditional_pinball,0.13546369537868314,0.13448952646152915,-0.0009741689171539891,-0.7191365291126456,-0.004842536147312393,0.0019899196612105374,1990,2000,-3.213848973207285,1.65704206950619,1990,2000,EXPLORATORY_DEVELOPMENT_ONLY
MONTH_04,Core_loss,0.017856122900371356,0.01785597271312344,-1.5018724791593385e-07,-0.0008410966297325966,-0.000368135436438953,0.00030484650316993205,1986,2000,-1.500661217352902,2.254706774938026,1986,2000,EXPLORATORY_DEVELOPMENT_ONLY
MONTH_04,Brier,0.04381468104245666,0.04344865931997857,-0.0003660217224780854,-0.8353860253448118,-0.003223382540029464,0.0016338809276482229,1986,2000,-5.599876899741871,4.373637931160626,1986,2000,EXPLORATORY_DEVELOPMENT_ONLY
MONTH_04,AUROC,0.9123361542313807,0.9126137857506385,0.0002776315192577483,0.030430836043283366,-0.007532575319222898,0.0057227847532765885,1986,2000,-0.8242406756927309,0.6402496638647014,1986,2000,EXPLORATORY_DEVELOPMENT_ONLY
MONTH_04,AP,0.311512077887543,0.32106054810136053,0.00954847021381755,3.0652006428028717,0.00014430622312408548,0.03538006622270323,1986,2000,0.04672257358244598,12.967567785658565,1986,2000,EXPLORATORY_DEVELOPMENT_ONLY
MONTH_04,conditional_pinball,0.12855519052913053,0.1285952622983349,4.00717692043695e-05,0.031170868355789385,-0.0009842974413687144,0.0018113427296778811,1986,2000,-0.7194688296441191,1.609304748324488,1986,2000,EXPLORATORY_DEVELOPMENT_ONLY
MONTH_05,Core_loss,0.05759576460555649,0.05560514342532465,-0.0019906211802318344,-3.456193686922235,-0.002308521342677921,-0.00135506441284413,1998,2000,-4.1520904153919025,-2.752380361589625,1998,2000,EXPLORATORY_DEVELOPMENT_ONLY
MONTH_05,Brier,0.10669617181034143,0.10688008341375624,0.00018391160341481305,0.17236944896366713,-0.002532037131161264,0.0024727015355011234,1998,2000,-2.439467839969609,2.775579380564842,1998,2000,EXPLORATORY_DEVELOPMENT_ONLY
MONTH_05,AUROC,0.8547703907738637,0.8665207896742522,0.011750398900388426,1.3746848308292754,0.007748206346081288,0.01673032759283073,1998,2000,0.9004503319883309,1.9813369023420806,1998,2000,EXPLORATORY_DEVELOPMENT_ONLY
MONTH_05,AP,0.4727265398956439,0.5055211547792833,0.032794614883639384,6.937333133629204,0.01255645804297359,0.05237332680334525,1998,2000,2.4849801887526035,12.721088054555258,1998,2000,EXPLORATORY_DEVELOPMENT_ONLY
MONTH_05,conditional_pinball,0.13471667172979113,0.1332159625083341,-0.0015007092214570361,-1.1139743895002794,-0.003599242116018436,0.0006410329992725394,1998,2000,-2.499814490212454,0.4756526150064826,1998,2000,EXPLORATORY_DEVELOPMENT_ONLY
MONTH_06,Core_loss,0.06646708269594241,0.06515790742997299,-0.0013091752659694228,-1.9696595861718833,-0.0017743882321036575,-0.0006069689228570749,1994,2000,-2.729580977436378,-1.0912199864881176,1994,2000,EXPLORATORY_DEVELOPMENT_ONLY
MONTH_06,Brier,0.13101287993701166,0.12854400415746084,-0.002468875779550822,-1.8844527200209686,-0.004091361095758667,-0.0009894108883915093,1994,2000,-2.7010586985387897,-0.9121994001186033,1994,2000,EXPLORATORY_DEVELOPMENT_ONLY
MONTH_06,AUROC,0.8618382844822918,0.8705298636439697,0.008691579161677843,1.008493045409197,0.005032956447745616,0.01179147125006319,1994,2000,0.5782977138013072,1.3533826913617386,1994,2000,EXPLORATORY_DEVELOPMENT_ONLY
MONTH_06,AP,0.6086674991249944,0.6249989350787908,0.01633143595379638,2.683145720327446,0.0076034972541054735,0.025016345070409285,1994,2000,1.23405021770334,4.061425206782153,1994,2000,EXPLORATORY_DEVELOPMENT_ONLY
MONTH_06,conditional_pinball,0.13668401050681558,0.1346796007617179,-0.0020044097450976905,-1.4664551747241446,-0.0025254151351490894,-0.0011169898073488393,1994,2000,-1.8016755749775868,-0.8956275529147041,1994,2000,EXPLORATORY_DEVELOPMENT_ONLY
MONTH_07,Core_loss,0.07443672568522004,0.07334440128148793,-0.001092324403732109,-1.4674535905184205,-0.0022142414978810615,0.0005390322968024941,1983,2000,-3.576198461289116,0.5466854326510989,1983,2000,EXPLORATORY_DEVELOPMENT_ONLY
MONTH_07,Brier,0.14253535148543672,0.1357743385986209,-0.006761012886815826,-4.7433937029345445,-0.0102385548381623,-0.003663608322045875,1983,2000,-7.477881061275823,-2.208921066327754,1983,2000,EXPLORATORY_DEVELOPMENT_ONLY
MONTH_07,AUROC,0.8535480042745986,0.8628555821815433,0.009307577906944697,1.0904574623022978,0.0022599116377016466,0.015414854934047022,1983,2000,0.26546809869776616,1.8638148382474506,1983,2000,EXPLORATORY_DEVELOPMENT_ONLY
MONTH_07,AP,0.6367085863405924,0.6511497698357165,0.014441183495124132,2.2680993793602084,-0.002075727638800262,0.03323858481117132,1983,2000,-0.29657581586867027,6.048698972108273,1983,2000,EXPLORATORY_DEVELOPMENT_ONLY
MONTH_07,conditional_pinball,0.12201068010724898,0.12166203012301478,-0.00034864998423420057,-0.28575366019411796,-0.0027451140233936966,0.002887996059401654,1983,2000,-2.446962124196959,2.1969122938827037,1983,2000,EXPLORATORY_DEVELOPMENT_ONLY
MONTH_08,Core_loss,0.06098393627548807,0.05962087891399232,-0.0013630573614957509,-2.235108857746231,-0.0019339256087558508,-0.000812568441305915,1998,2000,-2.8648398524135796,-1.4326530946433438,1998,2000,EXPLORATORY_DEVELOPMENT_ONLY
MONTH_08,Brier,0.12106422701135562,0.11602217446044284,-0.005042052550912779,-4.164774909470031,-0.007932895404926029,-0.00258824618806254,1998,2000,-6.717369124593902,-2.0728391494949703,1998,2000,EXPLORATORY_DEVELOPMENT_ONLY
MONTH_08,AUROC,0.8809721718374306,0.8888313023428556,0.007859130505424972,0.8920974755687572,0.00421551514332319,0.011037085718813566,1998,2000,0.47213389601961064,1.2598262925522976,1998,2000,EXPLORATORY_DEVELOPMENT_ONLY
MONTH_08,AP,0.632969470384428,0.6525449315809445,0.01957546119651654,3.092639078568445,0.008750158575620892,0.02794265667101479,1998,2000,1.469409439027883,4.348649120123914,1998,2000,EXPLORATORY_DEVELOPMENT_ONLY
MONTH_08,conditional_pinball,0.12439709844195182,0.12270039153939172,-0.0016967069025601023,-1.363944114300903,-0.0032679840883515316,-0.00010975938296203435,1998,2000,-2.654656128184126,-0.08428988534849796,1998,2000,EXPLORATORY_DEVELOPMENT_ONLY
MONTH_09,Core_loss,0.05750729661816059,0.05790735998912927,0.0004000633709686785,0.695674104844532,-0.0007249298032206836,0.0018858253051439317,1989,2000,-1.5985593611671631,2.579049067711023,1989,2000,EXPLORATORY_DEVELOPMENT_ONLY
MONTH_09,Brier,0.11574837089346861,0.11323126974093801,-0.002517101152530593,-2.174632034214338,-0.004161688343131756,-0.0006912660254633773,1989,2000,-3.8556221992860897,-0.6978396763715057,1989,2000,EXPLORATORY_DEVELOPMENT_ONLY
MONTH_09,AUROC,0.864243058857521,0.8631975759589967,-0.0010454828985242415,-0.1209709337910459,-0.0066031065934273325,0.0052645719034563054,1989,2000,-0.7873061706461363,0.6003814063847716,1989,2000,EXPLORATORY_DEVELOPMENT_ONLY
MONTH_09,AP,0.5844534344318215,0.585995468472213,0.0015420340403914379,0.2638420701369531,-0.003519538851808668,0.012324498013745688,1989,2000,-0.6105822292875268,2.4820356087683906,1989,2000,EXPLORATORY_DEVELOPMENT_ONLY
MONTH_09,conditional_pinball,0.11683847518811229,0.11770392784363687,0.0008654526555245817,0.7407257362193281,-0.001096081026907253,0.0027291393188350888,1989,2000,-0.9984142705443615,2.2691627976717537,1989,2000,EXPLORATORY_DEVELOPMENT_ONLY
MONTH_10,Core_loss,0.044721738901183035,0.04258885021547682,-0.0021328886857062135,-4.769243634329683,-0.004658543253386389,0.00012326175427516083,1989,2000,-8.38872021805697,0.3543507505502575,1989,2000,EXPLORATORY_DEVELOPMENT_ONLY
MONTH_10,Brier,0.08640828116598014,0.0886056797164972,0.0021973985505170657,2.543041616921093,-0.0015951927673896055,0.005835541716092109,1989,2000,-1.4526103807686541,9.601353837228233,1989,2000,EXPLORATORY_DEVELOPMENT_ONLY
MONTH_10,AUROC,0.8394545784863096,0.8529219676422095,0.013467389155899956,1.6043023054545877,0.006592252490333827,0.021142370372738695,1989,2000,0.803111177700169,2.623987940771678,1989,2000,EXPLORATORY_DEVELOPMENT_ONLY
MONTH_10,AP,0.42675648705982294,0.4695207975089559,0.04276431044913298,10.020775722417609,0.004883870091440701,0.07644283811271052,1989,2000,1.3452048156296466,20.554257174407123,1989,2000,EXPLORATORY_DEVELOPMENT_ONLY
MONTH_10,conditional_pinball,0.10707991219488863,0.1074460702122703,0.00036615801738167086,0.34194837283322793,-0.00149624509339083,0.0016999203249967593,1989,2000,-1.7547527742468227,1.6799615204432008,1989,2000,EXPLORATORY_DEVELOPMENT_ONLY
MAM,Core_loss,0.028607352383851634,0.02794734551970953,-0.0006600068641421028,-2.307123201358073,-0.0012591105926348482,-0.00012818247856432536,2000,2000,-3.177835889027404,-0.7327085404650255,2000,2000,EXPLORATORY_DEVELOPMENT_ONLY
MAM,Brier,0.05936169523762293,0.05994408626117353,0.0005823910235506005,0.9810889349087965,-0.0007272990812694447,0.0016985383180956597,2000,2000,-1.1728356603341306,3.4847433367459617,2000,2000,EXPLORATORY_DEVELOPMENT_ONLY
MAM,AUROC,0.9143340515284727,0.919533843855407,0.005199792326934349,0.5686972193851872,0.0013448627275610304,0.008589632053522004,2000,2000,0.14365505719606286,0.9645183714621733,2000,2000,EXPLORATORY_DEVELOPMENT_ONLY
MAM,AP,0.42777434464104686,0.45900085244877253,0.03122650780772568,7.299761708226892,0.01557806105123929,0.043502344287363146,2000,2000,3.710817253331741,11.109096337051051,2000,2000,EXPLORATORY_DEVELOPMENT_ONLY
MAM,conditional_pinball,0.13372258341020665,0.1325343269578841,-0.0011882564523225392,-0.8885981873962533,-0.002699430940614196,0.00024102832315341417,2000,2000,-1.968449550404074,0.18387296538432032,2000,2000,EXPLORATORY_DEVELOPMENT_ONLY
JJA,Core_loss,0.0673152814054826,0.06606123632352272,-0.0012540450819598786,-1.8629426421111879,-0.0017406253562383225,-0.0006903860964122716,2000,2000,-2.639477264718088,-0.9859218952808912,2000,2000,EXPLORATORY_DEVELOPMENT_ONLY
JJA,Brier,0.1315595421180211,0.12677554621325424,-0.004783995904766858,-3.6363731795867533,-0.006631518969444566,-0.0033326963556914338,2000,2000,-5.043428887727191,-2.4941291796803964,2000,2000,EXPLORATORY_DEVELOPMENT_ONLY
JJA,AUROC,0.8658195628861269,0.8734532225645157,0.0076336596783888044,0.8816686531016611,0.0050860236111293505,0.010260711012245717,2000,2000,0.5798775161643502,1.1981797529509277,2000,2000,EXPLORATORY_DEVELOPMENT_ONLY
JJA,AP,0.6255342388740082,0.6402353944496656,0.014701155575657432,2.3501760034942647,0.007613315347027308,0.02261770477095507,2000,2000,1.1518601027202282,3.743219921596715,2000,2000,EXPLORATORY_DEVELOPMENT_ONLY
JJA,conditional_pinball,0.1271981790936501,0.1259334461443037,-0.0012647329493463977,-0.9943011435841653,-0.002475367909765843,0.0002652065641426113,2000,2000,-1.9984304756913969,0.20433966929482889,2000,2000,EXPLORATORY_DEVELOPMENT_ONLY
SO_PARTIAL_AUTUMN,Core_loss,0.0509570359094242,0.05005942445843973,-0.0008976114509844715,-1.761506404297083,-0.0025784337101068433,0.0005898283446017161,2000,2000,-5.130256773902643,1.1420084573263232,2000,2000,EXPLORATORY_DEVELOPMENT_ONLY
SO_PARTIAL_AUTUMN,Brier,0.1007169392432426,0.1006151572226429,-0.00010178202059969721,-0.10105749972592229,-0.002405567193260868,0.0026370146622843155,2000,2000,-2.2024763126020974,3.128150521028657,2000,2000,EXPLORATORY_DEVELOPMENT_ONLY
SO_PARTIAL_AUTUMN,AUROC,0.8553393553208433,0.861739488477238,0.0064001331563947605,0.7482565974056028,-0.0037148174202392497,0.01648733187018991,2000,2000,-0.4371266780998556,1.962940377409605,2000,2000,EXPLORATORY_DEVELOPMENT_ONLY
SO_PARTIAL_AUTUMN,AP,0.5251700126523446,0.541473442050389,0.01630342939804441,3.104409811159012,-0.005792248351197937,0.04432209335672522,2000,2000,-1.0640140839826295,9.428531649584555,2000,2000,EXPLORATORY_DEVELOPMENT_ONLY
SO_PARTIAL_AUTUMN,conditional_pinball,0.1129234457510739,0.11358858682307511,0.0006651410720012185,0.5890194614388953,-0.0008428086307536102,0.001979571648507843,2000,2000,-0.7516839251160207,1.7500653114533848,2000,2000,EXPLORATORY_DEVELOPMENT_ONLY
CIVIL_DAY_PROXY,Core_loss,0.049223174758313996,0.048487191569563805,-0.0007359831887501916,-1.4951965052312703,-0.0013320948745778876,-0.0001934013215634809,2000,2000,-2.610748077586558,-0.41340085216052835,2000,2000,EXPLORATORY_DEVELOPMENT_ONLY
CIVIL_DAY_PROXY,Brier,0.09668553731515522,0.09695366653547562,0.00026812922032039277,0.2773209186875607,-0.0010154260881498085,0.0015785513978936701,2000,2000,-0.9845746828219852,1.8031788098869215,2000,2000,EXPLORATORY_DEVELOPMENT_ONLY
CIVIL_DAY_PROXY,AUROC,0.8823595911124746,0.8875844024059046,0.005224811293429998,0.5921408171970548,0.0014842952311051789,0.009019047534274873,2000,2000,0.16627072503145607,1.0343878907147201,2000,2000,EXPLORATORY_DEVELOPMENT_ONLY
CIVIL_DAY_PROXY,AP,0.5574067184379242,0.5722413940556087,0.014834675617684479,2.6613736661189074,0.005371096669198483,0.024904174651902235,2000,2000,0.9460869507966143,4.691932614607145,2000,2000,EXPLORATORY_DEVELOPMENT_ONLY
CIVIL_DAY_PROXY,conditional_pinball,0.12218377742035769,0.12154407098401292,-0.0006397064363447696,-0.5235608604110686,-0.001663404784168127,0.0004085450836782518,2000,2000,-1.3628442120792166,0.3353066971471035,2000,2000,EXPLORATORY_DEVELOPMENT_ONLY
CIVIL_NIGHT_PROXY,Core_loss,0.04828990816974388,0.047136743435366765,-0.0011531647343771129,-2.3880035769039423,-0.001597861727336598,-0.000728844862605776,2000,2000,-3.2985947814099035,-1.5487429541284146,2000,2000,EXPLORATORY_DEVELOPMENT_ONLY
CIVIL_NIGHT_PROXY,Brier,0.09705212413359326,0.093530783392714,-0.0035213407408792585,-3.6282984760149053,-0.004953672251661895,-0.002118030536384651,2000,2000,-4.918842212024673,-2.3800505815998108,2000,2000,EXPLORATORY_DEVELOPMENT_ONLY
CIVIL_NIGHT_PROXY,AUROC,0.8908931991331435,0.899312756231381,0.008419557098237496,0.9450691852210669,0.005520707868670332,0.011706631772442229,2000,2000,0.6106790984769582,1.329877116020692,2000,2000,EXPLORATORY_DEVELOPMENT_ONLY
CIVIL_NIGHT_PROXY,AP,0.5778477586033407,0.5996465793654029,0.021798820762062188,3.7724159067000596,0.013324563012921087,0.03298850967926875,2000,2000,2.165772555141999,5.99468484844271,2000,2000,EXPLORATORY_DEVELOPMENT_ONLY
CIVIL_NIGHT_PROXY,conditional_pinball,0.12766506645133988,0.12675647937367207,-0.0009085870776678051,-0.7116959266332401,-0.00187622397937758,9.579051253963136e-05,2000,2000,-1.482362519178786,0.0773876519482675,2000,2000,EXPLORATORY_DEVELOPMENT_ONLY
DRY_LE_0.1,Core_loss,0.014748551407820021,0.015137427807887982,0.0003888764000679612,2.636709120203968,-0.0003395389542483299,0.0010810843753688063,2000,2000,-2.241575007630435,7.8240951730051425,2000,2000,EXPLORATORY_DEVELOPMENT_ONLY
DRY_LE_0.1,Brier,0.06497605764557846,0.06514042415592043,0.00016436651034197614,0.2529647323919491,-0.0019763358553467445,0.002228058518734746,2000,2000,-2.943034488540416,3.622241452551607,2000,2000,EXPLORATORY_DEVELOPMENT_ONLY
DRY_LE_0.1,AUROC,,,,,,,0,2000,,,0,2000,EXPLORATORY_DEVELOPMENT_ONLY
DRY_LE_0.1,AP,,,,,,,0,2000,,,0,2000,EXPLORATORY_DEVELOPMENT_ONLY
DRY_LE_0.1,conditional_pinball,,,,,,,0,2000,,,0,2000,EXPLORATORY_DEVELOPMENT_ONLY
"(0.1,1]",Core_loss,0.28081055961371926,0.2707134519152332,-0.01009710769848604,-3.5957008569676088,-0.017720474007592586,-0.0034236992632052103,2000,2000,-6.065062158611359,-1.2724488920070856,2000,2000,EXPLORATORY_DEVELOPMENT_ONLY
"(0.1,1]",Brier,0.36524181237730663,0.3536064011011711,-0.011635411276135543,-3.1856734037109056,-0.0211630990756203,-0.0032617571097617506,2000,2000,-5.590134737020978,-0.9206540846901632,2000,2000,EXPLORATORY_DEVELOPMENT_ONLY
"(0.1,1]",AUROC,,,,,,,0,2000,,,0,2000,EXPLORATORY_DEVELOPMENT_ONLY
"(0.1,1]",AP,1.0,1.0,0.0,0.0,0.0,0.0,2000,2000,0.0,0.0,2000,2000,EXPLORATORY_DEVELOPMENT_ONLY
"(0.1,1]",conditional_pinball,0.08078954246007986,0.07935556934433406,-0.001433973115745793,-1.7749489254186026,-0.003025681593913518,0.0005200876117355906,2000,2000,-3.690032340774011,0.6900107447602022,2000,2000,EXPLORATORY_DEVELOPMENT_ONLY
"(1,5]",Core_loss,0.26579393097208526,0.25440582352338853,-0.011388107448696727,-4.284562633558684,-0.021276551723110323,-0.003558218412534992,2000,2000,-7.604755638403784,-1.3989341030109501,2000,2000,EXPLORATORY_DEVELOPMENT_ONLY
"(1,5]",Brier,0.2597746477550277,0.24155948167340505,-0.01821516608162263,-7.011910607535448,-0.026694855817498152,-0.011204965274558235,2000,2000,-9.77507191399812,-4.427031533234735,2000,2000,EXPLORATORY_DEVELOPMENT_ONLY
"(1,5]",AUROC,,,,,,,0,2000,,,0,2000,EXPLORATORY_DEVELOPMENT_ONLY
"(1,5]",AP,1.0,1.0,0.0,0.0,0.0,0.0,2000,2000,0.0,0.0,2000,2000,EXPLORATORY_DEVELOPMENT_ONLY
"(1,5]",conditional_pinball,0.15701914637959596,0.15690071257556118,-0.00011843380403478432,-0.07542634561804899,-0.003530324717405544,0.002643004092888184,2000,2000,-2.19660445546978,1.738082745244983,2000,2000,EXPLORATORY_DEVELOPMENT_ONLY
"(5,10]",Core_loss,0.4288344165792645,0.42154400507170225,-0.007290411507562267,-1.7000528002664934,-0.017701591716714763,0.0018317553926022075,2000,2000,-3.936546241302208,0.4502713239759323,2000,2000,EXPLORATORY_DEVELOPMENT_ONLY
"(5,10]",Brier,0.19245590981751745,0.17544425702734212,-0.01701165279017533,-8.839246768938098,-0.023834045902426545,-0.011551030121071483,2000,2000,-11.555981636541544,-6.262736074828846,2000,2000,EXPLORATORY_DEVELOPMENT_ONLY
"(5,10]",AUROC,,,,,,,0,2000,,,0,2000,EXPLORATORY_DEVELOPMENT_ONLY
"(5,10]",AP,1.0,1.0,0.0,0.0,0.0,0.0,2000,2000,0.0,0.0,2000,2000,EXPLORATORY_DEVELOPMENT_ONLY
"(5,10]",conditional_pinball,0.3617695071605014,0.3632747218109622,0.0015052146504608288,0.4160700724268147,-0.004971932838323046,0.007420792452636092,2000,2000,-1.3386871712451558,2.139858385175764,2000,2000,EXPLORATORY_DEVELOPMENT_ONLY
"(10,20]",Core_loss,0.61186797046042,0.6101855291609835,-0.00168244129943651,-0.27496802916003305,-0.014259476603598383,0.009649429278572963,2000,2000,-2.2081732411380917,1.6566533423397876,2000,2000,EXPLORATORY_DEVELOPMENT_ONLY
"(10,20]",Brier,0.17171920996445875,0.15596804485176163,-0.015751165112697113,-9.172628453134148,-0.02217451815444227,-0.010365667912418004,2000,2000,-11.98234028557273,-6.336459106970445,2000,2000,EXPLORATORY_DEVELOPMENT_ONLY
"(10,20]",AUROC,,,,,,,0,2000,,,0,2000,EXPLORATORY_DEVELOPMENT_ONLY
"(10,20]",AP,1.0,1.0,0.0,0.0,0.0,0.0,2000,2000,0.0,0.0,2000,2000,EXPLORATORY_DEVELOPMENT_ONLY
"(10,20]",conditional_pinball,0.5563643076455832,0.5624344748671533,0.006070167221570055,1.0910418116607312,-0.003273595797874271,0.014785044758910957,2000,2000,-0.5681194411843702,2.788350557973287,2000,2000,EXPLORATORY_DEVELOPMENT_ONLY
"(20,30]",Core_loss,0.8515524481803942,0.8519930742154216,0.0004406260350273694,0.051743851593510595,-0.013227066627599746,0.012573241526848768,2000,2000,-1.4627192626822407,1.5326490400428103,2000,2000,EXPLORATORY_DEVELOPMENT_ONLY
"(20,30]",Brier,0.17028006533640544,0.15604965647015712,-0.014230408866248323,-8.357060961971511,-0.019943625574396277,-0.009029650391049195,2000,2000,-11.074771188099781,-5.333019787881572,2000,2000,EXPLORATORY_DEVELOPMENT_ONLY
"(20,30]",AUROC,,,,,,,0,2000,,,0,2000,EXPLORATORY_DEVELOPMENT_ONLY
"(20,30]",AP,1.0000000000000002,1.0000000000000002,0.0,0.0,0.0,0.0,2000,2000,0.0,0.0,2000,2000,EXPLORATORY_DEVELOPMENT_ONLY
"(20,30]",conditional_pinball,0.7951794442062824,0.8025479829854267,0.00736853877914434,0.9266510638362053,-0.004089271594720781,0.01827351324293272,2000,2000,-0.49109678637513055,2.379224866009189,2000,2000,EXPLORATORY_DEVELOPMENT_ONLY
"(30,50]",Core_loss,1.0229436470243913,1.0336488808895907,0.010705233865199393,1.046512571473464,-0.00842585744455318,0.03465808115058735,2000,2000,-0.7727643722905233,3.541153523459154,2000,2000,EXPLORATORY_DEVELOPMENT_ONLY
"(30,50]",Brier,0.1671593192730257,0.1555869303545526,-0.01157238891847312,-6.922969636871775,-0.01774918291041765,-0.005224352478456241,2000,2000,-10.00592441930438,-3.2194736180709125,2000,2000,EXPLORATORY_DEVELOPMENT_ONLY
"(30,50]",AUROC,,,,,,,0,2000,,,0,2000,EXPLORATORY_DEVELOPMENT_ONLY
"(30,50]",AP,1.0,1.0,0.0,0.0,0.0,0.0,2000,2000,0.0,0.0,2000,2000,EXPLORATORY_DEVELOPMENT_ONLY
"(30,50]",conditional_pinball,0.969106963636759,0.9855152377203179,0.016408274083558938,1.6931334413266164,0.00023091351119175209,0.037605461382636894,2000,2000,0.023027462305982464,4.057717068727853,2000,2000,EXPLORATORY_DEVELOPMENT_ONLY
"(50,inf)",Core_loss,1.185998651319175,1.2095312986712197,0.023532647352044744,1.984205237153483,-0.05719213047920035,0.0950481403775049,2000,2000,-4.325085908620358,8.648687075334571,2000,2000,EXPLORATORY_DEVELOPMENT_ONLY
"(50,inf)",Brier,0.15140279134114584,0.14185731307319974,-0.009545478267946106,-6.304691071671138,-0.031073623118193245,0.011902838228734681,2000,2000,-16.981068645233343,9.613922028588599,2000,2000,EXPLORATORY_DEVELOPMENT_ONLY
"(50,inf)",AUROC,,,,,,,0,2000,,,0,2000,EXPLORATORY_DEVELOPMENT_ONLY
"(50,inf)",AP,0.9999999999999997,1.0,3.3306690738754696e-16,3.330669073875471e-14,0.0,0.0,2000,2000,0.0,0.0,2000,2000,EXPLORATORY_DEVELOPMENT_ONLY
"(50,inf)",conditional_pinball,1.1410172096723497,1.1722848042291472,0.03126759455679751,2.740326288836274,-0.03761554830856727,0.09253923856575266,2000,2000,-3.0423998516265223,8.707232578865678,2000,2000,EXPLORATORY_DEVELOPMENT_ONLY
