model,region,threshold_mm_h,scene_pixel_tau_exposure,scene_pixel_any_tau_exposure,unique_grid_cells,scenes,any_tau_valid_rainy_truth_exposure,independent_events
B0_MATCHED_V2,YUNNAN_INSIDE,10,977619,502578,3430,7264,398037,NOT_ESTIMABLE_NO_PREDEFINED_EVENT_CATALOGUE
B0_MATCHED_V2,YUNNAN_INSIDE,50,677,653,325,117,583,NOT_ESTIMABLE_NO_PREDEFINED_EVENT_CATALOGUE
B0_MATCHED_V2,YUNNAN_INSIDE,100,0,0,0,0,0,NOT_ESTIMABLE_NO_PREDEFINED_EVENT_CATALOGUE
B0_MATCHED_V2,YUNNAN_INSIDE,500,0,0,0,0,0,NOT_ESTIMABLE_NO_PREDEFINED_EVENT_CATALOGUE
B0_MATCHED_V2,YUNNAN_INSIDE,1000,0,0,0,0,0,NOT_ESTIMABLE_NO_PREDEFINED_EVENT_CATALOGUE
B0_MATCHED_V2,YUNNAN_OUTSIDE,10,4621128,2091173,6566,9859,1592834,NOT_ESTIMABLE_NO_PREDEFINED_EVENT_CATALOGUE
B0_MATCHED_V2,YUNNAN_OUTSIDE,50,13783,12394,2715,1331,11386,NOT_ESTIMABLE_NO_PREDEFINED_EVENT_CATALOGUE
B0_MATCHED_V2,YUNNAN_OUTSIDE,100,460,444,256,98,398,NOT_ESTIMABLE_NO_PREDEFINED_EVENT_CATALOGUE
B0_MATCHED_V2,YUNNAN_OUTSIDE,500,1,1,1,1,1,NOT_ESTIMABLE_NO_PREDEFINED_EVENT_CATALOGUE
B0_MATCHED_V2,YUNNAN_OUTSIDE,1000,0,0,0,0,0,NOT_ESTIMABLE_NO_PREDEFINED_EVENT_CATALOGUE
B1_V2,YUNNAN_INSIDE,10,777649,419821,3430,7535,330976,NOT_ESTIMABLE_NO_PREDEFINED_EVENT_CATALOGUE
B1_V2,YUNNAN_INSIDE,50,994,957,561,316,730,NOT_ESTIMABLE_NO_PREDEFINED_EVENT_CATALOGUE
B1_V2,YUNNAN_INSIDE,100,58,58,44,28,30,NOT_ESTIMABLE_NO_PREDEFINED_EVENT_CATALOGUE
B1_V2,YUNNAN_INSIDE,500,0,0,0,0,0,NOT_ESTIMABLE_NO_PREDEFINED_EVENT_CATALOGUE
B1_V2,YUNNAN_INSIDE,1000,0,0,0,0,0,NOT_ESTIMABLE_NO_PREDEFINED_EVENT_CATALOGUE
B1_V2,YUNNAN_OUTSIDE,10,4462628,2085876,6570,9992,1512535,NOT_ESTIMABLE_NO_PREDEFINED_EVENT_CATALOGUE
B1_V2,YUNNAN_OUTSIDE,50,33149,31217,3953,3194,24768,NOT_ESTIMABLE_NO_PREDEFINED_EVENT_CATALOGUE
B1_V2,YUNNAN_OUTSIDE,100,3750,3713,1141,761,2735,NOT_ESTIMABLE_NO_PREDEFINED_EVENT_CATALOGUE
B1_V2,YUNNAN_OUTSIDE,500,25,25,25,12,4,NOT_ESTIMABLE_NO_PREDEFINED_EVENT_CATALOGUE
B1_V2,YUNNAN_OUTSIDE,1000,4,4,4,1,0,NOT_ESTIMABLE_NO_PREDEFINED_EVENT_CATALOGUE
