case_id,field,value,likely_role,evidence,confidence,interpretation_caveat
2023030100_f000,Originating_or_generating_Center,"US National Weather Service, National Centers for Environmental Prediction (NCEP)",generating center or process,F:\云南极端降水数据\raw\GFS\2023\20230301\gfs_0p25_2023030100_f000.nc global attribute Originating_or_generating_Center,DIRECT,DIRECT means attribute observed; upstream truth and byte identity are not independently proved
2023030100_f000,source,NOAA GFS AWS Open Data (noaa-gfs-bdp-pds); normalized Yunnan subset,"declared archive/retrieval source, not necessarily generating center",F:\云南极端降水数据\raw\GFS\2023\20230301\gfs_0p25_2023030100_f000.nc global attribute source,DIRECT,DIRECT means attribute observed; upstream truth and byte identity are not independently proved
2023030100_f000,archive,NOAA GFS AWS Open Data official archive byte-range retrieval,declared archive or retrieval route,F:\云南极端降水数据\raw\GFS\2023\20230301\gfs_0p25_2023030100_f000.nc global attribute archive,DIRECT,DIRECT means attribute observed; upstream truth and byte identity are not independently proved
2023030100_f000,original_grib_url,https://noaa-gfs-bdp-pds.s3.amazonaws.com/gfs.20230301/00/atmos/gfs.t00z.pgrb2.0p25.f000,upstream filename/URL token,F:\云南极端降水数据\raw\GFS\2023\20230301\gfs_0p25_2023030100_f000.nc global attribute original_grib_url,DIRECT,DIRECT means attribute observed; upstream truth and byte identity are not independently proved
2023030100_f000,history,NOAA GFS GRIB2 byte-range subset; precipitation fields intentionally excluded,conversion/creation narrative,F:\云南极端降水数据\raw\GFS\2023\20230301\gfs_0p25_2023030100_f000.nc global attribute history,DIRECT,DIRECT means attribute observed; upstream truth and byte identity are not independently proved
2023030100_f000,History,Provenance normalized from https://noaa-gfs-bdp-pds.s3.amazonaws.com/gfs.20230301/00/atmos/gfs.t00z.pgrb2.0p25.f000; metadata frozen 2026-09-25,conversion/creation narrative,F:\云南极端降水数据\raw\GFS\2023\20230301\gfs_0p25_2023030100_f000.nc global attribute History,DIRECT,DIRECT means attribute observed; upstream truth and byte identity are not independently proved
2023030112_f003,Originating_or_generating_Center,"US National Weather Service, National Centers for Environmental Prediction (NCEP)",generating center or process,F:\云南极端降水数据\raw\GFS\2023\20230301\gfs_0p25_2023030112_f003.nc global attribute Originating_or_generating_Center,DIRECT,DIRECT means attribute observed; upstream truth and byte identity are not independently proved
2023030112_f003,source,NOAA GFS AWS Open Data (noaa-gfs-bdp-pds); normalized Yunnan subset,"declared archive/retrieval source, not necessarily generating center",F:\云南极端降水数据\raw\GFS\2023\20230301\gfs_0p25_2023030112_f003.nc global attribute source,DIRECT,DIRECT means attribute observed; upstream truth and byte identity are not independently proved
2023030112_f003,archive,NOAA GFS AWS Open Data official archive byte-range retrieval,declared archive or retrieval route,F:\云南极端降水数据\raw\GFS\2023\20230301\gfs_0p25_2023030112_f003.nc global attribute archive,DIRECT,DIRECT means attribute observed; upstream truth and byte identity are not independently proved
2023030112_f003,original_grib_url,https://noaa-gfs-bdp-pds.s3.amazonaws.com/gfs.20230301/12/atmos/gfs.t12z.pgrb2.0p25.f003,upstream filename/URL token,F:\云南极端降水数据\raw\GFS\2023\20230301\gfs_0p25_2023030112_f003.nc global attribute original_grib_url,DIRECT,DIRECT means attribute observed; upstream truth and byte identity are not independently proved
2023030112_f003,history,NOAA GFS GRIB2 byte-range subset; precipitation fields intentionally excluded,conversion/creation narrative,F:\云南极端降水数据\raw\GFS\2023\20230301\gfs_0p25_2023030112_f003.nc global attribute history,DIRECT,DIRECT means attribute observed; upstream truth and byte identity are not independently proved
2023030112_f003,History,Provenance normalized from https://noaa-gfs-bdp-pds.s3.amazonaws.com/gfs.20230301/12/atmos/gfs.t12z.pgrb2.0p25.f003; metadata frozen 2026-09-25,conversion/creation narrative,F:\云南极端降水数据\raw\GFS\2023\20230301\gfs_0p25_2023030112_f003.nc global attribute History,DIRECT,DIRECT means attribute observed; upstream truth and byte identity are not independently proved
2023030100_f006,Originating_or_generating_Center,"US National Weather Service, National Centers for Environmental Prediction (NCEP)",generating center or process,F:\云南极端降水数据\raw\GFS\2023\20230301\gfs_0p25_2023030100_f006.nc global attribute Originating_or_generating_Center,DIRECT,DIRECT means attribute observed; upstream truth and byte identity are not independently proved
2023030100_f006,source,NOAA GFS AWS Open Data (noaa-gfs-bdp-pds); normalized Yunnan subset,"declared archive/retrieval source, not necessarily generating center",F:\云南极端降水数据\raw\GFS\2023\20230301\gfs_0p25_2023030100_f006.nc global attribute source,DIRECT,DIRECT means attribute observed; upstream truth and byte identity are not independently proved
2023030100_f006,archive,NOAA GFS AWS Open Data official archive byte-range retrieval,declared archive or retrieval route,F:\云南极端降水数据\raw\GFS\2023\20230301\gfs_0p25_2023030100_f006.nc global attribute archive,DIRECT,DIRECT means attribute observed; upstream truth and byte identity are not independently proved
2023030100_f006,original_grib_url,https://noaa-gfs-bdp-pds.s3.amazonaws.com/gfs.20230301/00/atmos/gfs.t00z.pgrb2.0p25.f006,upstream filename/URL token,F:\云南极端降水数据\raw\GFS\2023\20230301\gfs_0p25_2023030100_f006.nc global attribute original_grib_url,DIRECT,DIRECT means attribute observed; upstream truth and byte identity are not independently proved
2023030100_f006,history,NOAA GFS GRIB2 byte-range subset; precipitation fields intentionally excluded,conversion/creation narrative,F:\云南极端降水数据\raw\GFS\2023\20230301\gfs_0p25_2023030100_f006.nc global attribute history,DIRECT,DIRECT means attribute observed; upstream truth and byte identity are not independently proved
2023030100_f006,History,Provenance normalized from https://noaa-gfs-bdp-pds.s3.amazonaws.com/gfs.20230301/00/atmos/gfs.t00z.pgrb2.0p25.f006; metadata frozen 2026-09-25,conversion/creation narrative,F:\云南极端降水数据\raw\GFS\2023\20230301\gfs_0p25_2023030100_f006.nc global attribute History,DIRECT,DIRECT means attribute observed; upstream truth and byte identity are not independently proved
2023070100_f000,Originating_or_generating_Center,"US National Weather Service, National Centres for Environmental Prediction (NCEP)",generating center or process,F:\云南极端降水数据\raw\GFS\2023\20230701\gfs_0p25_2023070100_f000.nc global attribute Originating_or_generating_Center,DIRECT,DIRECT means attribute observed; upstream truth and byte identity are not independently proved
2023070100_f000,Originating_or_generating_Subcenter,0,generating center or process,F:\云南极端降水数据\raw\GFS\2023\20230701\gfs_0p25_2023070100_f000.nc global attribute Originating_or_generating_Subcenter,DIRECT,DIRECT means attribute observed; upstream truth and byte identity are not independently proved
2023070100_f000,Type_of_generating_process,Forecast,generating process,F:\云南极端降水数据\raw\GFS\2023\20230701\gfs_0p25_2023070100_f000.nc global attribute Type_of_generating_process,DIRECT,DIRECT means attribute observed; upstream truth and byte identity are not independently proved
2023070100_f000,Analysis_or_forecast_generating_process_identifier_defined_by_originating_centre,Analysis from GFS (Global Forecast System),generating center or process,F:\云南极端降水数据\raw\GFS\2023\20230701\gfs_0p25_2023070100_f000.nc global attribute Analysis_or_forecast_generating_process_identifier_defined_by_originating_centre,DIRECT,DIRECT means attribute observed; upstream truth and byte identity are not independently proved
2023070100_f000,history,Read using CDM IOSP GribCollection v3,conversion/creation narrative,F:\云南极端降水数据\raw\GFS\2023\20230701\gfs_0p25_2023070100_f000.nc global attribute history,DIRECT,DIRECT means attribute observed; upstream truth and byte identity are not independently proved
2023070100_f000,source,NOAA GFS AWS Open Data (noaa-gfs-bdp-pds); primary source with NCAR-compatible normalization; NCAR GDEX fallback enabled,"declared archive/retrieval source, not necessarily generating center",F:\云南极端降水数据\raw\GFS\2023\20230701\gfs_0p25_2023070100_f000.nc global attribute source,DIRECT,DIRECT means attribute observed; upstream truth and byte identity are not independently proved
2023070100_f000,original_grib_url,https://noaa-gfs-bdp-pds.s3.amazonaws.com/gfs.20230701/00/atmos/gfs.t00z.pgrb2.0p25.f000,upstream filename/URL token,F:\云南极端降水数据\raw\GFS\2023\20230701\gfs_0p25_2023070100_f000.nc global attribute original_grib_url,DIRECT,DIRECT means attribute observed; upstream truth and byte identity are not independently proved
2023070100_f000,legacy_history_before_20260925,"Translated to CF-1.0 Conventions by Netcdf-Java CDM (CFGridCoverageWriter)
Original Dataset = gfs.0p25.2023062212.f000.grib2#SRC; Translation Date = 2026-07-26T01:53:49.621Z",conversion/creation narrative,F:\云南极端降水数据\raw\GFS\2023\20230701\gfs_0p25_2023070100_f000.nc global attribute legacy_history_before_20260925,DIRECT,DIRECT means attribute observed; upstream truth and byte identity are not independently proved
2023070100_f000,History,Provenance normalized from https://noaa-gfs-bdp-pds.s3.amazonaws.com/gfs.20230701/00/atmos/gfs.t00z.pgrb2.0p25.f000; metadata frozen 2026-09-25,conversion/creation narrative,F:\云南极端降水数据\raw\GFS\2023\20230701\gfs_0p25_2023070100_f000.nc global attribute History,DIRECT,DIRECT means attribute observed; upstream truth and byte identity are not independently proved
2023070112_f003,Originating_or_generating_Center,"US National Weather Service, National Centres for Environmental Prediction (NCEP)",generating center or process,F:\云南极端降水数据\raw\GFS\2023\20230701\gfs_0p25_2023070112_f003.nc global attribute Originating_or_generating_Center,DIRECT,DIRECT means attribute observed; upstream truth and byte identity are not independently proved
2023070112_f003,Originating_or_generating_Subcenter,0,generating center or process,F:\云南极端降水数据\raw\GFS\2023\20230701\gfs_0p25_2023070112_f003.nc global attribute Originating_or_generating_Subcenter,DIRECT,DIRECT means attribute observed; upstream truth and byte identity are not independently proved
2023070112_f003,Type_of_generating_process,Forecast,generating process,F:\云南极端降水数据\raw\GFS\2023\20230701\gfs_0p25_2023070112_f003.nc global attribute Type_of_generating_process,DIRECT,DIRECT means attribute observed; upstream truth and byte identity are not independently proved
2023070112_f003,Analysis_or_forecast_generating_process_identifier_defined_by_originating_centre,Analysis from GFS (Global Forecast System),generating center or process,F:\云南极端降水数据\raw\GFS\2023\20230701\gfs_0p25_2023070112_f003.nc global attribute Analysis_or_forecast_generating_process_identifier_defined_by_originating_centre,DIRECT,DIRECT means attribute observed; upstream truth and byte identity are not independently proved
2023070112_f003,history,Read using CDM IOSP GribCollection v3,conversion/creation narrative,F:\云南极端降水数据\raw\GFS\2023\20230701\gfs_0p25_2023070112_f003.nc global attribute history,DIRECT,DIRECT means attribute observed; upstream truth and byte identity are not independently proved
2023070112_f003,source,NOAA GFS AWS Open Data (noaa-gfs-bdp-pds); primary source with NCAR-compatible normalization; NCAR GDEX fallback enabled,"declared archive/retrieval source, not necessarily generating center",F:\云南极端降水数据\raw\GFS\2023\20230701\gfs_0p25_2023070112_f003.nc global attribute source,DIRECT,DIRECT means attribute observed; upstream truth and byte identity are not independently proved
2023070112_f003,original_grib_url,https://noaa-gfs-bdp-pds.s3.amazonaws.com/gfs.20230701/12/atmos/gfs.t12z.pgrb2.0p25.f003,upstream filename/URL token,F:\云南极端降水数据\raw\GFS\2023\20230701\gfs_0p25_2023070112_f003.nc global attribute original_grib_url,DIRECT,DIRECT means attribute observed; upstream truth and byte identity are not independently proved
2023070112_f003,legacy_history_before_20260925,"Translated to CF-1.0 Conventions by Netcdf-Java CDM (CFGridCoverageWriter)
Original Dataset = gfs.0p25.2023062212.f000.grib2#SRC; Translation Date = 2026-07-26T01:53:49.621Z",conversion/creation narrative,F:\云南极端降水数据\raw\GFS\2023\20230701\gfs_0p25_2023070112_f003.nc global attribute legacy_history_before_20260925,DIRECT,DIRECT means attribute observed; upstream truth and byte identity are not independently proved
2023070112_f003,History,Provenance normalized from https://noaa-gfs-bdp-pds.s3.amazonaws.com/gfs.20230701/12/atmos/gfs.t12z.pgrb2.0p25.f003; metadata frozen 2026-09-25,conversion/creation narrative,F:\云南极端降水数据\raw\GFS\2023\20230701\gfs_0p25_2023070112_f003.nc global attribute History,DIRECT,DIRECT means attribute observed; upstream truth and byte identity are not independently proved
2023070100_f006,Originating_or_generating_Center,"US National Weather Service, National Centres for Environmental Prediction (NCEP)",generating center or process,F:\云南极端降水数据\raw\GFS\2023\20230701\gfs_0p25_2023070100_f006.nc global attribute Originating_or_generating_Center,DIRECT,DIRECT means attribute observed; upstream truth and byte identity are not independently proved
2023070100_f006,Originating_or_generating_Subcenter,0,generating center or process,F:\云南极端降水数据\raw\GFS\2023\20230701\gfs_0p25_2023070100_f006.nc global attribute Originating_or_generating_Subcenter,DIRECT,DIRECT means attribute observed; upstream truth and byte identity are not independently proved
2023070100_f006,Type_of_generating_process,Forecast,generating process,F:\云南极端降水数据\raw\GFS\2023\20230701\gfs_0p25_2023070100_f006.nc global attribute Type_of_generating_process,DIRECT,DIRECT means attribute observed; upstream truth and byte identity are not independently proved
2023070100_f006,Analysis_or_forecast_generating_process_identifier_defined_by_originating_centre,Analysis from GFS (Global Forecast System),generating center or process,F:\云南极端降水数据\raw\GFS\2023\20230701\gfs_0p25_2023070100_f006.nc global attribute Analysis_or_forecast_generating_process_identifier_defined_by_originating_centre,DIRECT,DIRECT means attribute observed; upstream truth and byte identity are not independently proved
2023070100_f006,history,Read using CDM IOSP GribCollection v3,conversion/creation narrative,F:\云南极端降水数据\raw\GFS\2023\20230701\gfs_0p25_2023070100_f006.nc global attribute history,DIRECT,DIRECT means attribute observed; upstream truth and byte identity are not independently proved
2023070100_f006,source,NOAA GFS AWS Open Data (noaa-gfs-bdp-pds); primary source with NCAR-compatible normalization; NCAR GDEX fallback enabled,"declared archive/retrieval source, not necessarily generating center",F:\云南极端降水数据\raw\GFS\2023\20230701\gfs_0p25_2023070100_f006.nc global attribute source,DIRECT,DIRECT means attribute observed; upstream truth and byte identity are not independently proved
2023070100_f006,original_grib_url,https://noaa-gfs-bdp-pds.s3.amazonaws.com/gfs.20230701/00/atmos/gfs.t00z.pgrb2.0p25.f006,upstream filename/URL token,F:\云南极端降水数据\raw\GFS\2023\20230701\gfs_0p25_2023070100_f006.nc global attribute original_grib_url,DIRECT,DIRECT means attribute observed; upstream truth and byte identity are not independently proved
2023070100_f006,legacy_history_before_20260925,"Translated to CF-1.0 Conventions by Netcdf-Java CDM (CFGridCoverageWriter)
Original Dataset = gfs.0p25.2023062212.f000.grib2#SRC; Translation Date = 2026-07-26T01:53:49.621Z",conversion/creation narrative,F:\云南极端降水数据\raw\GFS\2023\20230701\gfs_0p25_2023070100_f006.nc global attribute legacy_history_before_20260925,DIRECT,DIRECT means attribute observed; upstream truth and byte identity are not independently proved
2023070100_f006,History,Provenance normalized from https://noaa-gfs-bdp-pds.s3.amazonaws.com/gfs.20230701/00/atmos/gfs.t00z.pgrb2.0p25.f006; metadata frozen 2026-09-25,conversion/creation narrative,F:\云南极端降水数据\raw\GFS\2023\20230701\gfs_0p25_2023070100_f006.nc global attribute History,DIRECT,DIRECT means attribute observed; upstream truth and byte identity are not independently proved
2024010100_f000,Originating_or_generating_Center,"US National Weather Service, National Centres for Environmental Prediction (NCEP)",generating center or process,F:\云南极端降水数据\raw\GFS\2024\20240101\gfs_0p25_2024010100_f000.nc global attribute Originating_or_generating_Center,DIRECT,DIRECT means attribute observed; upstream truth and byte identity are not independently proved
2024010100_f000,Originating_or_generating_Subcenter,0,generating center or process,F:\云南极端降水数据\raw\GFS\2024\20240101\gfs_0p25_2024010100_f000.nc global attribute Originating_or_generating_Subcenter,DIRECT,DIRECT means attribute observed; upstream truth and byte identity are not independently proved
2024010100_f000,Type_of_generating_process,Forecast,generating process,F:\云南极端降水数据\raw\GFS\2024\20240101\gfs_0p25_2024010100_f000.nc global attribute Type_of_generating_process,DIRECT,DIRECT means attribute observed; upstream truth and byte identity are not independently proved
2024010100_f000,Analysis_or_forecast_generating_process_identifier_defined_by_originating_centre,Analysis from GFS (Global Forecast System),generating center or process,F:\云南极端降水数据\raw\GFS\2024\20240101\gfs_0p25_2024010100_f000.nc global attribute Analysis_or_forecast_generating_process_identifier_defined_by_originating_centre,DIRECT,DIRECT means attribute observed; upstream truth and byte identity are not independently proved
2024010100_f000,history,Read using CDM IOSP GribCollection v3,conversion/creation narrative,F:\云南极端降水数据\raw\GFS\2024\20240101\gfs_0p25_2024010100_f000.nc global attribute history,DIRECT,DIRECT means attribute observed; upstream truth and byte identity are not independently proved
2024010100_f000,History,"Translated to CF-1.0 Conventions by Netcdf-Java CDM (CFGridCoverageWriter)
Original Dataset = gfs.0p25.2023062212.f000.grib2#SRC; Translation Date = 2026-07-26T01:53:49.621Z",conversion/creation narrative,F:\云南极端降水数据\raw\GFS\2024\20240101\gfs_0p25_2024010100_f000.nc global attribute History,DIRECT,DIRECT means attribute observed; upstream truth and byte identity are not independently proved
2024010100_f000,source,NOAA GFS AWS Open Data (noaa-gfs-bdp-pds); official fallback for missing NCAR GDEX granule,"declared archive/retrieval source, not necessarily generating center",F:\云南极端降水数据\raw\GFS\2024\20240101\gfs_0p25_2024010100_f000.nc global attribute source,DIRECT,DIRECT means attribute observed; upstream truth and byte identity are not independently proved
2024010100_f000,original_grib_url,https://noaa-gfs-bdp-pds.s3.amazonaws.com/gfs.20240101/00/atmos/gfs.t00z.pgrb2.0p25.f000,upstream filename/URL token,F:\云南极端降水数据\raw\GFS\2024\20240101\gfs_0p25_2024010100_f000.nc global attribute original_grib_url,DIRECT,DIRECT means attribute observed; upstream truth and byte identity are not independently proved
2024010112_f000,Originating_or_generating_Center,"US National Weather Service, National Centres for Environmental Prediction (NCEP)",generating center or process,F:\云南极端降水数据\raw\GFS\2024\20240101\gfs_0p25_2024010112_f000.nc global attribute Originating_or_generating_Center,DIRECT,DIRECT means attribute observed; upstream truth and byte identity are not independently proved
2024010112_f000,Originating_or_generating_Subcenter,0,generating center or process,F:\云南极端降水数据\raw\GFS\2024\20240101\gfs_0p25_2024010112_f000.nc global attribute Originating_or_generating_Subcenter,DIRECT,DIRECT means attribute observed; upstream truth and byte identity are not independently proved
2024010112_f000,Type_of_generating_process,Forecast,generating process,F:\云南极端降水数据\raw\GFS\2024\20240101\gfs_0p25_2024010112_f000.nc global attribute Type_of_generating_process,DIRECT,DIRECT means attribute observed; upstream truth and byte identity are not independently proved
2024010112_f000,Analysis_or_forecast_generating_process_identifier_defined_by_originating_centre,Analysis from GFS (Global Forecast System),generating center or process,F:\云南极端降水数据\raw\GFS\2024\20240101\gfs_0p25_2024010112_f000.nc global attribute Analysis_or_forecast_generating_process_identifier_defined_by_originating_centre,DIRECT,DIRECT means attribute observed; upstream truth and byte identity are not independently proved
2024010112_f000,history,Read using CDM IOSP GribCollection v3,conversion/creation narrative,F:\云南极端降水数据\raw\GFS\2024\20240101\gfs_0p25_2024010112_f000.nc global attribute history,DIRECT,DIRECT means attribute observed; upstream truth and byte identity are not independently proved
2024010112_f000,History,"Translated to CF-1.0 Conventions by Netcdf-Java CDM (CFGridCoverageWriter)
Original Dataset = gfs.0p25.2023062212.f000.grib2#SRC; Translation Date = 2026-07-26T01:53:49.621Z",conversion/creation narrative,F:\云南极端降水数据\raw\GFS\2024\20240101\gfs_0p25_2024010112_f000.nc global attribute History,DIRECT,DIRECT means attribute observed; upstream truth and byte identity are not independently proved
2024010112_f000,source,NOAA GFS AWS Open Data (noaa-gfs-bdp-pds); primary source with NCAR-compatible normalization; NCAR GDEX fallback enabled,"declared archive/retrieval source, not necessarily generating center",F:\云南极端降水数据\raw\GFS\2024\20240101\gfs_0p25_2024010112_f000.nc global attribute source,DIRECT,DIRECT means attribute observed; upstream truth and byte identity are not independently proved
2024010112_f000,original_grib_url,https://noaa-gfs-bdp-pds.s3.amazonaws.com/gfs.20240101/12/atmos/gfs.t12z.pgrb2.0p25.f000,upstream filename/URL token,F:\云南极端降水数据\raw\GFS\2024\20240101\gfs_0p25_2024010112_f000.nc global attribute original_grib_url,DIRECT,DIRECT means attribute observed; upstream truth and byte identity are not independently proved
2024070100_f000,Originating_or_generating_Center,"US National Weather Service, National Centres for Environmental Prediction (NCEP)",generating center or process,F:\云南极端降水数据\raw\GFS\2024\20240701\gfs_0p25_2024070100_f000.nc global attribute Originating_or_generating_Center,DIRECT,DIRECT means attribute observed; upstream truth and byte identity are not independently proved
2024070100_f000,Originating_or_generating_Subcenter,0,generating center or process,F:\云南极端降水数据\raw\GFS\2024\20240701\gfs_0p25_2024070100_f000.nc global attribute Originating_or_generating_Subcenter,DIRECT,DIRECT means attribute observed; upstream truth and byte identity are not independently proved
2024070100_f000,Type_of_generating_process,Forecast,generating process,F:\云南极端降水数据\raw\GFS\2024\20240701\gfs_0p25_2024070100_f000.nc global attribute Type_of_generating_process,DIRECT,DIRECT means attribute observed; upstream truth and byte identity are not independently proved
2024070100_f000,Analysis_or_forecast_generating_process_identifier_defined_by_originating_centre,Analysis from GFS (Global Forecast System),generating center or process,F:\云南极端降水数据\raw\GFS\2024\20240701\gfs_0p25_2024070100_f000.nc global attribute Analysis_or_forecast_generating_process_identifier_defined_by_originating_centre,DIRECT,DIRECT means attribute observed; upstream truth and byte identity are not independently proved
2024070100_f000,history,Read using CDM IOSP GribCollection v3,conversion/creation narrative,F:\云南极端降水数据\raw\GFS\2024\20240701\gfs_0p25_2024070100_f000.nc global attribute history,DIRECT,DIRECT means attribute observed; upstream truth and byte identity are not independently proved
2024070100_f000,source,NOAA GFS AWS Open Data (noaa-gfs-bdp-pds); primary source with NCAR-compatible normalization; NCAR GDEX fallback enabled,"declared archive/retrieval source, not necessarily generating center",F:\云南极端降水数据\raw\GFS\2024\20240701\gfs_0p25_2024070100_f000.nc global attribute source,DIRECT,DIRECT means attribute observed; upstream truth and byte identity are not independently proved
2024070100_f000,original_grib_url,https://noaa-gfs-bdp-pds.s3.amazonaws.com/gfs.20240701/00/atmos/gfs.t00z.pgrb2.0p25.f000,upstream filename/URL token,F:\云南极端降水数据\raw\GFS\2024\20240701\gfs_0p25_2024070100_f000.nc global attribute original_grib_url,DIRECT,DIRECT means attribute observed; upstream truth and byte identity are not independently proved
2024070100_f000,legacy_history_before_20260925,"Translated to CF-1.0 Conventions by Netcdf-Java CDM (CFGridCoverageWriter)
Original Dataset = gfs.0p25.2023062212.f000.grib2#SRC; Translation Date = 2026-07-26T01:53:49.621Z",conversion/creation narrative,F:\云南极端降水数据\raw\GFS\2024\20240701\gfs_0p25_2024070100_f000.nc global attribute legacy_history_before_20260925,DIRECT,DIRECT means attribute observed; upstream truth and byte identity are not independently proved
2024070100_f000,History,Provenance normalized from https://noaa-gfs-bdp-pds.s3.amazonaws.com/gfs.20240701/00/atmos/gfs.t00z.pgrb2.0p25.f000; metadata frozen 2026-09-25,conversion/creation narrative,F:\云南极端降水数据\raw\GFS\2024\20240701\gfs_0p25_2024070100_f000.nc global attribute History,DIRECT,DIRECT means attribute observed; upstream truth and byte identity are not independently proved
2024070112_f003,Originating_or_generating_Center,"US National Weather Service, National Centres for Environmental Prediction (NCEP)",generating center or process,F:\云南极端降水数据\raw\GFS\2024\20240701\gfs_0p25_2024070112_f003.nc global attribute Originating_or_generating_Center,DIRECT,DIRECT means attribute observed; upstream truth and byte identity are not independently proved
2024070112_f003,Originating_or_generating_Subcenter,0,generating center or process,F:\云南极端降水数据\raw\GFS\2024\20240701\gfs_0p25_2024070112_f003.nc global attribute Originating_or_generating_Subcenter,DIRECT,DIRECT means attribute observed; upstream truth and byte identity are not independently proved
2024070112_f003,Type_of_generating_process,Forecast,generating process,F:\云南极端降水数据\raw\GFS\2024\20240701\gfs_0p25_2024070112_f003.nc global attribute Type_of_generating_process,DIRECT,DIRECT means attribute observed; upstream truth and byte identity are not independently proved
2024070112_f003,Analysis_or_forecast_generating_process_identifier_defined_by_originating_centre,Analysis from GFS (Global Forecast System),generating center or process,F:\云南极端降水数据\raw\GFS\2024\20240701\gfs_0p25_2024070112_f003.nc global attribute Analysis_or_forecast_generating_process_identifier_defined_by_originating_centre,DIRECT,DIRECT means attribute observed; upstream truth and byte identity are not independently proved
2024070112_f003,history,Read using CDM IOSP GribCollection v3,conversion/creation narrative,F:\云南极端降水数据\raw\GFS\2024\20240701\gfs_0p25_2024070112_f003.nc global attribute history,DIRECT,DIRECT means attribute observed; upstream truth and byte identity are not independently proved
2024070112_f003,source,NOAA GFS AWS Open Data (noaa-gfs-bdp-pds); primary source with NCAR-compatible normalization; NCAR GDEX fallback enabled,"declared archive/retrieval source, not necessarily generating center",F:\云南极端降水数据\raw\GFS\2024\20240701\gfs_0p25_2024070112_f003.nc global attribute source,DIRECT,DIRECT means attribute observed; upstream truth and byte identity are not independently proved
2024070112_f003,original_grib_url,https://noaa-gfs-bdp-pds.s3.amazonaws.com/gfs.20240701/12/atmos/gfs.t12z.pgrb2.0p25.f003,upstream filename/URL token,F:\云南极端降水数据\raw\GFS\2024\20240701\gfs_0p25_2024070112_f003.nc global attribute original_grib_url,DIRECT,DIRECT means attribute observed; upstream truth and byte identity are not independently proved
2024070112_f003,legacy_history_before_20260925,"Translated to CF-1.0 Conventions by Netcdf-Java CDM (CFGridCoverageWriter)
Original Dataset = gfs.0p25.2023062212.f000.grib2#SRC; Translation Date = 2026-07-26T01:53:49.621Z",conversion/creation narrative,F:\云南极端降水数据\raw\GFS\2024\20240701\gfs_0p25_2024070112_f003.nc global attribute legacy_history_before_20260925,DIRECT,DIRECT means attribute observed; upstream truth and byte identity are not independently proved
2024070112_f003,History,Provenance normalized from https://noaa-gfs-bdp-pds.s3.amazonaws.com/gfs.20240701/12/atmos/gfs.t12z.pgrb2.0p25.f003; metadata frozen 2026-09-25,conversion/creation narrative,F:\云南极端降水数据\raw\GFS\2024\20240701\gfs_0p25_2024070112_f003.nc global attribute History,DIRECT,DIRECT means attribute observed; upstream truth and byte identity are not independently proved
2024070100_f006,Originating_or_generating_Center,"US National Weather Service, National Centres for Environmental Prediction (NCEP)",generating center or process,F:\云南极端降水数据\raw\GFS\2024\20240701\gfs_0p25_2024070100_f006.nc global attribute Originating_or_generating_Center,DIRECT,DIRECT means attribute observed; upstream truth and byte identity are not independently proved
2024070100_f006,Originating_or_generating_Subcenter,0,generating center or process,F:\云南极端降水数据\raw\GFS\2024\20240701\gfs_0p25_2024070100_f006.nc global attribute Originating_or_generating_Subcenter,DIRECT,DIRECT means attribute observed; upstream truth and byte identity are not independently proved
2024070100_f006,Type_of_generating_process,Forecast,generating process,F:\云南极端降水数据\raw\GFS\2024\20240701\gfs_0p25_2024070100_f006.nc global attribute Type_of_generating_process,DIRECT,DIRECT means attribute observed; upstream truth and byte identity are not independently proved
2024070100_f006,Analysis_or_forecast_generating_process_identifier_defined_by_originating_centre,Analysis from GFS (Global Forecast System),generating center or process,F:\云南极端降水数据\raw\GFS\2024\20240701\gfs_0p25_2024070100_f006.nc global attribute Analysis_or_forecast_generating_process_identifier_defined_by_originating_centre,DIRECT,DIRECT means attribute observed; upstream truth and byte identity are not independently proved
2024070100_f006,history,Read using CDM IOSP GribCollection v3,conversion/creation narrative,F:\云南极端降水数据\raw\GFS\2024\20240701\gfs_0p25_2024070100_f006.nc global attribute history,DIRECT,DIRECT means attribute observed; upstream truth and byte identity are not independently proved
2024070100_f006,source,NOAA GFS AWS Open Data (noaa-gfs-bdp-pds); primary source with NCAR-compatible normalization; NCAR GDEX fallback enabled,"declared archive/retrieval source, not necessarily generating center",F:\云南极端降水数据\raw\GFS\2024\20240701\gfs_0p25_2024070100_f006.nc global attribute source,DIRECT,DIRECT means attribute observed; upstream truth and byte identity are not independently proved
2024070100_f006,original_grib_url,https://noaa-gfs-bdp-pds.s3.amazonaws.com/gfs.20240701/00/atmos/gfs.t00z.pgrb2.0p25.f006,upstream filename/URL token,F:\云南极端降水数据\raw\GFS\2024\20240701\gfs_0p25_2024070100_f006.nc global attribute original_grib_url,DIRECT,DIRECT means attribute observed; upstream truth and byte identity are not independently proved
2024070100_f006,legacy_history_before_20260925,"Translated to CF-1.0 Conventions by Netcdf-Java CDM (CFGridCoverageWriter)
Original Dataset = gfs.0p25.2023062212.f000.grib2#SRC; Translation Date = 2026-07-26T01:53:49.621Z",conversion/creation narrative,F:\云南极端降水数据\raw\GFS\2024\20240701\gfs_0p25_2024070100_f006.nc global attribute legacy_history_before_20260925,DIRECT,DIRECT means attribute observed; upstream truth and byte identity are not independently proved
2024070100_f006,History,Provenance normalized from https://noaa-gfs-bdp-pds.s3.amazonaws.com/gfs.20240701/00/atmos/gfs.t00z.pgrb2.0p25.f006; metadata frozen 2026-09-25,conversion/creation narrative,F:\云南极端降水数据\raw\GFS\2024\20240701\gfs_0p25_2024070100_f006.nc global attribute History,DIRECT,DIRECT means attribute observed; upstream truth and byte identity are not independently proved
2025030100_f000,Originating_or_generating_Center,"US National Weather Service, National Centres for Environmental Prediction (NCEP)",generating center or process,F:\云南极端降水数据\raw\GFS\2025\20250301\gfs_0p25_2025030100_f000.nc global attribute Originating_or_generating_Center,DIRECT,DIRECT means attribute observed; upstream truth and byte identity are not independently proved
2025030100_f000,Originating_or_generating_Subcenter,0,generating center or process,F:\云南极端降水数据\raw\GFS\2025\20250301\gfs_0p25_2025030100_f000.nc global attribute Originating_or_generating_Subcenter,DIRECT,DIRECT means attribute observed; upstream truth and byte identity are not independently proved
2025030100_f000,Type_of_generating_process,Forecast,generating process,F:\云南极端降水数据\raw\GFS\2025\20250301\gfs_0p25_2025030100_f000.nc global attribute Type_of_generating_process,DIRECT,DIRECT means attribute observed; upstream truth and byte identity are not independently proved
2025030100_f000,Analysis_or_forecast_generating_process_identifier_defined_by_originating_centre,Analysis from GFS (Global Forecast System),generating center or process,F:\云南极端降水数据\raw\GFS\2025\20250301\gfs_0p25_2025030100_f000.nc global attribute Analysis_or_forecast_generating_process_identifier_defined_by_originating_centre,DIRECT,DIRECT means attribute observed; upstream truth and byte identity are not independently proved
2025030100_f000,history,Read using CDM IOSP GribCollection v3,conversion/creation narrative,F:\云南极端降水数据\raw\GFS\2025\20250301\gfs_0p25_2025030100_f000.nc global attribute history,DIRECT,DIRECT means attribute observed; upstream truth and byte identity are not independently proved
2025030100_f000,source,NOAA GFS AWS Open Data (noaa-gfs-bdp-pds); primary source with NCAR-compatible normalization; NCAR GDEX fallback enabled,"declared archive/retrieval source, not necessarily generating center",F:\云南极端降水数据\raw\GFS\2025\20250301\gfs_0p25_2025030100_f000.nc global attribute source,DIRECT,DIRECT means attribute observed; upstream truth and byte identity are not independently proved
2025030100_f000,original_grib_url,https://noaa-gfs-bdp-pds.s3.amazonaws.com/gfs.20250301/00/atmos/gfs.t00z.pgrb2.0p25.f000,upstream filename/URL token,F:\云南极端降水数据\raw\GFS\2025\20250301\gfs_0p25_2025030100_f000.nc global attribute original_grib_url,DIRECT,DIRECT means attribute observed; upstream truth and byte identity are not independently proved
2025030100_f000,legacy_history_before_20260925,"Translated to CF-1.0 Conventions by Netcdf-Java CDM (CFGridCoverageWriter)
Original Dataset = gfs.0p25.2023062212.f000.grib2#SRC; Translation Date = 2026-07-26T01:53:49.621Z",conversion/creation narrative,F:\云南极端降水数据\raw\GFS\2025\20250301\gfs_0p25_2025030100_f000.nc global attribute legacy_history_before_20260925,DIRECT,DIRECT means attribute observed; upstream truth and byte identity are not independently proved
2025030100_f000,History,Provenance normalized from https://noaa-gfs-bdp-pds.s3.amazonaws.com/gfs.20250301/00/atmos/gfs.t00z.pgrb2.0p25.f000; metadata frozen 2026-09-25,conversion/creation narrative,F:\云南极端降水数据\raw\GFS\2025\20250301\gfs_0p25_2025030100_f000.nc global attribute History,DIRECT,DIRECT means attribute observed; upstream truth and byte identity are not independently proved
2025030112_f003,Originating_or_generating_Center,"US National Weather Service, National Centres for Environmental Prediction (NCEP)",generating center or process,F:\云南极端降水数据\raw\GFS\2025\20250301\gfs_0p25_2025030112_f003.nc global attribute Originating_or_generating_Center,DIRECT,DIRECT means attribute observed; upstream truth and byte identity are not independently proved
2025030112_f003,Originating_or_generating_Subcenter,0,generating center or process,F:\云南极端降水数据\raw\GFS\2025\20250301\gfs_0p25_2025030112_f003.nc global attribute Originating_or_generating_Subcenter,DIRECT,DIRECT means attribute observed; upstream truth and byte identity are not independently proved
2025030112_f003,Type_of_generating_process,Forecast,generating process,F:\云南极端降水数据\raw\GFS\2025\20250301\gfs_0p25_2025030112_f003.nc global attribute Type_of_generating_process,DIRECT,DIRECT means attribute observed; upstream truth and byte identity are not independently proved
2025030112_f003,Analysis_or_forecast_generating_process_identifier_defined_by_originating_centre,Analysis from GFS (Global Forecast System),generating center or process,F:\云南极端降水数据\raw\GFS\2025\20250301\gfs_0p25_2025030112_f003.nc global attribute Analysis_or_forecast_generating_process_identifier_defined_by_originating_centre,DIRECT,DIRECT means attribute observed; upstream truth and byte identity are not independently proved
2025030112_f003,history,Read using CDM IOSP GribCollection v3,conversion/creation narrative,F:\云南极端降水数据\raw\GFS\2025\20250301\gfs_0p25_2025030112_f003.nc global attribute history,DIRECT,DIRECT means attribute observed; upstream truth and byte identity are not independently proved
2025030112_f003,source,NOAA GFS AWS Open Data (noaa-gfs-bdp-pds); primary source with NCAR-compatible normalization; NCAR GDEX fallback enabled,"declared archive/retrieval source, not necessarily generating center",F:\云南极端降水数据\raw\GFS\2025\20250301\gfs_0p25_2025030112_f003.nc global attribute source,DIRECT,DIRECT means attribute observed; upstream truth and byte identity are not independently proved
2025030112_f003,original_grib_url,https://noaa-gfs-bdp-pds.s3.amazonaws.com/gfs.20250301/12/atmos/gfs.t12z.pgrb2.0p25.f003,upstream filename/URL token,F:\云南极端降水数据\raw\GFS\2025\20250301\gfs_0p25_2025030112_f003.nc global attribute original_grib_url,DIRECT,DIRECT means attribute observed; upstream truth and byte identity are not independently proved
2025030112_f003,legacy_history_before_20260925,"Translated to CF-1.0 Conventions by Netcdf-Java CDM (CFGridCoverageWriter)
Original Dataset = gfs.0p25.2023062212.f000.grib2#SRC; Translation Date = 2026-07-26T01:53:49.621Z",conversion/creation narrative,F:\云南极端降水数据\raw\GFS\2025\20250301\gfs_0p25_2025030112_f003.nc global attribute legacy_history_before_20260925,DIRECT,DIRECT means attribute observed; upstream truth and byte identity are not independently proved
2025030112_f003,History,Provenance normalized from https://noaa-gfs-bdp-pds.s3.amazonaws.com/gfs.20250301/12/atmos/gfs.t12z.pgrb2.0p25.f003; metadata frozen 2026-09-25,conversion/creation narrative,F:\云南极端降水数据\raw\GFS\2025\20250301\gfs_0p25_2025030112_f003.nc global attribute History,DIRECT,DIRECT means attribute observed; upstream truth and byte identity are not independently proved
2025030100_f006,Originating_or_generating_Center,"US National Weather Service, National Centres for Environmental Prediction (NCEP)",generating center or process,F:\云南极端降水数据\raw\GFS\2025\20250301\gfs_0p25_2025030100_f006.nc global attribute Originating_or_generating_Center,DIRECT,DIRECT means attribute observed; upstream truth and byte identity are not independently proved
2025030100_f006,Originating_or_generating_Subcenter,0,generating center or process,F:\云南极端降水数据\raw\GFS\2025\20250301\gfs_0p25_2025030100_f006.nc global attribute Originating_or_generating_Subcenter,DIRECT,DIRECT means attribute observed; upstream truth and byte identity are not independently proved
2025030100_f006,Type_of_generating_process,Forecast,generating process,F:\云南极端降水数据\raw\GFS\2025\20250301\gfs_0p25_2025030100_f006.nc global attribute Type_of_generating_process,DIRECT,DIRECT means attribute observed; upstream truth and byte identity are not independently proved
2025030100_f006,Analysis_or_forecast_generating_process_identifier_defined_by_originating_centre,Analysis from GFS (Global Forecast System),generating center or process,F:\云南极端降水数据\raw\GFS\2025\20250301\gfs_0p25_2025030100_f006.nc global attribute Analysis_or_forecast_generating_process_identifier_defined_by_originating_centre,DIRECT,DIRECT means attribute observed; upstream truth and byte identity are not independently proved
2025030100_f006,history,Read using CDM IOSP GribCollection v3,conversion/creation narrative,F:\云南极端降水数据\raw\GFS\2025\20250301\gfs_0p25_2025030100_f006.nc global attribute history,DIRECT,DIRECT means attribute observed; upstream truth and byte identity are not independently proved
2025030100_f006,source,NOAA GFS AWS Open Data (noaa-gfs-bdp-pds); primary source with NCAR-compatible normalization; NCAR GDEX fallback enabled,"declared archive/retrieval source, not necessarily generating center",F:\云南极端降水数据\raw\GFS\2025\20250301\gfs_0p25_2025030100_f006.nc global attribute source,DIRECT,DIRECT means attribute observed; upstream truth and byte identity are not independently proved
2025030100_f006,original_grib_url,https://noaa-gfs-bdp-pds.s3.amazonaws.com/gfs.20250301/00/atmos/gfs.t00z.pgrb2.0p25.f006,upstream filename/URL token,F:\云南极端降水数据\raw\GFS\2025\20250301\gfs_0p25_2025030100_f006.nc global attribute original_grib_url,DIRECT,DIRECT means attribute observed; upstream truth and byte identity are not independently proved
2025030100_f006,legacy_history_before_20260925,"Translated to CF-1.0 Conventions by Netcdf-Java CDM (CFGridCoverageWriter)
Original Dataset = gfs.0p25.2023062212.f000.grib2#SRC; Translation Date = 2026-07-26T01:53:49.621Z",conversion/creation narrative,F:\云南极端降水数据\raw\GFS\2025\20250301\gfs_0p25_2025030100_f006.nc global attribute legacy_history_before_20260925,DIRECT,DIRECT means attribute observed; upstream truth and byte identity are not independently proved
2025030100_f006,History,Provenance normalized from https://noaa-gfs-bdp-pds.s3.amazonaws.com/gfs.20250301/00/atmos/gfs.t00z.pgrb2.0p25.f006; metadata frozen 2026-09-25,conversion/creation narrative,F:\云南极端降水数据\raw\GFS\2025\20250301\gfs_0p25_2025030100_f006.nc global attribute History,DIRECT,DIRECT means attribute observed; upstream truth and byte identity are not independently proved
2025070100_f000,Originating_or_generating_Center,"US National Weather Service, National Centres for Environmental Prediction (NCEP)",generating center or process,F:\云南极端降水数据\raw\GFS\2025\20250701\gfs_0p25_2025070100_f000.nc global attribute Originating_or_generating_Center,DIRECT,DIRECT means attribute observed; upstream truth and byte identity are not independently proved
2025070100_f000,Originating_or_generating_Subcenter,0,generating center or process,F:\云南极端降水数据\raw\GFS\2025\20250701\gfs_0p25_2025070100_f000.nc global attribute Originating_or_generating_Subcenter,DIRECT,DIRECT means attribute observed; upstream truth and byte identity are not independently proved
2025070100_f000,Type_of_generating_process,Forecast,generating process,F:\云南极端降水数据\raw\GFS\2025\20250701\gfs_0p25_2025070100_f000.nc global attribute Type_of_generating_process,DIRECT,DIRECT means attribute observed; upstream truth and byte identity are not independently proved
2025070100_f000,Analysis_or_forecast_generating_process_identifier_defined_by_originating_centre,Analysis from GFS (Global Forecast System),generating center or process,F:\云南极端降水数据\raw\GFS\2025\20250701\gfs_0p25_2025070100_f000.nc global attribute Analysis_or_forecast_generating_process_identifier_defined_by_originating_centre,DIRECT,DIRECT means attribute observed; upstream truth and byte identity are not independently proved
2025070100_f000,history,Read using CDM IOSP GribCollection v3,conversion/creation narrative,F:\云南极端降水数据\raw\GFS\2025\20250701\gfs_0p25_2025070100_f000.nc global attribute history,DIRECT,DIRECT means attribute observed; upstream truth and byte identity are not independently proved
2025070100_f000,source,NOAA GFS AWS Open Data (noaa-gfs-bdp-pds); primary source with NCAR-compatible normalization; NCAR GDEX fallback enabled,"declared archive/retrieval source, not necessarily generating center",F:\云南极端降水数据\raw\GFS\2025\20250701\gfs_0p25_2025070100_f000.nc global attribute source,DIRECT,DIRECT means attribute observed; upstream truth and byte identity are not independently proved
2025070100_f000,original_grib_url,https://noaa-gfs-bdp-pds.s3.amazonaws.com/gfs.20250701/00/atmos/gfs.t00z.pgrb2.0p25.f000,upstream filename/URL token,F:\云南极端降水数据\raw\GFS\2025\20250701\gfs_0p25_2025070100_f000.nc global attribute original_grib_url,DIRECT,DIRECT means attribute observed; upstream truth and byte identity are not independently proved
2025070100_f000,legacy_history_before_20260925,"Translated to CF-1.0 Conventions by Netcdf-Java CDM (CFGridCoverageWriter)
Original Dataset = gfs.0p25.2023062212.f000.grib2#SRC; Translation Date = 2026-07-26T01:53:49.621Z",conversion/creation narrative,F:\云南极端降水数据\raw\GFS\2025\20250701\gfs_0p25_2025070100_f000.nc global attribute legacy_history_before_20260925,DIRECT,DIRECT means attribute observed; upstream truth and byte identity are not independently proved
2025070100_f000,History,Provenance normalized from https://noaa-gfs-bdp-pds.s3.amazonaws.com/gfs.20250701/00/atmos/gfs.t00z.pgrb2.0p25.f000; metadata frozen 2026-09-25,conversion/creation narrative,F:\云南极端降水数据\raw\GFS\2025\20250701\gfs_0p25_2025070100_f000.nc global attribute History,DIRECT,DIRECT means attribute observed; upstream truth and byte identity are not independently proved
2025070112_f003,Originating_or_generating_Center,"US National Weather Service, National Centres for Environmental Prediction (NCEP)",generating center or process,F:\云南极端降水数据\raw\GFS\2025\20250701\gfs_0p25_2025070112_f003.nc global attribute Originating_or_generating_Center,DIRECT,DIRECT means attribute observed; upstream truth and byte identity are not independently proved
2025070112_f003,Originating_or_generating_Subcenter,0,generating center or process,F:\云南极端降水数据\raw\GFS\2025\20250701\gfs_0p25_2025070112_f003.nc global attribute Originating_or_generating_Subcenter,DIRECT,DIRECT means attribute observed; upstream truth and byte identity are not independently proved
2025070112_f003,Type_of_generating_process,Forecast,generating process,F:\云南极端降水数据\raw\GFS\2025\20250701\gfs_0p25_2025070112_f003.nc global attribute Type_of_generating_process,DIRECT,DIRECT means attribute observed; upstream truth and byte identity are not independently proved
2025070112_f003,Analysis_or_forecast_generating_process_identifier_defined_by_originating_centre,Analysis from GFS (Global Forecast System),generating center or process,F:\云南极端降水数据\raw\GFS\2025\20250701\gfs_0p25_2025070112_f003.nc global attribute Analysis_or_forecast_generating_process_identifier_defined_by_originating_centre,DIRECT,DIRECT means attribute observed; upstream truth and byte identity are not independently proved
2025070112_f003,history,Read using CDM IOSP GribCollection v3,conversion/creation narrative,F:\云南极端降水数据\raw\GFS\2025\20250701\gfs_0p25_2025070112_f003.nc global attribute history,DIRECT,DIRECT means attribute observed; upstream truth and byte identity are not independently proved
2025070112_f003,source,NOAA GFS AWS Open Data (noaa-gfs-bdp-pds); primary source with NCAR-compatible normalization; NCAR GDEX fallback enabled,"declared archive/retrieval source, not necessarily generating center",F:\云南极端降水数据\raw\GFS\2025\20250701\gfs_0p25_2025070112_f003.nc global attribute source,DIRECT,DIRECT means attribute observed; upstream truth and byte identity are not independently proved
2025070112_f003,original_grib_url,https://noaa-gfs-bdp-pds.s3.amazonaws.com/gfs.20250701/12/atmos/gfs.t12z.pgrb2.0p25.f003,upstream filename/URL token,F:\云南极端降水数据\raw\GFS\2025\20250701\gfs_0p25_2025070112_f003.nc global attribute original_grib_url,DIRECT,DIRECT means attribute observed; upstream truth and byte identity are not independently proved
2025070112_f003,legacy_history_before_20260925,"Translated to CF-1.0 Conventions by Netcdf-Java CDM (CFGridCoverageWriter)
Original Dataset = gfs.0p25.2023062212.f000.grib2#SRC; Translation Date = 2026-07-26T01:53:49.621Z",conversion/creation narrative,F:\云南极端降水数据\raw\GFS\2025\20250701\gfs_0p25_2025070112_f003.nc global attribute legacy_history_before_20260925,DIRECT,DIRECT means attribute observed; upstream truth and byte identity are not independently proved
2025070112_f003,History,Provenance normalized from https://noaa-gfs-bdp-pds.s3.amazonaws.com/gfs.20250701/12/atmos/gfs.t12z.pgrb2.0p25.f003; metadata frozen 2026-09-25,conversion/creation narrative,F:\云南极端降水数据\raw\GFS\2025\20250701\gfs_0p25_2025070112_f003.nc global attribute History,DIRECT,DIRECT means attribute observed; upstream truth and byte identity are not independently proved
2025070100_f006,Originating_or_generating_Center,"US National Weather Service, National Centres for Environmental Prediction (NCEP)",generating center or process,F:\云南极端降水数据\raw\GFS\2025\20250701\gfs_0p25_2025070100_f006.nc global attribute Originating_or_generating_Center,DIRECT,DIRECT means attribute observed; upstream truth and byte identity are not independently proved
2025070100_f006,Originating_or_generating_Subcenter,0,generating center or process,F:\云南极端降水数据\raw\GFS\2025\20250701\gfs_0p25_2025070100_f006.nc global attribute Originating_or_generating_Subcenter,DIRECT,DIRECT means attribute observed; upstream truth and byte identity are not independently proved
2025070100_f006,Type_of_generating_process,Forecast,generating process,F:\云南极端降水数据\raw\GFS\2025\20250701\gfs_0p25_2025070100_f006.nc global attribute Type_of_generating_process,DIRECT,DIRECT means attribute observed; upstream truth and byte identity are not independently proved
2025070100_f006,Analysis_or_forecast_generating_process_identifier_defined_by_originating_centre,Analysis from GFS (Global Forecast System),generating center or process,F:\云南极端降水数据\raw\GFS\2025\20250701\gfs_0p25_2025070100_f006.nc global attribute Analysis_or_forecast_generating_process_identifier_defined_by_originating_centre,DIRECT,DIRECT means attribute observed; upstream truth and byte identity are not independently proved
2025070100_f006,history,Read using CDM IOSP GribCollection v3,conversion/creation narrative,F:\云南极端降水数据\raw\GFS\2025\20250701\gfs_0p25_2025070100_f006.nc global attribute history,DIRECT,DIRECT means attribute observed; upstream truth and byte identity are not independently proved
2025070100_f006,source,NOAA GFS AWS Open Data (noaa-gfs-bdp-pds); primary source with NCAR-compatible normalization; NCAR GDEX fallback enabled,"declared archive/retrieval source, not necessarily generating center",F:\云南极端降水数据\raw\GFS\2025\20250701\gfs_0p25_2025070100_f006.nc global attribute source,DIRECT,DIRECT means attribute observed; upstream truth and byte identity are not independently proved
2025070100_f006,original_grib_url,https://noaa-gfs-bdp-pds.s3.amazonaws.com/gfs.20250701/00/atmos/gfs.t00z.pgrb2.0p25.f006,upstream filename/URL token,F:\云南极端降水数据\raw\GFS\2025\20250701\gfs_0p25_2025070100_f006.nc global attribute original_grib_url,DIRECT,DIRECT means attribute observed; upstream truth and byte identity are not independently proved
2025070100_f006,legacy_history_before_20260925,"Translated to CF-1.0 Conventions by Netcdf-Java CDM (CFGridCoverageWriter)
Original Dataset = gfs.0p25.2023062212.f000.grib2#SRC; Translation Date = 2026-07-26T01:53:49.621Z",conversion/creation narrative,F:\云南极端降水数据\raw\GFS\2025\20250701\gfs_0p25_2025070100_f006.nc global attribute legacy_history_before_20260925,DIRECT,DIRECT means attribute observed; upstream truth and byte identity are not independently proved
2025070100_f006,History,Provenance normalized from https://noaa-gfs-bdp-pds.s3.amazonaws.com/gfs.20250701/00/atmos/gfs.t00z.pgrb2.0p25.f006; metadata frozen 2026-09-25,conversion/creation narrative,F:\云南极端降水数据\raw\GFS\2025\20250701\gfs_0p25_2025070100_f006.nc global attribute History,DIRECT,DIRECT means attribute observed; upstream truth and byte identity are not independently proved
2025100100_f000,Originating_or_generating_Center,"US National Weather Service, National Centres for Environmental Prediction (NCEP)",generating center or process,F:\云南极端降水数据\raw\GFS\2025\20251001\gfs_0p25_2025100100_f000.nc global attribute Originating_or_generating_Center,DIRECT,DIRECT means attribute observed; upstream truth and byte identity are not independently proved
2025100100_f000,Originating_or_generating_Subcenter,0,generating center or process,F:\云南极端降水数据\raw\GFS\2025\20251001\gfs_0p25_2025100100_f000.nc global attribute Originating_or_generating_Subcenter,DIRECT,DIRECT means attribute observed; upstream truth and byte identity are not independently proved
2025100100_f000,Type_of_generating_process,Forecast,generating process,F:\云南极端降水数据\raw\GFS\2025\20251001\gfs_0p25_2025100100_f000.nc global attribute Type_of_generating_process,DIRECT,DIRECT means attribute observed; upstream truth and byte identity are not independently proved
2025100100_f000,Analysis_or_forecast_generating_process_identifier_defined_by_originating_centre,Analysis from GFS (Global Forecast System),generating center or process,F:\云南极端降水数据\raw\GFS\2025\20251001\gfs_0p25_2025100100_f000.nc global attribute Analysis_or_forecast_generating_process_identifier_defined_by_originating_centre,DIRECT,DIRECT means attribute observed; upstream truth and byte identity are not independently proved
2025100100_f000,history,Read using CDM IOSP GribCollection v3,conversion/creation narrative,F:\云南极端降水数据\raw\GFS\2025\20251001\gfs_0p25_2025100100_f000.nc global attribute history,DIRECT,DIRECT means attribute observed; upstream truth and byte identity are not independently proved
2025100100_f000,source,NOAA GFS AWS Open Data (noaa-gfs-bdp-pds); primary source with NCAR-compatible normalization; NCAR GDEX fallback enabled,"declared archive/retrieval source, not necessarily generating center",F:\云南极端降水数据\raw\GFS\2025\20251001\gfs_0p25_2025100100_f000.nc global attribute source,DIRECT,DIRECT means attribute observed; upstream truth and byte identity are not independently proved
2025100100_f000,original_grib_url,https://noaa-gfs-bdp-pds.s3.amazonaws.com/gfs.20251001/00/atmos/gfs.t00z.pgrb2.0p25.f000,upstream filename/URL token,F:\云南极端降水数据\raw\GFS\2025\20251001\gfs_0p25_2025100100_f000.nc global attribute original_grib_url,DIRECT,DIRECT means attribute observed; upstream truth and byte identity are not independently proved
2025100100_f000,legacy_history_before_20260925,"Translated to CF-1.0 Conventions by Netcdf-Java CDM (CFGridCoverageWriter)
Original Dataset = gfs.0p25.2023062212.f000.grib2#SRC; Translation Date = 2026-07-26T01:53:49.621Z",conversion/creation narrative,F:\云南极端降水数据\raw\GFS\2025\20251001\gfs_0p25_2025100100_f000.nc global attribute legacy_history_before_20260925,DIRECT,DIRECT means attribute observed; upstream truth and byte identity are not independently proved
2025100100_f000,History,Provenance normalized from https://noaa-gfs-bdp-pds.s3.amazonaws.com/gfs.20251001/00/atmos/gfs.t00z.pgrb2.0p25.f000; metadata frozen 2026-09-25,conversion/creation narrative,F:\云南极端降水数据\raw\GFS\2025\20251001\gfs_0p25_2025100100_f000.nc global attribute History,DIRECT,DIRECT means attribute observed; upstream truth and byte identity are not independently proved
2025100112_f003,Originating_or_generating_Center,"US National Weather Service, National Centres for Environmental Prediction (NCEP)",generating center or process,F:\云南极端降水数据\raw\GFS\2025\20251001\gfs_0p25_2025100112_f003.nc global attribute Originating_or_generating_Center,DIRECT,DIRECT means attribute observed; upstream truth and byte identity are not independently proved
2025100112_f003,Originating_or_generating_Subcenter,0,generating center or process,F:\云南极端降水数据\raw\GFS\2025\20251001\gfs_0p25_2025100112_f003.nc global attribute Originating_or_generating_Subcenter,DIRECT,DIRECT means attribute observed; upstream truth and byte identity are not independently proved
2025100112_f003,Type_of_generating_process,Forecast,generating process,F:\云南极端降水数据\raw\GFS\2025\20251001\gfs_0p25_2025100112_f003.nc global attribute Type_of_generating_process,DIRECT,DIRECT means attribute observed; upstream truth and byte identity are not independently proved
2025100112_f003,Analysis_or_forecast_generating_process_identifier_defined_by_originating_centre,Analysis from GFS (Global Forecast System),generating center or process,F:\云南极端降水数据\raw\GFS\2025\20251001\gfs_0p25_2025100112_f003.nc global attribute Analysis_or_forecast_generating_process_identifier_defined_by_originating_centre,DIRECT,DIRECT means attribute observed; upstream truth and byte identity are not independently proved
2025100112_f003,history,Read using CDM IOSP GribCollection v3,conversion/creation narrative,F:\云南极端降水数据\raw\GFS\2025\20251001\gfs_0p25_2025100112_f003.nc global attribute history,DIRECT,DIRECT means attribute observed; upstream truth and byte identity are not independently proved
2025100112_f003,source,NOAA GFS AWS Open Data (noaa-gfs-bdp-pds); primary source with NCAR-compatible normalization; NCAR GDEX fallback enabled,"declared archive/retrieval source, not necessarily generating center",F:\云南极端降水数据\raw\GFS\2025\20251001\gfs_0p25_2025100112_f003.nc global attribute source,DIRECT,DIRECT means attribute observed; upstream truth and byte identity are not independently proved
2025100112_f003,original_grib_url,https://noaa-gfs-bdp-pds.s3.amazonaws.com/gfs.20251001/12/atmos/gfs.t12z.pgrb2.0p25.f003,upstream filename/URL token,F:\云南极端降水数据\raw\GFS\2025\20251001\gfs_0p25_2025100112_f003.nc global attribute original_grib_url,DIRECT,DIRECT means attribute observed; upstream truth and byte identity are not independently proved
2025100112_f003,legacy_history_before_20260925,"Translated to CF-1.0 Conventions by Netcdf-Java CDM (CFGridCoverageWriter)
Original Dataset = gfs.0p25.2023062212.f000.grib2#SRC; Translation Date = 2026-07-26T01:53:49.621Z",conversion/creation narrative,F:\云南极端降水数据\raw\GFS\2025\20251001\gfs_0p25_2025100112_f003.nc global attribute legacy_history_before_20260925,DIRECT,DIRECT means attribute observed; upstream truth and byte identity are not independently proved
2025100112_f003,History,Provenance normalized from https://noaa-gfs-bdp-pds.s3.amazonaws.com/gfs.20251001/12/atmos/gfs.t12z.pgrb2.0p25.f003; metadata frozen 2026-09-25,conversion/creation narrative,F:\云南极端降水数据\raw\GFS\2025\20251001\gfs_0p25_2025100112_f003.nc global attribute History,DIRECT,DIRECT means attribute observed; upstream truth and byte identity are not independently proved
2025100100_f006,Originating_or_generating_Center,"US National Weather Service, National Centres for Environmental Prediction (NCEP)",generating center or process,F:\云南极端降水数据\raw\GFS\2025\20251001\gfs_0p25_2025100100_f006.nc global attribute Originating_or_generating_Center,DIRECT,DIRECT means attribute observed; upstream truth and byte identity are not independently proved
2025100100_f006,Originating_or_generating_Subcenter,0,generating center or process,F:\云南极端降水数据\raw\GFS\2025\20251001\gfs_0p25_2025100100_f006.nc global attribute Originating_or_generating_Subcenter,DIRECT,DIRECT means attribute observed; upstream truth and byte identity are not independently proved
2025100100_f006,Type_of_generating_process,Forecast,generating process,F:\云南极端降水数据\raw\GFS\2025\20251001\gfs_0p25_2025100100_f006.nc global attribute Type_of_generating_process,DIRECT,DIRECT means attribute observed; upstream truth and byte identity are not independently proved
2025100100_f006,Analysis_or_forecast_generating_process_identifier_defined_by_originating_centre,Analysis from GFS (Global Forecast System),generating center or process,F:\云南极端降水数据\raw\GFS\2025\20251001\gfs_0p25_2025100100_f006.nc global attribute Analysis_or_forecast_generating_process_identifier_defined_by_originating_centre,DIRECT,DIRECT means attribute observed; upstream truth and byte identity are not independently proved
2025100100_f006,history,Read using CDM IOSP GribCollection v3,conversion/creation narrative,F:\云南极端降水数据\raw\GFS\2025\20251001\gfs_0p25_2025100100_f006.nc global attribute history,DIRECT,DIRECT means attribute observed; upstream truth and byte identity are not independently proved
2025100100_f006,source,NOAA GFS AWS Open Data (noaa-gfs-bdp-pds); primary source with NCAR-compatible normalization; NCAR GDEX fallback enabled,"declared archive/retrieval source, not necessarily generating center",F:\云南极端降水数据\raw\GFS\2025\20251001\gfs_0p25_2025100100_f006.nc global attribute source,DIRECT,DIRECT means attribute observed; upstream truth and byte identity are not independently proved
2025100100_f006,original_grib_url,https://noaa-gfs-bdp-pds.s3.amazonaws.com/gfs.20251001/00/atmos/gfs.t00z.pgrb2.0p25.f006,upstream filename/URL token,F:\云南极端降水数据\raw\GFS\2025\20251001\gfs_0p25_2025100100_f006.nc global attribute original_grib_url,DIRECT,DIRECT means attribute observed; upstream truth and byte identity are not independently proved
2025100100_f006,legacy_history_before_20260925,"Translated to CF-1.0 Conventions by Netcdf-Java CDM (CFGridCoverageWriter)
Original Dataset = gfs.0p25.2023062212.f000.grib2#SRC; Translation Date = 2026-07-26T01:53:49.621Z",conversion/creation narrative,F:\云南极端降水数据\raw\GFS\2025\20251001\gfs_0p25_2025100100_f006.nc global attribute legacy_history_before_20260925,DIRECT,DIRECT means attribute observed; upstream truth and byte identity are not independently proved
2025100100_f006,History,Provenance normalized from https://noaa-gfs-bdp-pds.s3.amazonaws.com/gfs.20251001/00/atmos/gfs.t00z.pgrb2.0p25.f006; metadata frozen 2026-09-25,conversion/creation narrative,F:\云南极端降水数据\raw\GFS\2025\20251001\gfs_0p25_2025100100_f006.nc global attribute History,DIRECT,DIRECT means attribute observed; upstream truth and byte identity are not independently proved
