path,records,status_counts,timestamp_min,timestamp_max,requested_url_records,timestamp_interpretation
F:\云南极端降水数据\manifests\gfs_aws_core_unify_manifest.jsonl,643,"{""downloaded"": 643}",2026-09-24T16:11:18.386190+00:00,2026-09-24T17:23:35.482988+00:00,0,local manifest event; not official publication; skipped is not completion
F:\云南极端降水数据\manifests\gfs_aws_primary_manifest.jsonl,11802,"{""complete"": 11802}",2026-07-26T10:32:24+08:00,2026-08-25T12:18:13+08:00,11802,local manifest event; not official publication; skipped is not completion
F:\云南极端降水数据\manifests\gfs_fallback_manifest.jsonl,4,"{""complete"": 4}",2026-07-24T10:09:45+08:00,2026-08-23T20:00:44+08:00,2,local manifest event; not official publication; skipped is not completion
F:\云南极端降水数据\manifests\gfs_manifest.jsonl,21246,"{""complete"": 21246}",2026-07-21T16:48:10+08:00,2026-08-25T12:18:13+08:00,11804,local manifest event; not official publication; skipped is not completion
F:\云南极端降水数据\manifests\gfs_ncar_complete_manifest.jsonl,15373,"{""downloaded"": 3148, ""skipped"": 12224, ""failed"": 1}",2026-09-01T03:12:29.062720+00:00,2026-09-03T00:38:48.487409+00:00,0,local manifest event; not official publication; skipped is not completion
F:\云南极端降水数据\manifests\gfs_ncar_thermo_f003_f006_2025_parallel_manifest.jsonl,1960,"{""downloaded"": 1960}",2026-09-24T16:23:21.032175+00:00,2026-09-24T17:15:09.797273+00:00,0,local manifest event; not official publication; skipped is not completion
F:\云南极端降水数据\manifests\gfs_ncar_thermo_f003_f006_manifest.jsonl,5886,"{""failed"": 8, ""downloaded"": 3918, ""skipped"": 1960}",2026-09-24T15:57:46.566269+00:00,2026-09-24T17:42:09.316816+00:00,0,local manifest event; not official publication; skipped is not completion
F:\云南极端降水数据\manifests\gfs_ncar_thermo_f003_retry_2023072406_manifest.jsonl,1,"{""downloaded"": 1}",2026-09-24T16:31:36.910337+00:00,2026-09-24T16:31:36.910337+00:00,0,local manifest event; not official publication; skipped is not completion
F:\云南极端降水数据\manifests\gfs_ncar_thermo_f006_retry_2024102012_manifest.jsonl,1,"{""downloaded"": 1}",2026-09-24T17:39:31.592586+00:00,2026-09-24T17:39:31.592586+00:00,0,local manifest event; not official publication; skipped is not completion
F:\云南极端降水数据\manifests\gfs_ncar_thermo_manifest.jsonl,31075,"{""downloaded"": 7080, ""skipped"": 23924, ""failed"": 71}",2026-09-01T03:17:55.841060+00:00,2026-09-03T00:39:00.057690+00:00,0,local manifest event; not official publication; skipped is not completion
