group,model,N_valid,N_rain,Core_loss,Brier,AUROC,AP,conditional_pinball,DIAGNOSTIC_PROXY_Bias_mm_h,DIAGNOSTIC_PROXY_MAE_mm_h,DIAGNOSTIC_PROXY_RMSE_mm_h,POD_FAR_CSI,scope,Core_loss_ci_lower,Brier_ci_lower,AUROC_ci_lower,AP_ci_lower,conditional_pinball_ci_lower,Core_loss_ci_upper,Brier_ci_upper,AUROC_ci_upper,AP_ci_upper,conditional_pinball_ci_upper
ALL,B0_MATCHED_V2,36018430,4496600,0.0487596076193766,0.09686762633953126,0.8863570372722713,0.5672326912158889,0.12488545829163177,0.028232088059915488,0.25311146097739246,0.8012766752218962,THRESHOLD_NOT_FROZEN,EXPLORATORY_2024_DEVELOPMENT,0.0399194558637401,0.08155508233127719,0.8689828660084528,0.5220973163772787,0.1196076440158497,0.05719328780642193,0.11119400947436633,0.9032463189630039,0.6076770244028049,0.13028840193359018
ALL,B1_V2,36018430,4496600,0.047816404266642944,0.09525347050913102,0.893468821807229,0.5859049244520397,0.1241132228678147,0.021719055886627897,0.24622956156788653,0.7980259684699814,THRESHOLD_NOT_FROZEN,EXPLORATORY_2024_DEVELOPMENT,0.03917655313336127,0.08063259024483056,0.8777958713160525,0.5447414216970211,0.11864605929208334,0.0561547889829785,0.10896929582847051,0.9089107298993131,0.6205401988920315,0.12960862727747938
MONTH_03,B0_MATCHED_V2,4537890,75525,0.009771585645844832,0.026663614668923894,0.9399285916439025,0.2924635876856923,0.13546369537868314,0.04272580088270196,0.07631746127656747,0.33657816073227836,THRESHOLD_NOT_FROZEN,EXPLORATORY_2024_DEVELOPMENT,0.002337364452618721,0.010721269124185204,0.8938130442531409,0.06329304963865713,0.059514693327258145,0.019809214719291694,0.0485441597690229,0.95717339540657,0.3469491636983785,0.15589623451393483
MONTH_03,B1_V2,4537890,75525,0.00981534507642384,0.02856466891895359,0.9404778428647308,0.3145718366344741,0.13448952646152915,0.046291421389881605,0.07899178007164329,0.3367285613313987,THRESHOLD_NOT_FROZEN,EXPLORATORY_2024_DEVELOPMENT,0.0024776358791230935,0.01239183230989325,0.894320640509572,0.06282195114647558,0.059260459321382936,0.019903550966113844,0.051074366008983234,0.9562243059513407,0.3791990145002575,0.15146218233090744
MONTH_04,B0_MATCHED_V2,4386970,145261,0.017856122900371356,0.04381468104245666,0.9123361542313807,0.311512077887543,0.12855519052913053,0.05198173846122651,0.11285687597731277,0.451547506300732,THRESHOLD_NOT_FROZEN,EXPLORATORY_2024_DEVELOPMENT,0.012008830239726946,0.031344094020317834,0.8950459447164902,0.2257209530653365,0.09917616364402039,0.024898573234470027,0.05861735654380112,0.9256326525860782,0.3477597579224722,0.13889631516409692
MONTH_04,B1_V2,4386970,145261,0.01785597271312344,0.04344865931997857,0.9126137857506385,0.32106054810136053,0.1285952622983349,0.0488880308997775,0.1099124518290689,0.45122737934731716,THRESHOLD_NOT_FROZEN,EXPLORATORY_2024_DEVELOPMENT,0.012279594148732876,0.03223155930808545,0.8972180607698329,0.22371983254168068,0.10077221035474968,0.024578104366537828,0.05583019884293873,0.9265218877890357,0.36636970567085625,0.1380615442565586
MONTH_05,B0_MATCHED_V2,4575620,622805,0.05759576460555649,0.10669617181034143,0.8547703907738637,0.4727265398956439,0.13471667172979113,0.013300857548551502,0.28185413437515106,0.9388242887531105,THRESHOLD_NOT_FROZEN,EXPLORATORY_2024_DEVELOPMENT,0.039474077595382746,0.07922525745271158,0.8379630519887775,0.3841778787799945,0.12593144581696927,0.07376019742270758,0.13070510683513623,0.8648265478128755,0.5396440681345244,0.1478204365019319
MONTH_05,B1_V2,4575620,622805,0.05560514342532465,0.10688008341375624,0.8665207896742522,0.5055211547792833,0.1332159625083341,0.020771878554745948,0.281040363621478,0.935186751689612,THRESHOLD_NOT_FROZEN,EXPLORATORY_2024_DEVELOPMENT,0.03812907329452864,0.08027373009630304,0.850355869028269,0.40397195706185957,0.12374830721997598,0.0715004812650336,0.13057320880787782,0.8745509023365134,0.5570484938418778,0.14602409026595223
MONTH_06,B0_MATCHED_V2,4434990,771002,0.06646708269594241,0.13101287993701166,0.8618382844822918,0.6086674991249944,0.13668401050681558,0.0186408079977206,0.3985383044055166,1.142329887557552,THRESHOLD_NOT_FROZEN,EXPLORATORY_2024_DEVELOPMENT,0.05236778702731672,0.11049792739444247,0.8253231350847758,0.5705778680686256,0.12756549202020212,0.08330641141616861,0.15511605833858752,0.8812366028848394,0.6454677768219094,0.14819062596510163
MONTH_06,B1_V2,4434990,771002,0.06515790742997299,0.12854400415746084,0.8705298636439697,0.6249989350787908,0.1346796007617179,0.004826703504459968,0.38600736738919894,1.1353337326140251,THRESHOLD_NOT_FROZEN,EXPLORATORY_2024_DEVELOPMENT,0.051204824388788144,0.10921615215390436,0.8340488108499832,0.5791523862237906,0.12624079410868905,0.0818384466146775,0.1518517991704037,0.8892616667425792,0.6597582555831645,0.1456836883593654
MONTH_07,B0_MATCHED_V2,4596200,989563,0.07443672568522004,0.14253535148543672,0.8535480042745986,0.6367085863405924,0.12201068010724898,0.015279107241185665,0.38711801183220634,0.963610542511251,THRESHOLD_NOT_FROZEN,EXPLORATORY_2024_DEVELOPMENT,0.06199998152995865,0.1291965073097226,0.816809825564791,0.518698035949538,0.10662309331325306,0.098600084181595,0.16585510355680033,0.8820884502058123,0.7336417578587372,0.13528009708291167
MONTH_07,B1_V2,4596200,989563,0.07334440128148793,0.1357743385986209,0.8628555821815433,0.6511497698357165,0.12166203012301478,-0.01927720963617704,0.36332841397612886,0.9613696087789242,THRESHOLD_NOT_FROZEN,EXPLORATORY_2024_DEVELOPMENT,0.05978023255779961,0.11984642482384139,0.8318830237790764,0.5469318118039977,0.1041495024691239,0.09904263432940878,0.16219149523475446,0.8848157474392684,0.7339328957137474,0.13756768576022174
MONTH_08,B0_MATCHED_V2,4575620,778356,0.06098393627548807,0.12106422701135562,0.8809721718374306,0.632969470384428,0.12439709844195182,0.03675259714618763,0.32225939734708314,0.8694806931436768,THRESHOLD_NOT_FROZEN,EXPLORATORY_2024_DEVELOPMENT,0.05061751840527174,0.10539189747599434,0.8715500479606488,0.5956259408517285,0.12035737813312268,0.07002093715548009,0.13687309941312273,0.8925016985170997,0.6594079736840383,0.13176748178356892
MONTH_08,B1_V2,4575620,778356,0.05962087891399232,0.11602217446044284,0.8888313023428556,0.6525449315809445,0.12270039153939172,0.02221947956055807,0.30788840167339293,0.8609030166357725,THRESHOLD_NOT_FROZEN,EXPLORATORY_2024_DEVELOPMENT,0.04972681699219528,0.09970546267864745,0.8806347267076171,0.6089077022654111,0.11804681975542226,0.06811296223364033,0.1322084399457274,0.8982017878993019,0.6849279870140244,0.13135089373807837
MONTH_09,B0_MATCHED_V2,4345810,667128,0.05750729661816059,0.11574837089346861,0.864243058857521,0.5844534344318215,0.11683847518811229,0.023675246122144337,0.2768396335341368,0.8121150833710135,THRESHOLD_NOT_FROZEN,EXPLORATORY_2024_DEVELOPMENT,0.03849613705280976,0.09010254783953597,0.8334232810988061,0.46138587446771673,0.10508576421846468,0.08264369187517838,0.1494105809023187,0.8930019308523345,0.6410309796889785,0.1240920609999139
MONTH_09,B1_V2,4345810,667128,0.05790735998912927,0.11323126974093801,0.8631975759589967,0.585995468472213,0.11770392784363687,0.011360752004508983,0.26879377228069445,0.816284985149294,THRESHOLD_NOT_FROZEN,EXPLORATORY_2024_DEVELOPMENT,0.03779558263085013,0.08736113471403371,0.8290713634690394,0.47494872320227094,0.10441875686636727,0.08395754778847872,0.1463430010889782,0.8971950971479005,0.6465104632628036,0.12534532974349433
MONTH_10,B0_MATCHED_V2,4565330,446960,0.044721738901183035,0.08640828116598014,0.8394545784863096,0.42675648705982294,0.10707991219488863,0.024124616689458152,0.1667318374327688,0.5343494633430721,THRESHOLD_NOT_FROZEN,EXPLORATORY_2024_DEVELOPMENT,0.02331418502591299,0.05036422966661547,0.7946091747627895,0.2767292311898863,0.0852681423474626,0.06354421327474787,0.11187257593751194,0.8713804913416632,0.506785598211158,0.12663312093856385
MONTH_10,B1_V2,4565330,446960,0.04258885021547682,0.0886056797164972,0.8529219676422095,0.4695207975089559,0.1074460702122703,0.03917840166155734,0.17160946052213988,0.5289206484803842,THRESHOLD_NOT_FROZEN,EXPLORATORY_2024_DEVELOPMENT,0.022310453633741317,0.055613297579402116,0.8062370789355703,0.30248795988714744,0.08377189725407178,0.05908454814866421,0.11069431199359064,0.8821428391208488,0.5427579010749584,0.12558581209613867
MAM,B0_MATCHED_V2,13500480,843591,0.028607352383851634,0.05936169523762293,0.9143340515284727,0.42777434464104686,0.13372258341020665,0.035760727141639,0.15785197177345867,0.6348679162853442,THRESHOLD_NOT_FROZEN,EXPLORATORY_2024_DEVELOPMENT,0.01652979571516267,0.03879717277496927,0.8880597090022712,0.3290553807869091,0.12675788285425285,0.041635519593743765,0.08109611817533395,0.9353958993841514,0.4930725193703687,0.14152000752536262
MAM,B1_V2,13500480,843591,0.02794734551970953,0.05994408626117353,0.919533843855407,0.45900085244877253,0.1325343269578841,0.038486033539547736,0.15751829166545095,0.6329984476641928,THRESHOLD_NOT_FROZEN,EXPLORATORY_2024_DEVELOPMENT,0.016339610357975674,0.03977501713380406,0.8958960483581768,0.3441592019614149,0.12566979477119428,0.04046577723344183,0.08137955458856401,0.937778767371258,0.5159130817609855,0.13953137596016782
JJA,B0_MATCHED_V2,13606810,2538921,0.0673152814054826,0.1315595421180211,0.8658195628861269,0.6255342388740082,0.1271981790936501,0.023595798597745354,0.3690300477722457,0.9965922093740608,THRESHOLD_NOT_FROZEN,EXPLORATORY_2024_DEVELOPMENT,0.059833936508083545,0.12108163235822549,0.8487646959538238,0.5825172954326474,0.12034470126659484,0.07563343984014433,0.1436638577879249,0.8800922837707024,0.6689684274099431,0.13432045254121439
JJA,B1_V2,13606810,2538921,0.06606123632352272,0.12677554621325424,0.8734532225645157,0.6402353944496656,0.1259334461443037,0.0025334641927335457,0.35207732003895975,0.9907340175232345,THRESHOLD_NOT_FROZEN,EXPLORATORY_2024_DEVELOPMENT,0.058510064370386666,0.11621140608651367,0.8580286704595286,0.6002689531467925,0.1181730398474794,0.07452372981257191,0.13862894292154002,0.8857946299598389,0.6774566109572688,0.13371778919489233
SO_PARTIAL_AUTUMN,B0_MATCHED_V2,8911140,1114088,0.0509570359094242,0.1007169392432426,0.8553393553208433,0.5251700126523446,0.1129234457510739,0.023905466378146917,0.2204295193651912,0.6840493323722642,THRESHOLD_NOT_FROZEN,EXPLORATORY_2024_DEVELOPMENT,0.036176910299859914,0.07683175146373408,0.8329580869095122,0.4377651526225142,0.10300396557737981,0.0663652224015361,0.12251759959673442,0.8793271441303687,0.5865814340809129,0.12124872566784178
SO_PARTIAL_AUTUMN,B1_V2,8911140,1114088,0.05005942445843973,0.1006151572226429,0.861739488477238,0.541473442050389,0.11358858682307511,0.0256122114708413,0.21900458099869438,0.68430821987304,THRESHOLD_NOT_FROZEN,EXPLORATORY_2024_DEVELOPMENT,0.03552158241104862,0.07825674333971896,0.8413731608655063,0.4635991070246436,0.10336240034365252,0.0656171279226808,0.12100199349574038,0.8849796919003434,0.5960053685156288,0.1218280020968808
CIVIL_DAY_PROXY,B0_MATCHED_V2,18127550,2280264,0.049223174758313996,0.09668553731515522,0.8823595911124746,0.5574067184379242,0.12218377742035769,0.029374299897553562,0.24863762178297136,0.7557786636322745,THRESHOLD_NOT_FROZEN,EXPLORATORY_2024_DEVELOPMENT,0.040197274526335314,0.08100195943060301,0.8636377852837444,0.5113220008847954,0.11670820246432889,0.057750785001187105,0.11138349766021574,0.9003172131318388,0.5961024239143285,0.127608935091666
CIVIL_DAY_PROXY,B1_V2,18127550,2280264,0.048487191569563805,0.09695366653547562,0.8875844024059046,0.5722413940556087,0.12154407098401292,0.025274504473937424,0.24283863671081268,0.7507878264592286,THRESHOLD_NOT_FROZEN,EXPLORATORY_2024_DEVELOPMENT,0.03961922071123393,0.08183420696870806,0.8708536975090103,0.5305722749883617,0.11600384058146733,0.057021644121276555,0.11080434166603417,0.9041787658790987,0.605803824859606,0.12688728540223976
CIVIL_NIGHT_PROXY,B0_MATCHED_V2,17890880,2216336,0.04828990816974388,0.09705212413359326,0.8908931991331435,0.5778477586033407,0.12766506645133988,0.02707476644144978,0.25764448247710775,0.8448812813970031,THRESHOLD_NOT_FROZEN,EXPLORATORY_2024_DEVELOPMENT,0.039563232620111105,0.0819658406133448,0.8744520582609866,0.5320803658024973,0.12238197760084289,0.05664190476177832,0.11126079982171536,0.9073122479648299,0.6219422580256272,0.13351636787992696
CIVIL_NIGHT_PROXY,B1_V2,17890880,2216336,0.047136743435366765,0.093530783392714,0.899312756231381,0.5996465793654029,0.12675647937367207,0.018116573949524595,0.2496653433680466,0.8431941486089841,THRESHOLD_NOT_FROZEN,EXPLORATORY_2024_DEVELOPMENT,0.03859371746019538,0.07925786324131638,0.8846096476928794,0.5569592033672741,0.12115846584900687,0.05543478775106752,0.10725642543144633,0.9138576116139865,0.6374251168929543,0.1329069849716122
DRY_LE_0.1,B0_MATCHED_V2,31521830,0,0.014748551407820021,0.06497605764557846,,,,0.14146654820245588,0.1415351665412921,0.24937027897615752,THRESHOLD_NOT_FROZEN,EXPLORATORY_2024_DEVELOPMENT_TRUTH_CONDITIONED,0.011672854525151623,0.05387092339071421,,,,0.01789031610105227,0.07598698734178334,,,
DRY_LE_0.1,B1_V2,31521830,0,0.015137427807887982,0.06514042415592043,,,,0.1342048745717512,0.1342801302781903,0.24240103180509984,THRESHOLD_NOT_FROZEN,EXPLORATORY_2024_DEVELOPMENT_TRUTH_CONDITIONED,0.01212566288642969,0.054803765202226816,,,,0.01819949483562233,0.07542486001750892,,,
"(0.1,1]",B0_MATCHED_V2,2764086,2764086,0.28081055961371926,0.36524181237730663,,1.0,0.08078954246007986,0.061926562733230134,0.31356335389410245,0.4715113292572998,THRESHOLD_NOT_FROZEN,EXPLORATORY_2024_DEVELOPMENT_TRUTH_CONDITIONED,0.26590576377161473,0.3479369651240277,,1.0,0.07668178688075925,0.29934092299100784,0.3847520145312249,,1.0,0.08465372086944417
"(0.1,1]",B1_V2,2764086,2764086,0.2707134519152332,0.3536064011011711,,1.0,0.07935556934433406,0.055091487088918624,0.31318784123104276,0.4674032249983199,THRESHOLD_NOT_FROZEN,EXPLORATORY_2024_DEVELOPMENT_TRUTH_CONDITIONED,0.2584674757514691,0.3388591921955917,,1.0,0.07601417640712246,0.2855467408361858,0.37075025964732655,,1.0,0.08271294997685967
"(1,5]",B0_MATCHED_V2,1470675,1470675,0.26579393097208526,0.2597746477550277,,1.0,0.15701914637959596,-1.273946765562824,1.3918815859184388,1.6887153028394346,THRESHOLD_NOT_FROZEN,EXPLORATORY_2024_DEVELOPMENT_TRUTH_CONDITIONED,0.2496797527762589,0.2451142675560903,,1.0,0.15115263048250333,0.2871533533813139,0.27936771133252497,,1.0,0.16407666277184885
"(1,5]",B1_V2,1470675,1470675,0.25440582352338853,0.24155948167340505,,1.0,0.15690071257556118,-1.2660533876308706,1.3808644056380341,1.677180791545274,THRESHOLD_NOT_FROZEN,EXPLORATORY_2024_DEVELOPMENT_TRUTH_CONDITIONED,0.24158398326990602,0.23020184153665252,,1.0,0.15159809534045468,0.27071820110571515,0.25635646039476895,,1.0,0.1626943957514059
"(5,10]",B0_MATCHED_V2,207616,207616,0.4288344165792645,0.19245590981751745,,1.0,0.3617695071605014,-5.076803098132668,5.083883501637775,5.345312605279758,THRESHOLD_NOT_FROZEN,EXPLORATORY_2024_DEVELOPMENT_TRUTH_CONDITIONED,0.3992139718517879,0.17794048414789168,,1.0,0.34074620596228977,0.4683776862717096,0.2130558495352784,,1.0,0.3883986348878585
"(5,10]",B1_V2,207616,207616,0.42154400507170225,0.17544425702734212,,1.0,0.3632747218109622,-5.063672327329162,5.069152517743454,5.327238940129856,THRESHOLD_NOT_FROZEN,EXPLORATORY_2024_DEVELOPMENT_TRUTH_CONDITIONED,0.3965654253016125,0.16390255700336967,,1.0,0.3440414172349711,0.45494578746468894,0.19192572652858464,,1.0,0.38704605315551266
"(10,20]",B0_MATCHED_V2,46735,46735,0.61186797046042,0.17171920996445875,,1.0,0.5563643076455832,-10.895707473199623,10.896151817257405,11.267629729761481,THRESHOLD_NOT_FROZEN,EXPLORATORY_2024_DEVELOPMENT_TRUTH_CONDITIONED,0.5720379652437407,0.15699275839023102,,1.0,0.5240632910816085,0.6661540513013907,0.19287159686626154,,1.0,0.5994487780817767
"(10,20]",B1_V2,46735,46735,0.6101855291609835,0.15596804485176163,,1.0,0.5624344748671533,-10.909644492117742,10.909786491343741,11.272672591479303,THRESHOLD_NOT_FROZEN,EXPLORATORY_2024_DEVELOPMENT_TRUTH_CONDITIONED,0.5754819141607334,0.1433890154659563,,1.0,0.5339677258004867,0.656996230137347,0.1735901506210121,,1.0,0.6011980635401463
"(20,30]",B0_MATCHED_V2,6053,6053,0.8515524481803942,0.17028006533640544,,1.0000000000000002,0.7951794442062824,-21.16710516650057,21.16710516650057,21.401535231029694,THRESHOLD_NOT_FROZEN,EXPLORATORY_2024_DEVELOPMENT_TRUTH_CONDITIONED,0.7975146305526752,0.15236397575850286,,1.0,0.7514873263318572,0.9193563173669723,0.19429244448525207,,1.0,0.8494705972659937
"(20,30]",B1_V2,6053,6053,0.8519930742154216,0.15604965647015712,,1.0000000000000002,0.8025479829854267,-21.21304483868333,21.21304483868333,21.438574028617406,THRESHOLD_NOT_FROZEN,EXPLORATORY_2024_DEVELOPMENT_TRUTH_CONDITIONED,0.8049628491015517,0.13918494700702996,,1.0,0.7644523165264518,0.9108300313449174,0.17802834898245323,,1.0,0.8500220455387931
"(30,50]",B0_MATCHED_V2,1366,1366,1.0229436470243913,0.1671593192730257,,1.0,0.969106963636759,-32.88729111027819,32.88729111027819,33.29270327902948,THRESHOLD_NOT_FROZEN,EXPLORATORY_2024_DEVELOPMENT_TRUTH_CONDITIONED,0.9476920294852834,0.1453767369271287,,1.0,0.9039970338124284,1.0978851435046022,0.18950902652243257,,1.0,1.0322746844859072
"(30,50]",B1_V2,1366,1366,1.0336488808895907,0.1555869303545526,,1.0,0.9855152377203179,-33.01862673422095,33.01862673422095,33.41672858327669,THRESHOLD_NOT_FROZEN,EXPLORATORY_2024_DEVELOPMENT_TRUTH_CONDITIONED,0.969743260015193,0.13630649127670835,,1.0,0.9309068428785661,1.0931799685996264,0.17479730942251046,,1.0,1.0370221524410488
"(50,inf)",B0_MATCHED_V2,69,69,1.185998651319175,0.15140279134114584,,0.9999999999999997,1.1410172096723497,-54.09729287376006,54.09729287376006,54.460970045398135,THRESHOLD_NOT_FROZEN,EXPLORATORY_2024_DEVELOPMENT_TRUTH_CONDITIONED,1.0796602132211124,0.11488328843662982,,1.0,1.0512040719517286,1.3057347877436103,0.19171021374141967,,1.0,1.2397792674663222
"(50,inf)",B1_V2,69,69,1.2095312986712197,0.14185731307319974,,1.0,1.1722848042291472,-54.403708024769976,54.403708024769976,54.774994366401145,THRESHOLD_NOT_FROZEN,EXPLORATORY_2024_DEVELOPMENT_TRUTH_CONDITIONED,1.1382696400877836,0.11768141415528768,,1.0,1.1110652770898648,1.2771861746109308,0.1681561836829552,,1.0,1.2295683655925436
