evidence_id,kind,path_or_url,sha256,size_bytes,role,status,limitation
LOCAL001,LOCAL_FILE,C:\Users\chenerxiao\.codex\skills\gpm-imerg-download\SKILL.md,5618358a03b7d22f2dff1e855d9ce1cd8c79962fb61370247cf80c5fd1e0df7b,4308.0,READ_ONLY_SOURCE_OR_PROVENANCE,VERIFIED_UNCHANGED,See source-specific audit scope; metadata probing did not inspect precipitation arrays
LOCAL002,LOCAL_FILE,C:\Users\chenerxiao\Desktop\降水反演的代码\gprof_ir-main\src\gprof_ir\imerg.py,2bcc1d5f37dfa198d105c9ff3c84a92aa61291f2dbe0f8dbb68b377353fd40a0,2488.0,READ_ONLY_SOURCE_OR_PROVENANCE,VERIFIED_UNCHANGED,See source-specific audit scope; metadata probing did not inspect precipitation arrays
LOCAL003,LOCAL_FILE,C:\Users\chenerxiao\Desktop\降水反演的代码\hydronn-main\hydronn\data\imerg.py,49b9094aa27c1166763a3126c77c28e731a55f3f3fae77594499b6ce1362ac8f,8921.0,READ_ONLY_SOURCE_OR_PROVENANCE,VERIFIED_UNCHANGED,See source-specific audit scope; metadata probing did not inspect precipitation arrays
LOCAL004,LOCAL_FILE,F:\pytorch\Research\outputs\stage0_continuous_engineering\run_20260928T041855_828904Z\CROSS_SOURCE\research_period_data_matrix.csv,33015d1cad9c40feb53b9651f10fa81c342a3aee7c552534d4dd2284d1158875,4686.0,IMMUTABLE_PRIOR_EVIDENCE,VERIFIED_UNCHANGED,See source-specific audit scope; metadata probing did not inspect precipitation arrays
LOCAL005,LOCAL_FILE,F:\pytorch\Research\outputs\stage0_p0_audit\run_20260927T161311_417313Z\IMERG\imerg_inventory.csv,9dfdd6d6d5f6d1326d48d66d46b54805ad1a043f9250aee58582a2c12ba05571,231987.0,IMMUTABLE_PRIOR_EVIDENCE,VERIFIED_UNCHANGED,See source-specific audit scope; metadata probing did not inspect precipitation arrays
LOCAL006,LOCAL_FILE,F:\pytorch\Research\outputs\stage0_p0_audit\run_20260927T161311_417313Z\IMERG\imerg_original_metadata.jsonl,c557211d1c506b1d72dd18f3216ae26ebb0627e3761576f7866a5f3bc2f3d3f6,2384573.0,IMMUTABLE_PRIOR_EVIDENCE,VERIFIED_UNCHANGED,See source-specific audit scope; metadata probing did not inspect precipitation arrays
LOCAL007,LOCAL_FILE,F:\pytorch\Research\outputs\stage0_p0_audit\run_20260927T161311_417313Z\IMERG\imerg_time_audit.csv,6445c5a81b3dee0c5c617f7bbd1385b8f7d83f831eef11244d214a363282ba84,4274296.0,IMMUTABLE_PRIOR_EVIDENCE,VERIFIED_UNCHANGED,See source-specific audit scope; metadata probing did not inspect precipitation arrays
LOCAL008,LOCAL_FILE,F:\pytorch\Research\outputs\stage0_p0_audit\run_20260927T161311_417313Z\IMERG\imerg_time_bounds_metadata_presence.csv,f097b7d43eba17300aaa120c32a1e08540c7347e483456b08465c7352e48051e,45.0,IMMUTABLE_PRIOR_EVIDENCE,VERIFIED_UNCHANGED,See source-specific audit scope; metadata probing did not inspect precipitation arrays
LOCAL009,LOCAL_FILE,F:\pytorch\Research\outputs\stage0_spatial_decision_update\run_20260928T102636_513428Z\COMPARISON\yunnan_imerg_mask_intersection_candidate.nc,1c9dd497a2855bd4d55f4988d3e8861ce25a9c5731b43223a61021ecfc69d6a5,19806.0,IMMUTABLE_PRIOR_EVIDENCE,VERIFIED_UNCHANGED,See source-specific audit scope; metadata probing did not inspect precipitation arrays
LOCAL010,LOCAL_FILE,F:\pytorch\Research\outputs\stage0_spatial_decision_update\run_20260928T102636_513428Z\FROZEN\BOUNDARY\gadm41_CHN_1.source.json.zip,656ea3e576a95f1172503c1f416c8a3b8267bc87e6c090c730a676e96d551478,714043.0,IMMUTABLE_PRIOR_EVIDENCE,VERIFIED_UNCHANGED,See source-specific audit scope; metadata probing did not inspect precipitation arrays
LOCAL011,LOCAL_FILE,F:\pytorch\Research\outputs\stage0_spatial_decision_update\run_20260928T102636_513428Z\FROZEN\BOUNDARY\yunnan_gadm41_level1_boundary.geojson,263216aac09e7c4548396b5ff91c43a37962b4847db8ad3f9784aac74f60675f,382905.0,IMMUTABLE_PRIOR_EVIDENCE,VERIFIED_UNCHANGED,See source-specific audit scope; metadata probing did not inspect precipitation arrays
LOCAL012,LOCAL_FILE,F:\pytorch\Research\outputs\stage0_spatial_decision_update\run_20260928T102636_513428Z\FROZEN\MASK\imerg_actual_coordinates.npz,4bf6ce3f9722c318c5db93bb4967660e82a53c498c90f3c6bacbf95c72ed912a,1578.0,IMMUTABLE_PRIOR_EVIDENCE,VERIFIED_UNCHANGED,See source-specific audit scope; metadata probing did not inspect precipitation arrays
LOCAL013,LOCAL_FILE,F:\pytorch\Research\outputs\stage0_spatial_decision_update\run_20260928T102636_513428Z\FROZEN\MASK\yunnan_evaluation_mask_center_gadm41_imerg_v1.nc,9d921def661fc3e58cd1ed783fcf87abbf493da6ae5e5fea79c28043f73495ef,20916.0,IMMUTABLE_PRIOR_EVIDENCE,VERIFIED_UNCHANGED,See source-specific audit scope; metadata probing did not inspect precipitation arrays
LOCAL014,LOCAL_FILE,F:\pytorch\Research\outputs\stage0_spatial_decision_update\run_20260928T102636_513428Z\PROVENANCE\adopted_center_candidate.nc,48697c58367adf497e502c139549e6e6622026dceea8de3eaaef876723a34d78,19781.0,IMMUTABLE_PRIOR_EVIDENCE,VERIFIED_UNCHANGED,See source-specific audit scope; metadata probing did not inspect precipitation arrays
LOCAL015,LOCAL_FILE,F:\pytorch\Research\outputs\stage0_spatial_decision_update\run_20260928T102636_513428Z\PROVENANCE\gadm41_CHN_1.original_member.json,0cc2dacb44375c1e36cf32145303b1f403e838658fb44de944af94df910deacc,2408414.0,IMMUTABLE_PRIOR_EVIDENCE,VERIFIED_UNCHANGED,See source-specific audit scope; metadata probing did not inspect precipitation arrays
LOCAL016,LOCAL_FILE,F:\pytorch\Research\outputs\stage0_spatial_decision_update\run_20260928T102636_513428Z\freeze_registry.json,04077f6d33f7535bcff28d426de4c1970da6c86255c32f16ec043fe2c12779df,7862.0,IMMUTABLE_PRIOR_EVIDENCE,VERIFIED_UNCHANGED,See source-specific audit scope; metadata probing did not inspect precipitation arrays
LOCAL017,LOCAL_FILE,F:\pytorch\Research\outputs\stage1_b0_engineering_smoke\run_20260928T121619_125413Z\B0_FORMAL_EXPERIMENT_HOLD.md,bf6812deb1d41c903dfa42e9186e5695cbea95d98eaaba97a2c3795275b8192d,2182.0,IMMUTABLE_PRIOR_EVIDENCE,VERIFIED_UNCHANGED,See source-specific audit scope; metadata probing did not inspect precipitation arrays
LOCAL018,LOCAL_FILE,F:\pytorch\Research\outputs\stage1_b0_engineering_smoke\run_20260928T121619_125413Z\B0_SMOKE\candidate_selection_rejections.csv,90c081a949b682a5bdd3f63de914398d6f79eff48ada0b2500d73949d5043d87,18.0,IMMUTABLE_PRIOR_EVIDENCE,VERIFIED_UNCHANGED,See source-specific audit scope; metadata probing did not inspect precipitation arrays
LOCAL019,LOCAL_FILE,F:\pytorch\Research\outputs\stage1_b0_engineering_smoke\run_20260928T121619_125413Z\B0_SMOKE\candidate_selection_rejections.parquet,933cc1ffb62154ba22f875aa8b26469d676bd7c3589798301e29a56ec695f4e0,487.0,IMMUTABLE_PRIOR_EVIDENCE,VERIFIED_UNCHANGED,See source-specific audit scope; metadata probing did not inspect precipitation arrays
LOCAL020,LOCAL_FILE,F:\pytorch\Research\outputs\stage1_b0_engineering_smoke\run_20260928T121619_125413Z\B0_SMOKE\checkpoint_reload_check.json,58f883af7d0547421f1bcb535f9919f6c7313ec5214f06c3c521f3207fd7238a,473.0,IMMUTABLE_PRIOR_EVIDENCE,VERIFIED_UNCHANGED,See source-specific audit scope; metadata probing did not inspect precipitation arrays
LOCAL021,LOCAL_FILE,F:\pytorch\Research\outputs\stage1_b0_engineering_smoke\run_20260928T121619_125413Z\B0_SMOKE\checkpoints\b0_smoke_only.pt,172ec91c37f44d82f5f15fd54995c28c435bd736515911dc38fd31ab30998673,382511.0,IMMUTABLE_PRIOR_EVIDENCE,VERIFIED_UNCHANGED,See source-specific audit scope; metadata probing did not inspect precipitation arrays
LOCAL022,LOCAL_FILE,F:\pytorch\Research\outputs\stage1_b0_engineering_smoke\run_20260928T121619_125413Z\B0_SMOKE\dataloader_check.json,b9efa9ec425c9609f593aa40097689a807b2513184152f06d3c27fed228baa84,588.0,IMMUTABLE_PRIOR_EVIDENCE,VERIFIED_UNCHANGED,See source-specific audit scope; metadata probing did not inspect precipitation arrays
LOCAL023,LOCAL_FILE,F:\pytorch\Research\outputs\stage1_b0_engineering_smoke\run_20260928T121619_125413Z\B0_SMOKE\diagnostic_metrics.json,0ce9cf7d9be10f77dca61cdc01f7e21a9c24c2cd342e9d4486976de92abfbc6d,483.0,IMMUTABLE_PRIOR_EVIDENCE,VERIFIED_UNCHANGED,See source-specific audit scope; metadata probing did not inspect precipitation arrays
LOCAL024,LOCAL_FILE,F:\pytorch\Research\outputs\stage1_b0_engineering_smoke\run_20260928T121619_125413Z\B0_SMOKE\execution_results.json,21cb5686dc7ab51840c856ae2b2050ce5dfcd2022c5e687afd5397216e5f53ac,859.0,IMMUTABLE_PRIOR_EVIDENCE,VERIFIED_UNCHANGED,See source-specific audit scope; metadata probing did not inspect precipitation arrays
LOCAL025,LOCAL_FILE,F:\pytorch\Research\outputs\stage1_b0_engineering_smoke\run_20260928T121619_125413Z\B0_SMOKE\gradient_update_check.json,dd51a8ef77d4b70ccb4a9b4193e801e097d461aecb848571af92ecab3df9521f,912.0,IMMUTABLE_PRIOR_EVIDENCE,VERIFIED_UNCHANGED,See source-specific audit scope; metadata probing did not inspect precipitation arrays
LOCAL026,LOCAL_FILE,F:\pytorch\Research\outputs\stage1_b0_engineering_smoke\run_20260928T121619_125413Z\B0_SMOKE\himawari_b13_reader_report.md,49af97b77a8f27ebf552a537698c9be09ed677e5c4abc47f2cd65ed159fc2cf8,1549.0,IMMUTABLE_PRIOR_EVIDENCE,VERIFIED_UNCHANGED,See source-specific audit scope; metadata probing did not inspect precipitation arrays
LOCAL027,LOCAL_FILE,F:\pytorch\Research\outputs\stage1_b0_engineering_smoke\run_20260928T121619_125413Z\B0_SMOKE\inference_check.json,3ab769758b2c0cbe6e0536402fd817a70363910d279ad3820dcdfd4703e42e40,201.0,IMMUTABLE_PRIOR_EVIDENCE,VERIFIED_UNCHANGED,See source-specific audit scope; metadata probing did not inspect precipitation arrays
LOCAL028,LOCAL_FILE,F:\pytorch\Research\outputs\stage1_b0_engineering_smoke\run_20260928T121619_125413Z\B0_SMOKE\inference_outputs.npz,edf772778119327d887df6ddff88ae15772fe0d468aa120a6354f2bb1453de77,17094.0,IMMUTABLE_PRIOR_EVIDENCE,VERIFIED_UNCHANGED,See source-specific audit scope; metadata probing did not inspect precipitation arrays
LOCAL029,LOCAL_FILE,F:\pytorch\Research\outputs\stage1_b0_engineering_smoke\run_20260928T121619_125413Z\B0_SMOKE\loss_contract.md,adde54798d28fb4551a19fca54cbb2e3ea8987772caa74c7bee6f7bd0c9fe74f,564.0,IMMUTABLE_PRIOR_EVIDENCE,VERIFIED_UNCHANGED,See source-specific audit scope; metadata probing did not inspect precipitation arrays
LOCAL030,LOCAL_FILE,F:\pytorch\Research\outputs\stage1_b0_engineering_smoke\run_20260928T121619_125413Z\B0_SMOKE\model_summary.txt,ba7aae50cd2d5d722902a512707c309e183ca5ec3cd2961b575d916fbbd9bd22,1564.0,IMMUTABLE_PRIOR_EVIDENCE,VERIFIED_UNCHANGED,See source-specific audit scope; metadata probing did not inspect precipitation arrays
LOCAL031,LOCAL_FILE,F:\pytorch\Research\outputs\stage1_b0_engineering_smoke\run_20260928T121619_125413Z\B0_SMOKE\performance_diagnostic.json,33067a06cdcfe95fe05a4df82b7c2b4d582d7090d5404ad9370db03074f55bfe,1311.0,IMMUTABLE_PRIOR_EVIDENCE,VERIFIED_UNCHANGED,See source-specific audit scope; metadata probing did not inspect precipitation arrays
LOCAL032,LOCAL_FILE,F:\pytorch\Research\outputs\stage1_b0_engineering_smoke\run_20260928T121619_125413Z\B0_SMOKE\reader_actual_metadata.json,564a4f4e36e4ba60301e2e276d782f357d24e15038617ea6e3a62377ea7b107f,53780.0,IMMUTABLE_PRIOR_EVIDENCE,VERIFIED_UNCHANGED,See source-specific audit scope; metadata probing did not inspect precipitation arrays
LOCAL033,LOCAL_FILE,F:\pytorch\Research\outputs\stage1_b0_engineering_smoke\run_20260928T121619_125413Z\B0_SMOKE\real_smoke_tensors.npz,9c4e51b815d25b5e4e073f2dc9c4978a6eba17b3eabbcfc4fd3879c7df7989dc,55990.0,IMMUTABLE_PRIOR_EVIDENCE,VERIFIED_UNCHANGED,See source-specific audit scope; metadata probing did not inspect precipitation arrays
LOCAL034,LOCAL_FILE,F:\pytorch\Research\outputs\stage1_b0_engineering_smoke\run_20260928T121619_125413Z\B0_SMOKE\selected_samples.json,eaccffcdc5b025b083bf8ecb54765c162d04ca4ebd4858084f92990a3985bb02,10441.0,IMMUTABLE_PRIOR_EVIDENCE,VERIFIED_UNCHANGED,See source-specific audit scope; metadata probing did not inspect precipitation arrays
LOCAL035,LOCAL_FILE,F:\pytorch\Research\outputs\stage1_b0_engineering_smoke\run_20260928T121619_125413Z\B0_SMOKE\smoke_sample_manifest.csv,cadcc8db0681449715d906d810adbd0a42d0c13775d4b3f2c21924eb2440d0ef,9337.0,IMMUTABLE_PRIOR_EVIDENCE,VERIFIED_UNCHANGED,See source-specific audit scope; metadata probing did not inspect precipitation arrays
LOCAL036,LOCAL_FILE,F:\pytorch\Research\outputs\stage1_b0_engineering_smoke\run_20260928T121619_125413Z\B0_SMOKE\smoke_sample_manifest.parquet,f773dd4ca2cabfa720266a7b0635198e5cc7cb55bc50a64c9c29b952235cb81d,9000.0,IMMUTABLE_PRIOR_EVIDENCE,VERIFIED_UNCHANGED,See source-specific audit scope; metadata probing did not inspect precipitation arrays
LOCAL037,LOCAL_FILE,F:\pytorch\Research\outputs\stage1_b0_engineering_smoke\run_20260928T121619_125413Z\B0_SMOKE\smoke_sample_metadata.json,aa35754d27fcc909feaa764c0bda10961baeb96d3876a9561326552b1eb7a692,17161.0,IMMUTABLE_PRIOR_EVIDENCE,VERIFIED_UNCHANGED,See source-specific audit scope; metadata probing did not inspect precipitation arrays
LOCAL038,LOCAL_FILE,F:\pytorch\Research\outputs\stage1_b0_engineering_smoke\run_20260928T121619_125413Z\B0_SMOKE\spatial_alignment_smoke_report.md,347d4d4a07feeb6b75deb1de8caf607d557e5b20941a8900fa57e38ba5ebfb9f,1868.0,IMMUTABLE_PRIOR_EVIDENCE,VERIFIED_UNCHANGED,See source-specific audit scope; metadata probing did not inspect precipitation arrays
LOCAL039,LOCAL_FILE,F:\pytorch\Research\outputs\stage1_b0_engineering_smoke\run_20260928T121619_125413Z\B0_SMOKE\step_log.csv,9d322fa2fd21209e33fcc8186ecd5bc90fc1a148f62b7144bb5833437c99c1f4,569.0,IMMUTABLE_PRIOR_EVIDENCE,VERIFIED_UNCHANGED,See source-specific audit scope; metadata probing did not inspect precipitation arrays
LOCAL040,LOCAL_FILE,F:\pytorch\Research\outputs\stage1_b0_engineering_smoke\run_20260928T121619_125413Z\B0_SMOKE\step_log.parquet,8b11c9b9c7b685352883739bea722ff90273ef3003bf8df0448bcd0b62c4643f,3022.0,IMMUTABLE_PRIOR_EVIDENCE,VERIFIED_UNCHANGED,See source-specific audit scope; metadata probing did not inspect precipitation arrays
LOCAL041,LOCAL_FILE,F:\pytorch\Research\outputs\stage1_b0_engineering_smoke\run_20260928T121619_125413Z\B0_SMOKE\tensor_contract.md,58a27b9d141ce6270a23909a7d81457b03cbdfed52e2be68396d9ba3ff13b3cc,1123.0,IMMUTABLE_PRIOR_EVIDENCE,VERIFIED_UNCHANGED,See source-specific audit scope; metadata probing did not inspect precipitation arrays
LOCAL042,LOCAL_FILE,F:\pytorch\Research\outputs\stage1_b0_engineering_smoke\run_20260928T121619_125413Z\B0_SMOKE\time_mapping_smoke_report.md,7b2c268d0dd0d153b3ede471ee20e69bc961cc703cd70027b97978cb776a4b49,1379.0,IMMUTABLE_PRIOR_EVIDENCE,VERIFIED_UNCHANGED,See source-specific audit scope; metadata probing did not inspect precipitation arrays
LOCAL043,LOCAL_FILE,F:\pytorch\Research\outputs\stage1_b0_engineering_smoke\run_20260928T121619_125413Z\FINAL_B0_ENGINEERING_SMOKE_REPORT.md,c3874db0e19a8f628df074bd5865e229c64d366ebb8c658eac017f64808600a0,9981.0,IMMUTABLE_PRIOR_EVIDENCE,VERIFIED_UNCHANGED,See source-specific audit scope; metadata probing did not inspect precipitation arrays
LOCAL044,LOCAL_FILE,F:\pytorch\Research\outputs\stage1_b0_engineering_smoke\run_20260928T121619_125413Z\PROVENANCE\researcher_time_mapping_approval.md,caa1e2ba9856b7a9259863a2dc3b52dee702fd47d34c83e85b7cd23e144dbc2b,960.0,IMMUTABLE_PRIOR_EVIDENCE,VERIFIED_UNCHANGED,See source-specific audit scope; metadata probing did not inspect precipitation arrays
LOCAL045,LOCAL_FILE,F:\pytorch\Research\outputs\stage1_b0_engineering_smoke\run_20260928T121619_125413Z\PROVENANCE\task_request.txt,7fd74eaedb67ee7eba6b5d79525eded4c895bfaf63152da5687496a68f1887a6,16898.0,IMMUTABLE_PRIOR_EVIDENCE,VERIFIED_UNCHANGED,See source-specific audit scope; metadata probing did not inspect precipitation arrays
LOCAL046,LOCAL_FILE,F:\pytorch\Research\outputs\stage1_b0_engineering_smoke\run_20260928T121619_125413Z\README.md,a1ba773de293274552aba6256386436e1401e53fa1f466161184f90bdb4f9c6e,1703.0,IMMUTABLE_PRIOR_EVIDENCE,VERIFIED_UNCHANGED,See source-specific audit scope; metadata probing did not inspect precipitation arrays
LOCAL047,LOCAL_FILE,F:\pytorch\Research\outputs\stage1_b0_engineering_smoke\run_20260928T121619_125413Z\b0_smoke_status.json,f60616228c5de814940b829da184c36a82d971793079ff198286ea75ad639d47,1649.0,IMMUTABLE_PRIOR_EVIDENCE,VERIFIED_UNCHANGED,See source-specific audit scope; metadata probing did not inspect precipitation arrays
LOCAL048,LOCAL_FILE,F:\pytorch\Research\outputs\stage1_b0_engineering_smoke\run_20260928T121619_125413Z\logs\before_fixture_exclusion_pytest_final.xml,8090b24f735925be24d53ef095312770fca708c2faa9e79eb7d426986d7c1984,5453.0,IMMUTABLE_PRIOR_EVIDENCE,VERIFIED_UNCHANGED,See source-specific audit scope; metadata probing did not inspect precipitation arrays
LOCAL049,LOCAL_FILE,F:\pytorch\Research\outputs\stage1_b0_engineering_smoke\run_20260928T121619_125413Z\logs\before_fixture_exclusion_pytest_final_output.txt,ba8eb2f7c249c49516cbb0f9b602af6a0a97a65933f9d12e8e7a2ac95bf3d596,101.0,IMMUTABLE_PRIOR_EVIDENCE,VERIFIED_UNCHANGED,See source-specific audit scope; metadata probing did not inspect precipitation arrays
LOCAL050,LOCAL_FILE,F:\pytorch\Research\outputs\stage1_b0_engineering_smoke\run_20260928T121619_125413Z\logs\before_fixture_exclusion_run_b0_smoke.py,bcf46ac45c6a26d929e04b8c48c7ce6be2c7eee23601bca1d056a912ae787ba5,21262.0,IMMUTABLE_PRIOR_EVIDENCE,VERIFIED_UNCHANGED,See source-specific audit scope; metadata probing did not inspect precipitation arrays
LOCAL051,LOCAL_FILE,F:\pytorch\Research\outputs\stage1_b0_engineering_smoke\run_20260928T121619_125413Z\logs\before_fixture_exclusion_smoke_reports.py,16571759b922ca36b008b1d113e4d352d325be634e2b96d4601ef39992d7e08d,24259.0,IMMUTABLE_PRIOR_EVIDENCE,VERIFIED_UNCHANGED,See source-specific audit scope; metadata probing did not inspect precipitation arrays
LOCAL052,LOCAL_FILE,F:\pytorch\Research\outputs\stage1_b0_engineering_smoke\run_20260928T121619_125413Z\logs\before_fixture_exclusion_test_b0_unit.py,af088b805b55803a0e225a21144086d3f71d095788383870d933cc8226602ccc,5899.0,IMMUTABLE_PRIOR_EVIDENCE,VERIFIED_UNCHANGED,See source-specific audit scope; metadata probing did not inspect precipitation arrays
LOCAL053,LOCAL_FILE,F:\pytorch\Research\outputs\stage1_b0_engineering_smoke\run_20260928T121619_125413Z\logs\before_reproduction_fix_FINAL_B0_ENGINEERING_SMOKE_REPORT.md,c7a543bf33979e9f7cf12a0f0cc7762988ca448742c82809b134118e0b66f514,9525.0,IMMUTABLE_PRIOR_EVIDENCE,VERIFIED_UNCHANGED,See source-specific audit scope; metadata probing did not inspect precipitation arrays
LOCAL054,LOCAL_FILE,F:\pytorch\Research\outputs\stage1_b0_engineering_smoke\run_20260928T121619_125413Z\logs\before_reproduction_fix_b0_smoke_status.json,3e4ee3ab53bba40e8a2681217f23f8a93f95ea729021b9c6fd165ad2671b2248,1548.0,IMMUTABLE_PRIOR_EVIDENCE,VERIFIED_UNCHANGED,See source-specific audit scope; metadata probing did not inspect precipitation arrays
LOCAL055,LOCAL_FILE,F:\pytorch\Research\outputs\stage1_b0_engineering_smoke\run_20260928T121619_125413Z\logs\before_reproduction_fix_output_manifest.csv,9309396ab05dd5effe4dae65c7825fb481b5db9d6d833553fc85b38bb65994d3,7277.0,IMMUTABLE_PRIOR_EVIDENCE,VERIFIED_UNCHANGED,See source-specific audit scope; metadata probing did not inspect precipitation arrays
LOCAL056,LOCAL_FILE,F:\pytorch\Research\outputs\stage1_b0_engineering_smoke\run_20260928T121619_125413Z\logs\before_reproduction_fix_output_manifest.parquet,22cbfefc86c832642de5a8ad30b365e41cd6b0e19b46b70efd51b609db43aea9,7540.0,IMMUTABLE_PRIOR_EVIDENCE,VERIFIED_UNCHANGED,See source-specific audit scope; metadata probing did not inspect precipitation arrays
LOCAL057,LOCAL_FILE,F:\pytorch\Research\outputs\stage1_b0_engineering_smoke\run_20260928T121619_125413Z\logs\csv_parquet_validation.json,6073194ac7b112151737aa43033951312886ea48a5c922bcdae5b2f42e824156,638.0,IMMUTABLE_PRIOR_EVIDENCE,VERIFIED_UNCHANGED,See source-specific audit scope; metadata probing did not inspect precipitation arrays
LOCAL058,LOCAL_FILE,F:\pytorch\Research\outputs\stage1_b0_engineering_smoke\run_20260928T121619_125413Z\logs\environment.json,0b2a2a54fbae602ccb07d6e0aede64c9ca4cec262cc7ed2d4942a320eb783150,722.0,IMMUTABLE_PRIOR_EVIDENCE,VERIFIED_UNCHANGED,See source-specific audit scope; metadata probing did not inspect precipitation arrays
LOCAL059,LOCAL_FILE,F:\pytorch\Research\outputs\stage1_b0_engineering_smoke\run_20260928T121619_125413Z\logs\final_artifact_validation.json,4e6c072ad25e4826f65badf640203a955efe05a68eee89ffaa9ae469893e672a,531.0,IMMUTABLE_PRIOR_EVIDENCE,VERIFIED_UNCHANGED,See source-specific audit scope; metadata probing did not inspect precipitation arrays
LOCAL060,LOCAL_FILE,F:\pytorch\Research\outputs\stage1_b0_engineering_smoke\run_20260928T121619_125413Z\logs\final_integrity.json,f503d6be5bb80a1d695bae9e18d600cdada19df59eed3185adb6799952d3a27d,9656.0,IMMUTABLE_PRIOR_EVIDENCE,VERIFIED_UNCHANGED,See source-specific audit scope; metadata probing did not inspect precipitation arrays
LOCAL061,LOCAL_FILE,F:\pytorch\Research\outputs\stage1_b0_engineering_smoke\run_20260928T121619_125413Z\logs\old_evidence_before.json,b6842b0c79e7f539cf2d72460ce67a08162984a1f0a9866d6b5b7387c5beda47,6555.0,IMMUTABLE_PRIOR_EVIDENCE,VERIFIED_UNCHANGED,See source-specific audit scope; metadata probing did not inspect precipitation arrays
LOCAL062,LOCAL_FILE,F:\pytorch\Research\outputs\stage1_b0_engineering_smoke\run_20260928T121619_125413Z\logs\packages_after.json,3504dbd3e7516e9b57db77bed05f0426b875f594c828ce229ea362833be53676,1220.0,IMMUTABLE_PRIOR_EVIDENCE,VERIFIED_UNCHANGED,See source-specific audit scope; metadata probing did not inspect precipitation arrays
LOCAL063,LOCAL_FILE,F:\pytorch\Research\outputs\stage1_b0_engineering_smoke\run_20260928T121619_125413Z\logs\packages_before.json,3504dbd3e7516e9b57db77bed05f0426b875f594c828ce229ea362833be53676,1220.0,IMMUTABLE_PRIOR_EVIDENCE,VERIFIED_UNCHANGED,See source-specific audit scope; metadata probing did not inspect precipitation arrays
LOCAL064,LOCAL_FILE,F:\pytorch\Research\outputs\stage1_b0_engineering_smoke\run_20260928T121619_125413Z\logs\post_reproduction_fix_integrity.json,ade82251f9d6110e8c370fee81cb83a60fe7a03f70a66135f22d45b6401a35bc,122.0,IMMUTABLE_PRIOR_EVIDENCE,VERIFIED_UNCHANGED,See source-specific audit scope; metadata probing did not inspect precipitation arrays
LOCAL065,LOCAL_FILE,F:\pytorch\Research\outputs\stage1_b0_engineering_smoke\run_20260928T121619_125413Z\logs\preflight_check.json,2a33b70c4af6b1e21066387dab8b5b05b54677061458cccfef975a71041a467a,253.0,IMMUTABLE_PRIOR_EVIDENCE,VERIFIED_UNCHANGED,See source-specific audit scope; metadata probing did not inspect precipitation arrays
LOCAL066,LOCAL_FILE,F:\pytorch\Research\outputs\stage1_b0_engineering_smoke\run_20260928T121619_125413Z\logs\pytest_before_reproduction_fix_execution.json,852b1ce3bd8e9335fe2bb29042d6744f8a5cc903adcc1bc16dd94ab3b28f7392,475.0,IMMUTABLE_PRIOR_EVIDENCE,VERIFIED_UNCHANGED,See source-specific audit scope; metadata probing did not inspect precipitation arrays
LOCAL067,LOCAL_FILE,F:\pytorch\Research\outputs\stage1_b0_engineering_smoke\run_20260928T121619_125413Z\logs\pytest_final_execution.json,9610440cf4298fce3cdae9ccc365e45ef8c983243b4ec9c0e498109a0d2d23e9,565.0,IMMUTABLE_PRIOR_EVIDENCE,VERIFIED_UNCHANGED,See source-specific audit scope; metadata probing did not inspect precipitation arrays
LOCAL068,LOCAL_FILE,F:\pytorch\Research\outputs\stage1_b0_engineering_smoke\run_20260928T121619_125413Z\logs\pytest_unit_execution.json,30ae87af87c3cfb1a96c7ce2730e51fc25fd25692dd2cf0d37cb54dd318596a4,489.0,IMMUTABLE_PRIOR_EVIDENCE,VERIFIED_UNCHANGED,See source-specific audit scope; metadata probing did not inspect precipitation arrays
LOCAL069,LOCAL_FILE,F:\pytorch\Research\outputs\stage1_b0_engineering_smoke\run_20260928T121619_125413Z\logs\raw_inputs_before.json,2dcfc917c37d3c71baf96ea7424a89751c199fe888ba75aeb658e86d1d79aa2c,4050.0,IMMUTABLE_PRIOR_EVIDENCE,VERIFIED_UNCHANGED,See source-specific audit scope; metadata probing did not inspect precipitation arrays
LOCAL070,LOCAL_FILE,F:\pytorch\Research\outputs\stage1_b0_engineering_smoke\run_20260928T121619_125413Z\logs\raw_integrity_after_execution.json,84c066127f98c77b758f3b3d6ba180564b9d9af56d50934782b2733809396041,3521.0,IMMUTABLE_PRIOR_EVIDENCE,VERIFIED_UNCHANGED,See source-specific audit scope; metadata probing did not inspect precipitation arrays
LOCAL071,LOCAL_FILE,F:\pytorch\Research\outputs\stage1_b0_engineering_smoke\run_20260928T121619_125413Z\logs\reader_reuse.json,2be84f10b01ca1054448a6e876b425ad1c0a954181b86e5d4d1b5c588d0131e5,1087.0,IMMUTABLE_PRIOR_EVIDENCE,VERIFIED_UNCHANGED,See source-specific audit scope; metadata probing did not inspect precipitation arrays
LOCAL072,LOCAL_FILE,F:\pytorch\Research\outputs\stage1_b0_engineering_smoke\run_20260928T121619_125413Z\logs\reproduction_entry_fix.json,d088f2cf3251c09e566543c0bbf4f49a1431416bc556a916c63b8ea83b0af23b,1345.0,IMMUTABLE_PRIOR_EVIDENCE,VERIFIED_UNCHANGED,See source-specific audit scope; metadata probing did not inspect precipitation arrays
LOCAL073,LOCAL_FILE,F:\pytorch\Research\outputs\stage1_b0_engineering_smoke\run_20260928T121619_125413Z\logs\run_b0_smoke_before_reproduction_fix.py,82464dd517c27d466af4f88dad9db4d37116be9fb295795ed6c952507abef9fd,20958.0,IMMUTABLE_PRIOR_EVIDENCE,VERIFIED_UNCHANGED,See source-specific audit scope; metadata probing did not inspect precipitation arrays
LOCAL074,LOCAL_FILE,F:\pytorch\Research\outputs\stage1_b0_engineering_smoke\run_20260928T121619_125413Z\logs\runner_before_test_scope_fix.py,7e18fe78a117e5b3e881933e3790a0917403097219742a33a4174693ef5d2b68,21325.0,IMMUTABLE_PRIOR_EVIDENCE,VERIFIED_UNCHANGED,See source-specific audit scope; metadata probing did not inspect precipitation arrays
LOCAL075,LOCAL_FILE,F:\pytorch\Research\outputs\stage1_b0_engineering_smoke\run_20260928T121619_125413Z\logs\staging_io.jsonl,9b8d18d55d454715e1e0557461dfc359725354a7f32fb4cad9409fd63b58f079,17704.0,IMMUTABLE_PRIOR_EVIDENCE,VERIFIED_UNCHANGED,See source-specific audit scope; metadata probing did not inspect precipitation arrays
LOCAL076,LOCAL_FILE,F:\pytorch\Research\outputs\stage1_b0_engineering_smoke\run_20260928T121619_125413Z\logs\staging_summary.json,42f9d82fde12f807e71e6be1307fe3c02d7c30f1e0e5b161468f76f251c581c6,291.0,IMMUTABLE_PRIOR_EVIDENCE,VERIFIED_UNCHANGED,See source-specific audit scope; metadata probing did not inspect precipitation arrays
LOCAL077,LOCAL_FILE,F:\pytorch\Research\outputs\stage1_b0_engineering_smoke\run_20260928T121619_125413Z\logs\test_b0_unit_before_reproduction_fix.py,6a740cc937fe59776567f031c9ed6776b9d9dbd44927fe20fef890a99a625ca3,5151.0,IMMUTABLE_PRIOR_EVIDENCE,VERIFIED_UNCHANGED,See source-specific audit scope; metadata probing did not inspect precipitation arrays
LOCAL078,LOCAL_FILE,F:\pytorch\Research\outputs\stage1_b0_engineering_smoke\run_20260928T121619_125413Z\logs\unscoped_49_pytest_final.xml,99b1d268d5d0029904da2898dfc3d4125001df967122a68b9aed008860773fba,5730.0,IMMUTABLE_PRIOR_EVIDENCE,VERIFIED_UNCHANGED,See source-specific audit scope; metadata probing did not inspect precipitation arrays
LOCAL079,LOCAL_FILE,F:\pytorch\Research\outputs\stage1_b0_engineering_smoke\run_20260928T121619_125413Z\logs\unscoped_49_pytest_final_output.txt,3e59113aaa5aefd8e92cd3b7c43f1b837636ec976472cb852dca4e3d012ff25f,101.0,IMMUTABLE_PRIOR_EVIDENCE,VERIFIED_UNCHANGED,See source-specific audit scope; metadata probing did not inspect precipitation arrays
LOCAL080,LOCAL_FILE,F:\pytorch\Research\outputs\stage1_b0_engineering_smoke\run_20260928T121619_125413Z\output_manifest.csv,4185e1e67f27526f5c21f5a991150d3b7c821ae9a6c31980934bb9b2d7e41055,14304.0,IMMUTABLE_PRIOR_EVIDENCE,VERIFIED_UNCHANGED,See source-specific audit scope; metadata probing did not inspect precipitation arrays
LOCAL081,LOCAL_FILE,F:\pytorch\Research\outputs\stage1_b0_engineering_smoke\run_20260928T121619_125413Z\output_manifest.parquet,b06522fe1e61bd79b997a1624a9293353dcaa1c29c78520d28453507f8b75303,10339.0,IMMUTABLE_PRIOR_EVIDENCE,VERIFIED_UNCHANGED,See source-specific audit scope; metadata probing did not inspect precipitation arrays
LOCAL082,LOCAL_FILE,F:\pytorch\Research\outputs\stage1_b0_engineering_smoke\run_20260928T121619_125413Z\smoke_config.json,39897df7cd4261a22d9e2f9cf9595921b27f73eff2e2df9c9d7909f88479f559,1031.0,IMMUTABLE_PRIOR_EVIDENCE,VERIFIED_UNCHANGED,See source-specific audit scope; metadata probing did not inspect precipitation arrays
LOCAL083,LOCAL_FILE,F:\pytorch\Research\outputs\stage1_b0_engineering_smoke\run_20260928T121619_125413Z\src\data\b0_smoke_dataset.py,6c1fa0518190006962be341e9994cb51a0c4e325420c9b7cc2bc7722e2854937,11910.0,IMMUTABLE_PRIOR_EVIDENCE,VERIFIED_UNCHANGED,See source-specific audit scope; metadata probing did not inspect precipitation arrays
LOCAL084,LOCAL_FILE,F:\pytorch\Research\outputs\stage1_b0_engineering_smoke\run_20260928T121619_125413Z\src\losses\b0_smoke_loss.py,17344180e821438dbb553d0c3fcd16280d321d6e9665e807f47c85522b4dd77c,1041.0,IMMUTABLE_PRIOR_EVIDENCE,VERIFIED_UNCHANGED,See source-specific audit scope; metadata probing did not inspect precipitation arrays
LOCAL085,LOCAL_FILE,F:\pytorch\Research\outputs\stage1_b0_engineering_smoke\run_20260928T121619_125413Z\src\models\b0_smoke.py,00c8055a0508fabc760d2f39ee34ae009a68575450d4920827eec220a898dea9,1247.0,IMMUTABLE_PRIOR_EVIDENCE,VERIFIED_UNCHANGED,See source-specific audit scope; metadata probing did not inspect precipitation arrays
LOCAL086,LOCAL_FILE,F:\pytorch\Research\outputs\stage1_b0_engineering_smoke\run_20260928T121619_125413Z\src\scripts\run_b0_smoke.py,d5a2c9aa534c4fc2ac303b543c3408e97a947245fca344ed1e2912a994035f12,21379.0,IMMUTABLE_PRIOR_EVIDENCE,VERIFIED_UNCHANGED,See source-specific audit scope; metadata probing did not inspect precipitation arrays
LOCAL087,LOCAL_FILE,F:\pytorch\Research\outputs\stage1_b0_engineering_smoke\run_20260928T121619_125413Z\src\scripts\smoke_reports.py,d6776d9c3df8e8ddb6d592d6af194a542209674c6aa97dd38c542547e7def249,24383.0,IMMUTABLE_PRIOR_EVIDENCE,VERIFIED_UNCHANGED,See source-specific audit scope; metadata probing did not inspect precipitation arrays
LOCAL088,LOCAL_FILE,F:\pytorch\Research\outputs\stage1_b0_engineering_smoke\run_20260928T121619_125413Z\src\vendor\stage0_data_qc.py,a9c6a721f29ee1a817dd58339d60ec081452d87c111361c6eee78db89518880f,3542.0,IMMUTABLE_PRIOR_EVIDENCE,VERIFIED_UNCHANGED,See source-specific audit scope; metadata probing did not inspect precipitation arrays
LOCAL089,LOCAL_FILE,F:\pytorch\Research\outputs\stage1_b0_engineering_smoke\run_20260928T121619_125413Z\src\vendor\stage0_read_himawari.py,5514d03fef0fd49761a081e40f5111f0b789cf9bd9e7218818f9cc5b231a3b24,8743.0,IMMUTABLE_PRIOR_EVIDENCE,VERIFIED_UNCHANGED,See source-specific audit scope; metadata probing did not inspect precipitation arrays
LOCAL090,LOCAL_FILE,F:\pytorch\Research\outputs\stage1_b0_engineering_smoke\run_20260928T121619_125413Z\tests\conftest.py,1c1f273aff674de3d9bf9383e0e7f05149f3fc30171a65e2b7e6e19f75438eb3,148.0,IMMUTABLE_PRIOR_EVIDENCE,VERIFIED_UNCHANGED,See source-specific audit scope; metadata probing did not inspect precipitation arrays
LOCAL091,LOCAL_FILE,F:\pytorch\Research\outputs\stage1_b0_engineering_smoke\run_20260928T121619_125413Z\tests\pytest_before_reproduction_fix.xml,6688ca571d6aa2ed512d9cf9611fe682b7a9c676d7c658d2355097941152ea58,5326.0,IMMUTABLE_PRIOR_EVIDENCE,VERIFIED_UNCHANGED,See source-specific audit scope; metadata probing did not inspect precipitation arrays
LOCAL092,LOCAL_FILE,F:\pytorch\Research\outputs\stage1_b0_engineering_smoke\run_20260928T121619_125413Z\tests\pytest_before_reproduction_fix_output.txt,4148f3b9f1a93cfeb8da1914a44581291e2510d035d4e90bcec3df3a2913498d,99.0,IMMUTABLE_PRIOR_EVIDENCE,VERIFIED_UNCHANGED,See source-specific audit scope; metadata probing did not inspect precipitation arrays
LOCAL093,LOCAL_FILE,F:\pytorch\Research\outputs\stage1_b0_engineering_smoke\run_20260928T121619_125413Z\tests\pytest_final.xml,7cfb112f400151ba6d0bad3e52f61bc58c6acece1f3737c9017a62c89561ce4c,5453.0,IMMUTABLE_PRIOR_EVIDENCE,VERIFIED_UNCHANGED,See source-specific audit scope; metadata probing did not inspect precipitation arrays
LOCAL094,LOCAL_FILE,F:\pytorch\Research\outputs\stage1_b0_engineering_smoke\run_20260928T121619_125413Z\tests\pytest_final_output.txt,ed739cc9f12a4723d19de296a5033317baeee694f3df0f6052d0ea583b949fa6,101.0,IMMUTABLE_PRIOR_EVIDENCE,VERIFIED_UNCHANGED,See source-specific audit scope; metadata probing did not inspect precipitation arrays
LOCAL095,LOCAL_FILE,F:\pytorch\Research\outputs\stage1_b0_engineering_smoke\run_20260928T121619_125413Z\tests\pytest_unit.xml,3c0590249b6a85154dc10643e6c22e2bb28cdd37422969b5a26889d805c276b8,2232.0,IMMUTABLE_PRIOR_EVIDENCE,VERIFIED_UNCHANGED,See source-specific audit scope; metadata probing did not inspect precipitation arrays
LOCAL096,LOCAL_FILE,F:\pytorch\Research\outputs\stage1_b0_engineering_smoke\run_20260928T121619_125413Z\tests\pytest_unit_output.txt,0b857506dac35b77e4f4ba33ef95fbc8b47ac24fa2c33e534ada391b2ea2cdda,99.0,IMMUTABLE_PRIOR_EVIDENCE,VERIFIED_UNCHANGED,See source-specific audit scope; metadata probing did not inspect precipitation arrays
LOCAL097,LOCAL_FILE,F:\pytorch\Research\outputs\stage1_b0_engineering_smoke\run_20260928T121619_125413Z\tests\test_b0_real_pipeline.py,47ca487ed63f7e660402870c181554754496f821817a3a59f738f39cf1d91358,7180.0,IMMUTABLE_PRIOR_EVIDENCE,VERIFIED_UNCHANGED,See source-specific audit scope; metadata probing did not inspect precipitation arrays
LOCAL098,LOCAL_FILE,F:\pytorch\Research\outputs\stage1_b0_engineering_smoke\run_20260928T121619_125413Z\tests\test_b0_unit.py,029bd376929260ab266b979cc17c0ce534765f3d9aed0d3cd351ea720288a6ef,6062.0,IMMUTABLE_PRIOR_EVIDENCE,VERIFIED_UNCHANGED,See source-specific audit scope; metadata probing did not inspect precipitation arrays
LOCAL099,LOCAL_FILE,F:\pytorch\Research\outputs\stage1_b0_engineering_smoke\run_20260928T121619_125413Z\tests\tmp_final\test_checkpoint_safe_reload_ne0\unit_smoke_checkpoint.pt,81ee9ae78145e9a33d4a79c252b5c7bd1d01b6ce233cf493a2103a34b37902d1,126549.0,IMMUTABLE_PRIOR_EVIDENCE,VERIFIED_UNCHANGED,See source-specific audit scope; metadata probing did not inspect precipitation arrays
LOCAL100,LOCAL_FILE,F:\pytorch\Research\outputs\stage1_b0_engineering_smoke\run_20260928T121619_125413Z\tests\tmp_final\test_staging_cannot_read_outsi0\other.nc,6e9a08b22d468bdcc8f4c73a7d19abbfaa961bf74b6e0fd00e94c2378f588ac0,7.0,IMMUTABLE_PRIOR_EVIDENCE,VERIFIED_UNCHANGED,See source-specific audit scope; metadata probing did not inspect precipitation arrays
LOCAL101,LOCAL_FILE,F:\pytorch\Research\outputs\stage1_b0_engineering_smoke\run_20260928T121619_125413Z\tests\tmp_final\test_staging_copy_hash_cleanup0\fixture.nc,f0fce4c4b7a93190210cf71dfe9225a62d468b76a268df42f0447b12390802ae,12.0,IMMUTABLE_PRIOR_EVIDENCE,VERIFIED_UNCHANGED,See source-specific audit scope; metadata probing did not inspect precipitation arrays
LOCAL102,LOCAL_FILE,F:\pytorch\Research\outputs\stage1_b0_engineering_smoke\run_20260928T121619_125413Z\tests\tmp_final\test_staging_copy_hash_cleanup0\logs\staging_io.jsonl,fa42413f69a20219c0bf767168f3c59166c5d4400eba8688216bbccfad928e81,569.0,IMMUTABLE_PRIOR_EVIDENCE,VERIFIED_UNCHANGED,See source-specific audit scope; metadata probing did not inspect precipitation arrays
LOCAL103,LOCAL_FILE,F:\pytorch\Research\outputs\stage1_b0_engineering_smoke\run_20260928T121619_125413Z\tests\tmp_final_scoped\test_checkpoint_safe_reload_ne0\unit_smoke_checkpoint.pt,81ee9ae78145e9a33d4a79c252b5c7bd1d01b6ce233cf493a2103a34b37902d1,126549.0,IMMUTABLE_PRIOR_EVIDENCE,VERIFIED_UNCHANGED,See source-specific audit scope; metadata probing did not inspect precipitation arrays
LOCAL104,LOCAL_FILE,F:\pytorch\Research\outputs\stage1_b0_engineering_smoke\run_20260928T121619_125413Z\tests\tmp_final_scoped\test_prepare_from_archived_sna0\archived\src\main.py,f05a65413338d4d74cc2e7115db156601cfcb7838936e091cb74c7ecf0609277,11.0,IMMUTABLE_PRIOR_EVIDENCE,VERIFIED_UNCHANGED,See source-specific audit scope; metadata probing did not inspect precipitation arrays
LOCAL105,LOCAL_FILE,F:\pytorch\Research\outputs\stage1_b0_engineering_smoke\run_20260928T121619_125413Z\tests\tmp_final_scoped\test_prepare_from_archived_sna0\archived\src\vendor\reader.py,966da93351bda7243233f63aa8d5bf70cfacd2988dcb60c70354f1ad70ce3d95,12.0,IMMUTABLE_PRIOR_EVIDENCE,VERIFIED_UNCHANGED,See source-specific audit scope; metadata probing did not inspect precipitation arrays
LOCAL106,LOCAL_FILE,F:\pytorch\Research\outputs\stage1_b0_engineering_smoke\run_20260928T121619_125413Z\tests\tmp_final_scoped\test_prepare_from_archived_sna0\archived\tests\test_example.py,5bbf214c2c7ebfa67afafe91d30799561ea7bb16d1473df6c13d822493e8ecf1,21.0,IMMUTABLE_PRIOR_EVIDENCE,VERIFIED_UNCHANGED,See source-specific audit scope; metadata probing did not inspect precipitation arrays
LOCAL107,LOCAL_FILE,F:\pytorch\Research\outputs\stage1_b0_engineering_smoke\run_20260928T121619_125413Z\tests\tmp_final_scoped\test_prepare_from_archived_sna0\archived\tests\tmp_old\test_fixture.py,89f0d614a9801b208bb2e7596f39956184e599c261368f9f867d391d7193108b,26.0,IMMUTABLE_PRIOR_EVIDENCE,VERIFIED_UNCHANGED,See source-specific audit scope; metadata probing did not inspect precipitation arrays
LOCAL108,LOCAL_FILE,F:\pytorch\Research\outputs\stage1_b0_engineering_smoke\run_20260928T121619_125413Z\tests\tmp_final_scoped\test_prepare_from_archived_sna0\new_run\src\main.py,585c93666fcb046b7b264d3fa73202aa2a38254ae82a4b3ba19e873c2d5a9886,10.0,IMMUTABLE_PRIOR_EVIDENCE,VERIFIED_UNCHANGED,See source-specific audit scope; metadata probing did not inspect precipitation arrays
LOCAL109,LOCAL_FILE,F:\pytorch\Research\outputs\stage1_b0_engineering_smoke\run_20260928T121619_125413Z\tests\tmp_final_scoped\test_prepare_from_archived_sna0\new_run\src\vendor\reader.py,d81f3b2739252bc0f369fcd25c9e83010e2263a6132e20143865b8144fcc9bf7,15.0,IMMUTABLE_PRIOR_EVIDENCE,VERIFIED_UNCHANGED,See source-specific audit scope; metadata probing did not inspect precipitation arrays
LOCAL110,LOCAL_FILE,F:\pytorch\Research\outputs\stage1_b0_engineering_smoke\run_20260928T121619_125413Z\tests\tmp_final_scoped\test_prepare_from_archived_sna0\new_run\tests\test_example.py,2d0a88d1812c4148f7a56885f2d3e8dba9297af9164eb14fd40ff0d0f20f905a,20.0,IMMUTABLE_PRIOR_EVIDENCE,VERIFIED_UNCHANGED,See source-specific audit scope; metadata probing did not inspect precipitation arrays
LOCAL111,LOCAL_FILE,F:\pytorch\Research\outputs\stage1_b0_engineering_smoke\run_20260928T121619_125413Z\tests\tmp_final_scoped\test_staging_cannot_read_outsi0\other.nc,6e9a08b22d468bdcc8f4c73a7d19abbfaa961bf74b6e0fd00e94c2378f588ac0,7.0,IMMUTABLE_PRIOR_EVIDENCE,VERIFIED_UNCHANGED,See source-specific audit scope; metadata probing did not inspect precipitation arrays
LOCAL112,LOCAL_FILE,F:\pytorch\Research\outputs\stage1_b0_engineering_smoke\run_20260928T121619_125413Z\tests\tmp_final_scoped\test_staging_copy_hash_cleanup0\fixture.nc,f0fce4c4b7a93190210cf71dfe9225a62d468b76a268df42f0447b12390802ae,12.0,IMMUTABLE_PRIOR_EVIDENCE,VERIFIED_UNCHANGED,See source-specific audit scope; metadata probing did not inspect precipitation arrays
LOCAL113,LOCAL_FILE,F:\pytorch\Research\outputs\stage1_b0_engineering_smoke\run_20260928T121619_125413Z\tests\tmp_final_scoped\test_staging_copy_hash_cleanup0\logs\staging_io.jsonl,0442cc1d426319c61e0e2c747967987bcdf8261a4320bd20899f75a41ca1417b,581.0,IMMUTABLE_PRIOR_EVIDENCE,VERIFIED_UNCHANGED,See source-specific audit scope; metadata probing did not inspect precipitation arrays
LOCAL114,LOCAL_FILE,F:\pytorch\Research\outputs\stage1_b0_engineering_smoke\run_20260928T121619_125413Z\tests\tmp_final_verified\test_checkpoint_safe_reload_ne0\unit_smoke_checkpoint.pt,81ee9ae78145e9a33d4a79c252b5c7bd1d01b6ce233cf493a2103a34b37902d1,126549.0,IMMUTABLE_PRIOR_EVIDENCE,VERIFIED_UNCHANGED,See source-specific audit scope; metadata probing did not inspect precipitation arrays
LOCAL115,LOCAL_FILE,F:\pytorch\Research\outputs\stage1_b0_engineering_smoke\run_20260928T121619_125413Z\tests\tmp_final_verified\test_prepare_from_archived_sna0\archived\src\main.py,f05a65413338d4d74cc2e7115db156601cfcb7838936e091cb74c7ecf0609277,11.0,IMMUTABLE_PRIOR_EVIDENCE,VERIFIED_UNCHANGED,See source-specific audit scope; metadata probing did not inspect precipitation arrays
LOCAL116,LOCAL_FILE,F:\pytorch\Research\outputs\stage1_b0_engineering_smoke\run_20260928T121619_125413Z\tests\tmp_final_verified\test_prepare_from_archived_sna0\archived\src\vendor\reader.py,966da93351bda7243233f63aa8d5bf70cfacd2988dcb60c70354f1ad70ce3d95,12.0,IMMUTABLE_PRIOR_EVIDENCE,VERIFIED_UNCHANGED,See source-specific audit scope; metadata probing did not inspect precipitation arrays
LOCAL117,LOCAL_FILE,F:\pytorch\Research\outputs\stage1_b0_engineering_smoke\run_20260928T121619_125413Z\tests\tmp_final_verified\test_prepare_from_archived_sna0\archived\tests\test_example.py,5bbf214c2c7ebfa67afafe91d30799561ea7bb16d1473df6c13d822493e8ecf1,21.0,IMMUTABLE_PRIOR_EVIDENCE,VERIFIED_UNCHANGED,See source-specific audit scope; metadata probing did not inspect precipitation arrays
LOCAL118,LOCAL_FILE,F:\pytorch\Research\outputs\stage1_b0_engineering_smoke\run_20260928T121619_125413Z\tests\tmp_final_verified\test_prepare_from_archived_sna0\archived\tests\tmp_old\test_fixture.py,89f0d614a9801b208bb2e7596f39956184e599c261368f9f867d391d7193108b,26.0,IMMUTABLE_PRIOR_EVIDENCE,VERIFIED_UNCHANGED,See source-specific audit scope; metadata probing did not inspect precipitation arrays
LOCAL119,LOCAL_FILE,F:\pytorch\Research\outputs\stage1_b0_engineering_smoke\run_20260928T121619_125413Z\tests\tmp_final_verified\test_prepare_from_archived_sna0\new_run\src\main.py,585c93666fcb046b7b264d3fa73202aa2a38254ae82a4b3ba19e873c2d5a9886,10.0,IMMUTABLE_PRIOR_EVIDENCE,VERIFIED_UNCHANGED,See source-specific audit scope; metadata probing did not inspect precipitation arrays
LOCAL120,LOCAL_FILE,F:\pytorch\Research\outputs\stage1_b0_engineering_smoke\run_20260928T121619_125413Z\tests\tmp_final_verified\test_prepare_from_archived_sna0\new_run\src\vendor\reader.py,d81f3b2739252bc0f369fcd25c9e83010e2263a6132e20143865b8144fcc9bf7,15.0,IMMUTABLE_PRIOR_EVIDENCE,VERIFIED_UNCHANGED,See source-specific audit scope; metadata probing did not inspect precipitation arrays
LOCAL121,LOCAL_FILE,F:\pytorch\Research\outputs\stage1_b0_engineering_smoke\run_20260928T121619_125413Z\tests\tmp_final_verified\test_prepare_from_archived_sna0\new_run\tests\test_example.py,2d0a88d1812c4148f7a56885f2d3e8dba9297af9164eb14fd40ff0d0f20f905a,20.0,IMMUTABLE_PRIOR_EVIDENCE,VERIFIED_UNCHANGED,See source-specific audit scope; metadata probing did not inspect precipitation arrays
LOCAL122,LOCAL_FILE,F:\pytorch\Research\outputs\stage1_b0_engineering_smoke\run_20260928T121619_125413Z\tests\tmp_final_verified\test_staging_cannot_read_outsi0\other.nc,6e9a08b22d468bdcc8f4c73a7d19abbfaa961bf74b6e0fd00e94c2378f588ac0,7.0,IMMUTABLE_PRIOR_EVIDENCE,VERIFIED_UNCHANGED,See source-specific audit scope; metadata probing did not inspect precipitation arrays
LOCAL123,LOCAL_FILE,F:\pytorch\Research\outputs\stage1_b0_engineering_smoke\run_20260928T121619_125413Z\tests\tmp_final_verified\test_staging_copy_hash_cleanup0\fixture.nc,f0fce4c4b7a93190210cf71dfe9225a62d468b76a268df42f0447b12390802ae,12.0,IMMUTABLE_PRIOR_EVIDENCE,VERIFIED_UNCHANGED,See source-specific audit scope; metadata probing did not inspect precipitation arrays
LOCAL124,LOCAL_FILE,F:\pytorch\Research\outputs\stage1_b0_engineering_smoke\run_20260928T121619_125413Z\tests\tmp_final_verified\test_staging_copy_hash_cleanup0\logs\staging_io.jsonl,26e33d991fa80bdb92f2eee6db00f22fe76228566d0eda0adb4d43754fde1c47,587.0,IMMUTABLE_PRIOR_EVIDENCE,VERIFIED_UNCHANGED,See source-specific audit scope; metadata probing did not inspect precipitation arrays
LOCAL125,LOCAL_FILE,F:\pytorch\Research\outputs\stage1_b0_engineering_smoke\run_20260928T121619_125413Z\tests\tmp_reproduction_fix\test_checkpoint_safe_reload_ne0\unit_smoke_checkpoint.pt,81ee9ae78145e9a33d4a79c252b5c7bd1d01b6ce233cf493a2103a34b37902d1,126549.0,IMMUTABLE_PRIOR_EVIDENCE,VERIFIED_UNCHANGED,See source-specific audit scope; metadata probing did not inspect precipitation arrays
LOCAL126,LOCAL_FILE,F:\pytorch\Research\outputs\stage1_b0_engineering_smoke\run_20260928T121619_125413Z\tests\tmp_reproduction_fix\test_prepare_from_archived_sna0\archived\src\main.py,f05a65413338d4d74cc2e7115db156601cfcb7838936e091cb74c7ecf0609277,11.0,IMMUTABLE_PRIOR_EVIDENCE,VERIFIED_UNCHANGED,See source-specific audit scope; metadata probing did not inspect precipitation arrays
LOCAL127,LOCAL_FILE,F:\pytorch\Research\outputs\stage1_b0_engineering_smoke\run_20260928T121619_125413Z\tests\tmp_reproduction_fix\test_prepare_from_archived_sna0\archived\src\vendor\reader.py,966da93351bda7243233f63aa8d5bf70cfacd2988dcb60c70354f1ad70ce3d95,12.0,IMMUTABLE_PRIOR_EVIDENCE,VERIFIED_UNCHANGED,See source-specific audit scope; metadata probing did not inspect precipitation arrays
LOCAL128,LOCAL_FILE,F:\pytorch\Research\outputs\stage1_b0_engineering_smoke\run_20260928T121619_125413Z\tests\tmp_reproduction_fix\test_prepare_from_archived_sna0\archived\tests\test_example.py,5bbf214c2c7ebfa67afafe91d30799561ea7bb16d1473df6c13d822493e8ecf1,21.0,IMMUTABLE_PRIOR_EVIDENCE,VERIFIED_UNCHANGED,See source-specific audit scope; metadata probing did not inspect precipitation arrays
LOCAL129,LOCAL_FILE,F:\pytorch\Research\outputs\stage1_b0_engineering_smoke\run_20260928T121619_125413Z\tests\tmp_reproduction_fix\test_prepare_from_archived_sna0\new_run\src\main.py,585c93666fcb046b7b264d3fa73202aa2a38254ae82a4b3ba19e873c2d5a9886,10.0,IMMUTABLE_PRIOR_EVIDENCE,VERIFIED_UNCHANGED,See source-specific audit scope; metadata probing did not inspect precipitation arrays
LOCAL130,LOCAL_FILE,F:\pytorch\Research\outputs\stage1_b0_engineering_smoke\run_20260928T121619_125413Z\tests\tmp_reproduction_fix\test_prepare_from_archived_sna0\new_run\src\vendor\reader.py,d81f3b2739252bc0f369fcd25c9e83010e2263a6132e20143865b8144fcc9bf7,15.0,IMMUTABLE_PRIOR_EVIDENCE,VERIFIED_UNCHANGED,See source-specific audit scope; metadata probing did not inspect precipitation arrays
LOCAL131,LOCAL_FILE,F:\pytorch\Research\outputs\stage1_b0_engineering_smoke\run_20260928T121619_125413Z\tests\tmp_reproduction_fix\test_prepare_from_archived_sna0\new_run\tests\test_example.py,2d0a88d1812c4148f7a56885f2d3e8dba9297af9164eb14fd40ff0d0f20f905a,20.0,IMMUTABLE_PRIOR_EVIDENCE,VERIFIED_UNCHANGED,See source-specific audit scope; metadata probing did not inspect precipitation arrays
LOCAL132,LOCAL_FILE,F:\pytorch\Research\outputs\stage1_b0_engineering_smoke\run_20260928T121619_125413Z\tests\tmp_reproduction_fix\test_staging_cannot_read_outsi0\other.nc,6e9a08b22d468bdcc8f4c73a7d19abbfaa961bf74b6e0fd00e94c2378f588ac0,7.0,IMMUTABLE_PRIOR_EVIDENCE,VERIFIED_UNCHANGED,See source-specific audit scope; metadata probing did not inspect precipitation arrays
LOCAL133,LOCAL_FILE,F:\pytorch\Research\outputs\stage1_b0_engineering_smoke\run_20260928T121619_125413Z\tests\tmp_reproduction_fix\test_staging_copy_hash_cleanup0\fixture.nc,f0fce4c4b7a93190210cf71dfe9225a62d468b76a268df42f0447b12390802ae,12.0,IMMUTABLE_PRIOR_EVIDENCE,VERIFIED_UNCHANGED,See source-specific audit scope; metadata probing did not inspect precipitation arrays
LOCAL134,LOCAL_FILE,F:\pytorch\Research\outputs\stage1_b0_engineering_smoke\run_20260928T121619_125413Z\tests\tmp_reproduction_fix\test_staging_copy_hash_cleanup0\logs\staging_io.jsonl,8391cd9d6920ea4abe9db23db4cc79f44586ff010adaecb8d64fe2be0bff9c68,591.0,IMMUTABLE_PRIOR_EVIDENCE,VERIFIED_UNCHANGED,See source-specific audit scope; metadata probing did not inspect precipitation arrays
LOCAL135,LOCAL_FILE,F:\pytorch\Research\outputs\stage1_b0_engineering_smoke\run_20260928T121619_125413Z\tests\tmp_unit\test_checkpoint_safe_reload_ne0\unit_smoke_checkpoint.pt,81ee9ae78145e9a33d4a79c252b5c7bd1d01b6ce233cf493a2103a34b37902d1,126549.0,IMMUTABLE_PRIOR_EVIDENCE,VERIFIED_UNCHANGED,See source-specific audit scope; metadata probing did not inspect precipitation arrays
LOCAL136,LOCAL_FILE,F:\pytorch\Research\outputs\stage1_b0_engineering_smoke\run_20260928T121619_125413Z\tests\tmp_unit\test_staging_cannot_read_outsi0\other.nc,6e9a08b22d468bdcc8f4c73a7d19abbfaa961bf74b6e0fd00e94c2378f588ac0,7.0,IMMUTABLE_PRIOR_EVIDENCE,VERIFIED_UNCHANGED,See source-specific audit scope; metadata probing did not inspect precipitation arrays
LOCAL137,LOCAL_FILE,F:\pytorch\Research\outputs\stage1_b0_engineering_smoke\run_20260928T121619_125413Z\tests\tmp_unit\test_staging_copy_hash_cleanup0\fixture.nc,f0fce4c4b7a93190210cf71dfe9225a62d468b76a268df42f0447b12390802ae,12.0,IMMUTABLE_PRIOR_EVIDENCE,VERIFIED_UNCHANGED,See source-specific audit scope; metadata probing did not inspect precipitation arrays
LOCAL138,LOCAL_FILE,F:\pytorch\Research\outputs\stage1_b0_engineering_smoke\run_20260928T121619_125413Z\tests\tmp_unit\test_staging_copy_hash_cleanup0\logs\staging_io.jsonl,66e3ec3952c775b02940d35416c25600bd8b44a800964322013a0e290987eb3a,567.0,IMMUTABLE_PRIOR_EVIDENCE,VERIFIED_UNCHANGED,See source-specific audit scope; metadata probing did not inspect precipitation arrays
LOCAL139,LOCAL_FILE,F:\云南极端降水数据\logs\download_2025_20260824_235209\imerg_attempt1.log,3e23a261c2ae113e23d86d884a246f8562d8b35238294005e5dfdaac6c29185f,9721.0,READ_ONLY_SOURCE_OR_PROVENANCE,VERIFIED_UNCHANGED,See source-specific audit scope; metadata probing did not inspect precipitation arrays
LOCAL140,LOCAL_FILE,F:\云南极端降水数据\manifests\backup_manifest.jsonl,7bae70a3e5808874bf11f1884f567e0e31cc8ad4b518e8267b4bbf8b64e96bf2,3634.0,READ_ONLY_SOURCE_OR_PROVENANCE,VERIFIED_UNCHANGED,See source-specific audit scope; metadata probing did not inspect precipitation arrays
LOCAL141,LOCAL_FILE,F:\云南极端降水数据\manifests\imerg_completion_manifest.jsonl,eb42bf32dc6d2670d453bf874a8627b3989647dd15475edf3d33d2ba6311b941,209679.0,READ_ONLY_SOURCE_OR_PROVENANCE,VERIFIED_UNCHANGED,See source-specific audit scope; metadata probing did not inspect precipitation arrays
LOCAL142,LOCAL_FILE,F:\云南极端降水数据\manifests\imerg_late_completion_manifest.jsonl,a43184893f23c26a2440a2f179a64174bdf03f5faf475cd02ff4d4f6d43c5b5a,36070.0,READ_ONLY_SOURCE_OR_PROVENANCE,VERIFIED_UNCHANGED,See source-specific audit scope; metadata probing did not inspect precipitation arrays
LOCAL143,LOCAL_FILE,F:\云南极端降水数据\manifests\imerg_manifest.jsonl,7efef36f05545ac6b9482e5d8fd68367aea875bc59145606a1bf45b5848968c1,384292.0,READ_ONLY_SOURCE_OR_PROVENANCE,VERIFIED_UNCHANGED,See source-specific audit scope; metadata probing did not inspect precipitation arrays
LOCAL144,LOCAL_FILE,F:\云南极端降水数据\manifests\pipeline_manifest.jsonl,8e5f44db4c3aab8b8824ec76ca18eca8072297c9986ccbb0bbdfacf17f59a0a4,448.0,READ_ONLY_SOURCE_OR_PROVENANCE,VERIFIED_UNCHANGED,See source-specific audit scope; metadata probing did not inspect precipitation arrays
LOCAL145,LOCAL_FILE,F:\云南极端降水数据\raw\IMERG\2021\imerg_20210825.nc,0015af1008d072a70b25527c5f51e50d58f935f62ec6c6833f9ba165fa94d59b,1337844.0,READ_ONLY_SOURCE_OR_PROVENANCE,VERIFIED_UNCHANGED,See source-specific audit scope; metadata probing did not inspect precipitation arrays
LOCAL146,LOCAL_FILE,F:\云南极端降水数据\raw\IMERG\2024\imerg_20240501.nc,064fe79266b82136d663fd912cedb4bce6f546d24174c8186c7828f51788a465,868414.0,READ_ONLY_SOURCE_OR_PROVENANCE,VERIFIED_UNCHANGED,See source-specific audit scope; metadata probing did not inspect precipitation arrays
LOCAL147,LOCAL_FILE,F:\云南极端降水数据\raw\IMERG\2024\imerg_20240527.nc,1280fb982cef49e3a07a49717cae09fa80801b70eeaaa546f0e0ccc7093c9f3a,1378585.0,READ_ONLY_SOURCE_OR_PROVENANCE,VERIFIED_UNCHANGED,See source-specific audit scope; metadata probing did not inspect precipitation arrays
LOCAL148,LOCAL_FILE,F:\云南极端降水数据\raw\IMERG\2024\imerg_20240701.nc,e8c2710c247c7fa81e468cc7392a9fc2565d7c5fc95160f4e6aa93ec6798934c,1129135.0,READ_ONLY_SOURCE_OR_PROVENANCE,VERIFIED_UNCHANGED,See source-specific audit scope; metadata probing did not inspect precipitation arrays
LOCAL149,LOCAL_FILE,F:\云南极端降水数据\raw\IMERG_LATE\2025\imerg_late_20251001.nc,eeeed1066df6d58cde8509cdc84a1e00e1bce6b838c4e36aca065c87b84a6b5b,966369.0,READ_ONLY_SOURCE_OR_PROVENANCE,VERIFIED_UNCHANGED,See source-specific audit scope; metadata probing did not inspect precipitation arrays
LOCAL150,LOCAL_FILE,F:\云南极端降水数据\tmp\imerg_granules\20210825\3B-HHR.MS.MRG.3IMERG.20210825-S173000-E175959.1050.V07B.HDF5,cb1c0a32f580f5cc5596f41c72c6c7084f8d4967ec3d060adcdf978e8ac56b40,8248250.0,READ_ONLY_SOURCE_OR_PROVENANCE,VERIFIED_UNCHANGED,See source-specific audit scope; metadata probing did not inspect precipitation arrays
LOCAL151,LOCAL_FILE,F:\云南极端降水数据\tmp\imerg_granules\20210825\3B-HHR.MS.MRG.3IMERG.20210825-S210000-E212959.1260.V07B.HDF5,b9a2d11249c323e6f1a6d84c5f29b007851af319e340faf7cdea8b3c8436cfee,8197097.0,READ_ONLY_SOURCE_OR_PROVENANCE,VERIFIED_UNCHANGED,See source-specific audit scope; metadata probing did not inspect precipitation arrays
LOCAL152,LOCAL_FILE,F:\云南极端降水数据\tmp\imerg_granules\20210825\3B-HHR.MS.MRG.3IMERG.20210825-S233000-E235959.1410.V07B.HDF5,073de7fe8dca089e5250f987c4701ec58cb9b2a3998bbe3ea63ff9e6a262c8ea,7970838.0,READ_ONLY_SOURCE_OR_PROVENANCE,VERIFIED_UNCHANGED,See source-specific audit scope; metadata probing did not inspect precipitation arrays
LOCAL153,LOCAL_FILE,F:\云南极端降水数据\tmp\imerg_granules\20240501\3B-HHR.MS.MRG.3IMERG.20240501-S000000-E002959.0000.V07B.HDF5,8f1659d2b030c020f78879313590f002111e95e0bea1468c12cd5d09eb0b06f1,7842805.0,READ_ONLY_SOURCE_OR_PROVENANCE,VERIFIED_UNCHANGED,See source-specific audit scope; metadata probing did not inspect precipitation arrays
LOCAL154,LOCAL_FILE,F:\云南极端降水数据\tmp\imerg_granules\20240501\3B-HHR.MS.MRG.3IMERG.20240501-S120000-E122959.0720.V07B.HDF5,1012e0abe964cfee1cdbab396edb43e55f2acb9ca3bc9f7a6da5c22de3cd3269,7943466.0,READ_ONLY_SOURCE_OR_PROVENANCE,VERIFIED_UNCHANGED,See source-specific audit scope; metadata probing did not inspect precipitation arrays
LOCAL155,LOCAL_FILE,F:\云南极端降水数据\tmp\imerg_granules\20240501\3B-HHR.MS.MRG.3IMERG.20240501-S233000-E235959.1410.V07B.HDF5,25e8e12b8c20b1bb1e15fe970de181259a1b84a5f682e8b8f97176e9f79ab470,8108251.0,READ_ONLY_SOURCE_OR_PROVENANCE,VERIFIED_UNCHANGED,See source-specific audit scope; metadata probing did not inspect precipitation arrays
LOCAL156,LOCAL_FILE,F:\云南极端降水数据\tmp\imerg_harmony\20240527\291239768_GPM_3IMERGHH.07_3B-HHR.MS.MRG.3IMERG.20240527-S000000-E002959.0000.V07B_subsetted.nc4,4ed186fc8e348d2cdbaa15c70a81dc17803eb6f69ae7e93e20c5944d4a07ac54,66635.0,READ_ONLY_SOURCE_OR_PROVENANCE,VERIFIED_UNCHANGED,See source-specific audit scope; metadata probing did not inspect precipitation arrays
LOCAL157,LOCAL_FILE,F:\云南极端降水数据\tmp\imerg_harmony\20240527\291239797_GPM_3IMERGHH.07_3B-HHR.MS.MRG.3IMERG.20240527-S143000-E145959.0870.V07B_subsetted.nc4,84a6f2f93029888aeb8b7cc616966d24d2eb638957ac999b9c46aa8d71b66351,65927.0,READ_ONLY_SOURCE_OR_PROVENANCE,VERIFIED_UNCHANGED,See source-specific audit scope; metadata probing did not inspect precipitation arrays
LOCAL158,LOCAL_FILE,F:\云南极端降水数据\tmp\imerg_harmony\20240527\291239814_GPM_3IMERGHH.07_3B-HHR.MS.MRG.3IMERG.20240527-S230000-E232959.1380.V07B_subsetted.nc4,e38e3f33ddad53cb5fce099cc462087a778963c303f9aa9f3750af589f58d9ed,74109.0,READ_ONLY_SOURCE_OR_PROVENANCE,VERIFIED_UNCHANGED,See source-specific audit scope; metadata probing did not inspect precipitation arrays
LOCAL159,LOCAL_FILE,F:\云南极端降水数据\tmp\imerg_harmony\20251107\303596866_GPM_3IMERGHHL.07_3B-HHR-L.MS.MRG.3IMERG.20251107-S000000-E002959.0000.V07B_subsetted.nc4,62f6f41bbcea80984b0775abbdd9fcf7c209e802a6b84340669a37af119a5360,56087.0,READ_ONLY_SOURCE_OR_PROVENANCE,VERIFIED_UNCHANGED,See source-specific audit scope; metadata probing did not inspect precipitation arrays
LOCAL160,LOCAL_FILE,F:\云南极端降水数据\tmp\imerg_harmony\20251107\303596889_GPM_3IMERGHHL.07_3B-HHR-L.MS.MRG.3IMERG.20251107-S113000-E115959.0690.V07B_subsetted.nc4,f967cfad3caa872b23ee0e85724f7553067e16b95aae561a7d13c36772ad94e7,57721.0,READ_ONLY_SOURCE_OR_PROVENANCE,VERIFIED_UNCHANGED,See source-specific audit scope; metadata probing did not inspect precipitation arrays
LOCAL161,LOCAL_FILE,F:\云南极端降水数据\tmp\imerg_harmony\20251107\303596911_GPM_3IMERGHHL.07_3B-HHR-L.MS.MRG.3IMERG.20251107-S223000-E225959.1350.V07B_subsetted.nc4,e3b0c44298fc1c149afbf4c8996fb92427ae41e4649b934ca495991b7852b855,0.0,READ_ONLY_SOURCE_OR_PROVENANCE,VERIFIED_UNCHANGED,See source-specific audit scope; metadata probing did not inspect precipitation arrays
LOCAL162,LOCAL_FILE,H:\葵花202303_202510\202407\01\NC_H09_20240701_0020_R21_FLDK.06001_06001.nc,e5cbcd7e91747219b344c19f44abcbfdb2b5bd7d8e653931d34e7dea23ad563e,5562349.0,READ_ONLY_SOURCE_OR_PROVENANCE,VERIFIED_UNCHANGED,See source-specific audit scope; metadata probing did not inspect precipitation arrays
WEB01,OFFICIAL_WEB_SOURCE,https://gpm.nasa.gov/sites/default/files/2023-07/IMERG_TechnicalDocumentation_final_230713.pdf,,,Native filename and half-hour sampling only; does not prove local converter ordering,BROWSED_OFFICIAL_SOURCE,NOT_DOWNLOADED
WEB02,OFFICIAL_WEB_SOURCE,https://gpm.nasa.gov/data/imerg,,,Product-level units and interval context,BROWSED_OFFICIAL_SOURCE,NOT_APPLICABLE_WEB_PAGE_NOT_ARCHIVED
RUN_discovery_authorization,THIS_RUN_DERIVED_EVIDENCE,F:\pytorch\Research\outputs\stage1_b0_formal_readiness_resolution\run_20260928T124313_169375Z\logs\discovery_authorization.json,bf98944b72708c3ed2c684b1bef9bda4a89f3ddab0aa5a629043feb1e20d45b2,552.0,NEW_CANDIDATE_OR_VERIFICATION_NOT_SCIENTIFIC_APPROVAL,RECORDED,Candidate status never implies frozen science
RUN_discovery_summary,THIS_RUN_DERIVED_EVIDENCE,F:\pytorch\Research\outputs\stage1_b0_formal_readiness_resolution\run_20260928T124313_169375Z\logs\discovery_summary.json,9b9aca9b82c220b4af39d91a3b276f1f4785caba2416aaa150ea351d85265e62,6617.0,NEW_CANDIDATE_OR_VERIFICATION_NOT_SCIENTIFIC_APPROVAL,RECORDED,Candidate status never implies frozen science
RUN_native_metadata_probes,THIS_RUN_DERIVED_EVIDENCE,F:\pytorch\Research\outputs\stage1_b0_formal_readiness_resolution\run_20260928T124313_169375Z\TIME\native_metadata_probes.json,64145fc3e8c4fec06bbf582f374f7accdbb456d7237a23561b1201a9d0e3ed07,129832.0,NEW_CANDIDATE_OR_VERIFICATION_NOT_SCIENTIFIC_APPROVAL,RECORDED,Candidate status never implies frozen science
RUN_native_converted_time_comparison,THIS_RUN_DERIVED_EVIDENCE,F:\pytorch\Research\outputs\stage1_b0_formal_readiness_resolution\run_20260928T124313_169375Z\TIME\native_converted_time_comparison.csv,95cdac53fc3b1de1ce6e2325f47286f7082521b1321c184dda6348aac0b9baaf,5704.0,NEW_CANDIDATE_OR_VERIFICATION_NOT_SCIENTIFIC_APPROVAL,RECORDED,Candidate status never implies frozen science
RUN_converted_metadata_probes,THIS_RUN_DERIVED_EVIDENCE,F:\pytorch\Research\outputs\stage1_b0_formal_readiness_resolution\run_20260928T124313_169375Z\TIME\converted_metadata_probes.json,a48e79ba4443ef965b88b98a288fd054378a71f7fff9cedfb53289dd047f7087,70889.0,NEW_CANDIDATE_OR_VERIFICATION_NOT_SCIENTIFIC_APPROVAL,RECORDED,Candidate status never implies frozen science
RUN_conversion_chain_search,THIS_RUN_DERIVED_EVIDENCE,F:\pytorch\Research\outputs\stage1_b0_formal_readiness_resolution\run_20260928T124313_169375Z\TIME\conversion_chain_search.json,be69e23de2cb50b048de1026ba2d99c8c97c60cc8512bf05b5b43bf92f81ff52,1155.0,NEW_CANDIDATE_OR_VERIFICATION_NOT_SCIENTIFIC_APPROVAL,RECORDED,Candidate status never implies frozen science
RUN_frozen_spatial_anchor_verification,THIS_RUN_DERIVED_EVIDENCE,F:\pytorch\Research\outputs\stage1_b0_formal_readiness_resolution\run_20260928T124313_169375Z\SPATIAL\frozen_spatial_anchor_verification.json,492cd069e501227f37662bf30d00d4b84609548cf483f9f82bff1d11bac0a6b8,703.0,NEW_CANDIDATE_OR_VERIFICATION_NOT_SCIENTIFIC_APPROVAL,RECORDED,Candidate status never implies frozen science
RUN_candidate_coordinate_indices,THIS_RUN_DERIVED_EVIDENCE,F:\pytorch\Research\outputs\stage1_b0_formal_readiness_resolution\run_20260928T124313_169375Z\SPATIAL\candidate_coordinate_indices.json,a029383b245007cff20fe0cff59270213b7ef1b53a7cb10298d696683a22c4ff,53766.0,NEW_CANDIDATE_OR_VERIFICATION_NOT_SCIENTIFIC_APPROVAL,RECORDED,Candidate status never implies frozen science
RUN_candidate_blocks,THIS_RUN_DERIVED_EVIDENCE,F:\pytorch\Research\outputs\stage1_b0_formal_readiness_resolution\run_20260928T124313_169375Z\SPLIT\candidate_blocks.json,9acce68a61b01f4a17c85604fcb7df15c45c5097bd0efa30d34b9405e0083f48,2490.0,NEW_CANDIDATE_OR_VERIFICATION_NOT_SCIENTIFIC_APPROVAL,RECORDED,Candidate status never implies frozen science
RUN_b0_contract_candidate,THIS_RUN_DERIVED_EVIDENCE,F:\pytorch\Research\outputs\stage1_b0_formal_readiness_resolution\run_20260928T124313_169375Z\DATA_CONTRACT\b0_contract_candidate.json,65f6ef27455385938736bd2b8d541221f05fe9dc688cc6f70ab59526d61e9aed,2836.0,NEW_CANDIDATE_OR_VERIFICATION_NOT_SCIENTIFIC_APPROVAL,RECORDED,Candidate status never implies frozen science
RUN_final_integrity,THIS_RUN_DERIVED_EVIDENCE,F:\pytorch\Research\outputs\stage1_b0_formal_readiness_resolution\run_20260928T124313_169375Z\logs\final_integrity.json,5bad387d518662b0c5fd5847778f1ec72a949f123dff7f881d48da6e9458dc79,116509.0,NEW_CANDIDATE_OR_VERIFICATION_NOT_SCIENTIFIC_APPROVAL,RECORDED,Candidate status never implies frozen science
