model,epoch,phase,partition,max_qlog,q32_per_forward_max_p99,q32_per_forward_max_p99_9,FP64_PHYSICAL_OVERFLOW_RISK,threshold_mm_h,scene_pixel_tau_exposure,scene_pixel_any_tau_exposure,total_scene_pixel_tau_exposure,total_scene_pixel_any_tau_exposure
B0_MATCHED_V2,1,TRAIN,YUNNAN_INSIDE,6.908522722921345,4.346845240888567,5.527379150333077,False,10,1034045,270892,1147540800,35860650
B0_MATCHED_V2,1,TRAIN,YUNNAN_INSIDE,6.908522722921345,4.346845240888567,5.527379150333077,False,50,5671,1701,1147540800,35860650
B0_MATCHED_V2,1,TRAIN,YUNNAN_INSIDE,6.908522722921345,4.346845240888567,5.527379150333077,False,100,856,294,1147540800,35860650
B0_MATCHED_V2,1,TRAIN,YUNNAN_INSIDE,6.908522722921345,4.346845240888567,5.527379150333077,False,500,8,3,1147540800,35860650
B0_MATCHED_V2,1,TRAIN,YUNNAN_INSIDE,6.908522722921345,4.346845240888567,5.527379150333077,False,1000,0,0,1147540800,35860650
B0_MATCHED_V2,1,TRAIN,YUNNAN_OUTSIDE,7.0623308439192884,5.618154852026714,6.362488500440434,False,10,5401638,1226811,2198059200,68689350
B0_MATCHED_V2,1,TRAIN,YUNNAN_OUTSIDE,7.0623308439192884,5.618154852026714,6.362488500440434,False,50,82288,24811,2198059200,68689350
B0_MATCHED_V2,1,TRAIN,YUNNAN_OUTSIDE,7.0623308439192884,5.618154852026714,6.362488500440434,False,100,13806,4478,2198059200,68689350
B0_MATCHED_V2,1,TRAIN,YUNNAN_OUTSIDE,7.0623308439192884,5.618154852026714,6.362488500440434,False,500,51,26,2198059200,68689350
B0_MATCHED_V2,1,TRAIN,YUNNAN_OUTSIDE,7.0623308439192884,5.618154852026714,6.362488500440434,False,1000,2,1,2198059200,68689350
B0_MATCHED_V2,1,VALIDATION,YUNNAN_INSIDE,6.067651801043653,4.978519548365362,5.6472239343438115,False,10,1284387,410393,1152589760,36018430
B0_MATCHED_V2,1,VALIDATION,YUNNAN_INSIDE,6.067651801043653,4.978519548365362,5.6472239343438115,False,50,4248,1825,1152589760,36018430
B0_MATCHED_V2,1,VALIDATION,YUNNAN_INSIDE,6.067651801043653,4.978519548365362,5.6472239343438115,False,100,391,178,1152589760,36018430
B0_MATCHED_V2,1,VALIDATION,YUNNAN_INSIDE,6.067651801043653,4.978519548365362,5.6472239343438115,False,500,0,0,1152589760,36018430
B0_MATCHED_V2,1,VALIDATION,YUNNAN_INSIDE,6.067651801043653,4.978519548365362,5.6472239343438115,False,1000,0,0,1152589760,36018430
B0_MATCHED_V2,1,VALIDATION,YUNNAN_OUTSIDE,9.095701407964103,6.8756833923509255,8.314790911974466,False,10,7460119,2008589,2207730240,68991570
B0_MATCHED_V2,1,VALIDATION,YUNNAN_OUTSIDE,9.095701407964103,6.8756833923509255,8.314790911974466,False,50,140870,53146,2207730240,68991570
B0_MATCHED_V2,1,VALIDATION,YUNNAN_OUTSIDE,9.095701407964103,6.8756833923509255,8.314790911974466,False,100,25597,10315,2207730240,68991570
B0_MATCHED_V2,1,VALIDATION,YUNNAN_OUTSIDE,9.095701407964103,6.8756833923509255,8.314790911974466,False,500,698,304,2207730240,68991570
B0_MATCHED_V2,1,VALIDATION,YUNNAN_OUTSIDE,9.095701407964103,6.8756833923509255,8.314790911974466,False,1000,167,73,2207730240,68991570
B0_MATCHED_V2,2,TRAIN,YUNNAN_INSIDE,7.771951705394205,4.799130398175572,5.814511762714651,False,10,1134569,396130,1147540800,35860650
B0_MATCHED_V2,2,TRAIN,YUNNAN_INSIDE,7.771951705394205,4.799130398175572,5.814511762714651,False,50,5267,2376,1147540800,35860650
B0_MATCHED_V2,2,TRAIN,YUNNAN_INSIDE,7.771951705394205,4.799130398175572,5.814511762714651,False,100,881,425,1147540800,35860650
B0_MATCHED_V2,2,TRAIN,YUNNAN_INSIDE,7.771951705394205,4.799130398175572,5.814511762714651,False,500,13,7,1147540800,35860650
B0_MATCHED_V2,2,TRAIN,YUNNAN_INSIDE,7.771951705394205,4.799130398175572,5.814511762714651,False,1000,2,1,1147540800,35860650
B0_MATCHED_V2,2,TRAIN,YUNNAN_OUTSIDE,11.059596992894065,6.566885600766067,8.44466301399459,False,10,6563583,1901290,2198059200,68689350
B0_MATCHED_V2,2,TRAIN,YUNNAN_OUTSIDE,11.059596992894065,6.566885600766067,8.44466301399459,False,50,132722,54366,2198059200,68689350
B0_MATCHED_V2,2,TRAIN,YUNNAN_OUTSIDE,11.059596992894065,6.566885600766067,8.44466301399459,False,100,28211,12440,2198059200,68689350
B0_MATCHED_V2,2,TRAIN,YUNNAN_OUTSIDE,11.059596992894065,6.566885600766067,8.44466301399459,False,500,1109,516,2198059200,68689350
B0_MATCHED_V2,2,TRAIN,YUNNAN_OUTSIDE,11.059596992894065,6.566885600766067,8.44466301399459,False,1000,346,154,2198059200,68689350
B0_MATCHED_V2,2,VALIDATION,YUNNAN_INSIDE,5.389967162661586,4.460763540707943,5.016499836341906,False,10,891170,333524,1152589760,36018430
B0_MATCHED_V2,2,VALIDATION,YUNNAN_INSIDE,5.389967162661586,4.460763540707943,5.016499836341906,False,50,1035,569,1152589760,36018430
B0_MATCHED_V2,2,VALIDATION,YUNNAN_INSIDE,5.389967162661586,4.460763540707943,5.016499836341906,False,100,93,58,1152589760,36018430
B0_MATCHED_V2,2,VALIDATION,YUNNAN_INSIDE,5.389967162661586,4.460763540707943,5.016499836341906,False,500,0,0,1152589760,36018430
B0_MATCHED_V2,2,VALIDATION,YUNNAN_INSIDE,5.389967162661586,4.460763540707943,5.016499836341906,False,1000,0,0,1152589760,36018430
B0_MATCHED_V2,2,VALIDATION,YUNNAN_OUTSIDE,7.515865307193036,6.113897725795666,6.9132030999217475,False,10,5595979,1811833,2207730240,68991570
B0_MATCHED_V2,2,VALIDATION,YUNNAN_OUTSIDE,7.515865307193036,6.113897725795666,6.9132030999217475,False,50,50488,25540,2207730240,68991570
B0_MATCHED_V2,2,VALIDATION,YUNNAN_OUTSIDE,7.515865307193036,6.113897725795666,6.9132030999217475,False,100,7200,3764,2207730240,68991570
B0_MATCHED_V2,2,VALIDATION,YUNNAN_OUTSIDE,7.515865307193036,6.113897725795666,6.9132030999217475,False,500,133,76,2207730240,68991570
B0_MATCHED_V2,2,VALIDATION,YUNNAN_OUTSIDE,7.515865307193036,6.113897725795666,6.9132030999217475,False,1000,23,15,2207730240,68991570
B0_MATCHED_V2,3,TRAIN,YUNNAN_INSIDE,6.192043525957435,4.522283379370083,5.317213267487317,False,10,1094814,429243,1147540800,35860650
B0_MATCHED_V2,3,TRAIN,YUNNAN_INSIDE,6.192043525957435,4.522283379370083,5.317213267487317,False,50,3209,1963,1147540800,35860650
B0_MATCHED_V2,3,TRAIN,YUNNAN_INSIDE,6.192043525957435,4.522283379370083,5.317213267487317,False,100,226,137,1147540800,35860650
B0_MATCHED_V2,3,TRAIN,YUNNAN_INSIDE,6.192043525957435,4.522283379370083,5.317213267487317,False,500,0,0,1147540800,35860650
B0_MATCHED_V2,3,TRAIN,YUNNAN_INSIDE,6.192043525957435,4.522283379370083,5.317213267487317,False,1000,0,0,1147540800,35860650
B0_MATCHED_V2,3,TRAIN,YUNNAN_OUTSIDE,10.885330612227786,6.288863318808204,7.563615205115643,False,10,6323002,2020239,2198059200,68689350
B0_MATCHED_V2,3,TRAIN,YUNNAN_OUTSIDE,10.885330612227786,6.288863318808204,7.563615205115643,False,50,101004,51308,2198059200,68689350
B0_MATCHED_V2,3,TRAIN,YUNNAN_OUTSIDE,10.885330612227786,6.288863318808204,7.563615205115643,False,100,18824,10549,2198059200,68689350
B0_MATCHED_V2,3,TRAIN,YUNNAN_OUTSIDE,10.885330612227786,6.288863318808204,7.563615205115643,False,500,543,333,2198059200,68689350
B0_MATCHED_V2,3,TRAIN,YUNNAN_OUTSIDE,10.885330612227786,6.288863318808204,7.563615205115643,False,1000,134,87,2198059200,68689350
B0_MATCHED_V2,3,VALIDATION,YUNNAN_INSIDE,5.6739563028810585,4.7370406113383545,5.327542733435915,False,10,1376287,599684,1152589760,36018430
B0_MATCHED_V2,3,VALIDATION,YUNNAN_INSIDE,5.6739563028810585,4.7370406113383545,5.327542733435915,False,50,2298,1505,1152589760,36018430
B0_MATCHED_V2,3,VALIDATION,YUNNAN_INSIDE,5.6739563028810585,4.7370406113383545,5.327542733435915,False,100,187,122,1152589760,36018430
B0_MATCHED_V2,3,VALIDATION,YUNNAN_INSIDE,5.6739563028810585,4.7370406113383545,5.327542733435915,False,500,0,0,1152589760,36018430
B0_MATCHED_V2,3,VALIDATION,YUNNAN_INSIDE,5.6739563028810585,4.7370406113383545,5.327542733435915,False,1000,0,0,1152589760,36018430
B0_MATCHED_V2,3,VALIDATION,YUNNAN_OUTSIDE,7.107405211694674,5.995688773875965,6.5761119224114255,False,10,7443956,2771368,2207730240,68991570
B0_MATCHED_V2,3,VALIDATION,YUNNAN_OUTSIDE,7.107405211694674,5.995688773875965,6.5761119224114255,False,50,57572,34381,2207730240,68991570
B0_MATCHED_V2,3,VALIDATION,YUNNAN_OUTSIDE,7.107405211694674,5.995688773875965,6.5761119224114255,False,100,7486,5022,2207730240,68991570
B0_MATCHED_V2,3,VALIDATION,YUNNAN_OUTSIDE,7.107405211694674,5.995688773875965,6.5761119224114255,False,500,20,17,2207730240,68991570
B0_MATCHED_V2,3,VALIDATION,YUNNAN_OUTSIDE,7.107405211694674,5.995688773875965,6.5761119224114255,False,1000,1,1,2207730240,68991570
B0_MATCHED_V2,4,TRAIN,YUNNAN_INSIDE,7.403844322753287,4.583339304350695,5.352439948578645,False,10,1190896,495621,1147540800,35860650
B0_MATCHED_V2,4,TRAIN,YUNNAN_INSIDE,7.403844322753287,4.583339304350695,5.352439948578645,False,50,3360,2286,1147540800,35860650
B0_MATCHED_V2,4,TRAIN,YUNNAN_INSIDE,7.403844322753287,4.583339304350695,5.352439948578645,False,100,262,197,1147540800,35860650
B0_MATCHED_V2,4,TRAIN,YUNNAN_INSIDE,7.403844322753287,4.583339304350695,5.352439948578645,False,500,3,2,1147540800,35860650
B0_MATCHED_V2,4,TRAIN,YUNNAN_INSIDE,7.403844322753287,4.583339304350695,5.352439948578645,False,1000,1,1,1147540800,35860650
B0_MATCHED_V2,4,TRAIN,YUNNAN_OUTSIDE,9.373103959041067,6.043072429255053,7.557195727169562,False,10,6482273,2232822,2198059200,68689350
B0_MATCHED_V2,4,TRAIN,YUNNAN_OUTSIDE,9.373103959041067,6.043072429255053,7.557195727169562,False,50,90432,53020,2198059200,68689350
B0_MATCHED_V2,4,TRAIN,YUNNAN_OUTSIDE,9.373103959041067,6.043072429255053,7.557195727169562,False,100,15312,9805,2198059200,68689350
B0_MATCHED_V2,4,TRAIN,YUNNAN_OUTSIDE,9.373103959041067,6.043072429255053,7.557195727169562,False,500,271,207,2198059200,68689350
B0_MATCHED_V2,4,TRAIN,YUNNAN_OUTSIDE,9.373103959041067,6.043072429255053,7.557195727169562,False,1000,65,42,2198059200,68689350
B0_MATCHED_V2,4,VALIDATION,YUNNAN_INSIDE,5.485222100185172,4.872377283940182,5.381942718607571,False,10,1255935,536953,1152589760,36018430
B0_MATCHED_V2,4,VALIDATION,YUNNAN_INSIDE,5.485222100185172,4.872377283940182,5.381942718607571,False,50,3882,3047,1152589760,36018430
B0_MATCHED_V2,4,VALIDATION,YUNNAN_INSIDE,5.485222100185172,4.872377283940182,5.381942718607571,False,100,181,158,1152589760,36018430
B0_MATCHED_V2,4,VALIDATION,YUNNAN_INSIDE,5.485222100185172,4.872377283940182,5.381942718607571,False,500,0,0,1152589760,36018430
B0_MATCHED_V2,4,VALIDATION,YUNNAN_INSIDE,5.485222100185172,4.872377283940182,5.381942718607571,False,1000,0,0,1152589760,36018430
B0_MATCHED_V2,4,VALIDATION,YUNNAN_OUTSIDE,7.714759498839638,6.485582456155679,7.50853738890474,False,10,7365842,2580602,2207730240,68991570
B0_MATCHED_V2,4,VALIDATION,YUNNAN_OUTSIDE,7.714759498839638,6.485582456155679,7.50853738890474,False,50,118378,74802,2207730240,68991570
B0_MATCHED_V2,4,VALIDATION,YUNNAN_OUTSIDE,7.714759498839638,6.485582456155679,7.50853738890474,False,100,17033,12305,2207730240,68991570
B0_MATCHED_V2,4,VALIDATION,YUNNAN_OUTSIDE,7.714759498839638,6.485582456155679,7.50853738890474,False,500,128,114,2207730240,68991570
B0_MATCHED_V2,4,VALIDATION,YUNNAN_OUTSIDE,7.714759498839638,6.485582456155679,7.50853738890474,False,1000,15,14,2207730240,68991570
B0_MATCHED_V2,5,TRAIN,YUNNAN_INSIDE,6.5579683479043425,4.627414124322342,5.388607267567881,False,10,1204515,519004,1147540800,35860650
B0_MATCHED_V2,5,TRAIN,YUNNAN_INSIDE,6.5579683479043425,4.627414124322342,5.388607267567881,False,50,3911,2765,1147540800,35860650
B0_MATCHED_V2,5,TRAIN,YUNNAN_INSIDE,6.5579683479043425,4.627414124322342,5.388607267567881,False,100,323,246,1147540800,35860650
B0_MATCHED_V2,5,TRAIN,YUNNAN_INSIDE,6.5579683479043425,4.627414124322342,5.388607267567881,False,500,5,5,1147540800,35860650
B0_MATCHED_V2,5,TRAIN,YUNNAN_INSIDE,6.5579683479043425,4.627414124322342,5.388607267567881,False,1000,0,0,1147540800,35860650
B0_MATCHED_V2,5,TRAIN,YUNNAN_OUTSIDE,8.224557886876598,6.112748653452676,7.28794844009772,False,10,6338274,2261673,2198059200,68689350
B0_MATCHED_V2,5,TRAIN,YUNNAN_OUTSIDE,8.224557886876598,6.112748653452676,7.28794844009772,False,50,84121,53611,2198059200,68689350
B0_MATCHED_V2,5,TRAIN,YUNNAN_OUTSIDE,8.224557886876598,6.112748653452676,7.28794844009772,False,100,13499,9477,2198059200,68689350
B0_MATCHED_V2,5,TRAIN,YUNNAN_OUTSIDE,8.224557886876598,6.112748653452676,7.28794844009772,False,500,198,164,2198059200,68689350
B0_MATCHED_V2,5,TRAIN,YUNNAN_OUTSIDE,8.224557886876598,6.112748653452676,7.28794844009772,False,1000,33,28,2198059200,68689350
B0_MATCHED_V2,5,VALIDATION,YUNNAN_INSIDE,6.803663447083617,5.691727722438992,6.564365220269483,False,10,2821785,1011894,1152589760,36018430
B0_MATCHED_V2,5,VALIDATION,YUNNAN_INSIDE,6.803663447083617,5.691727722438992,6.564365220269483,False,50,24274,15740,1152589760,36018430
B0_MATCHED_V2,5,VALIDATION,YUNNAN_INSIDE,6.803663447083617,5.691727722438992,6.564365220269483,False,100,2823,2067,1152589760,36018430
B0_MATCHED_V2,5,VALIDATION,YUNNAN_INSIDE,6.803663447083617,5.691727722438992,6.564365220269483,False,500,18,17,1152589760,36018430
B0_MATCHED_V2,5,VALIDATION,YUNNAN_INSIDE,6.803663447083617,5.691727722438992,6.564365220269483,False,1000,0,0,1152589760,36018430
B0_MATCHED_V2,5,VALIDATION,YUNNAN_OUTSIDE,10.828024584254464,7.670080363997798,9.627120632163926,False,10,16363439,4395189,2207730240,68991570
B0_MATCHED_V2,5,VALIDATION,YUNNAN_OUTSIDE,10.828024584254464,7.670080363997798,9.627120632163926,False,50,441620,218723,2207730240,68991570
B0_MATCHED_V2,5,VALIDATION,YUNNAN_OUTSIDE,10.828024584254464,7.670080363997798,9.627120632163926,False,100,101849,60373,2207730240,68991570
B0_MATCHED_V2,5,VALIDATION,YUNNAN_OUTSIDE,10.828024584254464,7.670080363997798,9.627120632163926,False,500,3608,2683,2207730240,68991570
B0_MATCHED_V2,5,VALIDATION,YUNNAN_OUTSIDE,10.828024584254464,7.670080363997798,9.627120632163926,False,1000,778,614,2207730240,68991570
B0_MATCHED_V2,6,TRAIN,YUNNAN_INSIDE,5.74551470159458,4.576687486243282,5.156076191667694,False,10,1218738,529535,1147540800,35860650
B0_MATCHED_V2,6,TRAIN,YUNNAN_INSIDE,5.74551470159458,4.576687486243282,5.156076191667694,False,50,3420,2661,1147540800,35860650
B0_MATCHED_V2,6,TRAIN,YUNNAN_INSIDE,5.74551470159458,4.576687486243282,5.156076191667694,False,100,161,140,1147540800,35860650
B0_MATCHED_V2,6,TRAIN,YUNNAN_INSIDE,5.74551470159458,4.576687486243282,5.156076191667694,False,500,0,0,1147540800,35860650
B0_MATCHED_V2,6,TRAIN,YUNNAN_INSIDE,5.74551470159458,4.576687486243282,5.156076191667694,False,1000,0,0,1147540800,35860650
B0_MATCHED_V2,6,TRAIN,YUNNAN_OUTSIDE,8.457834884853527,6.004101131339971,7.106314077395288,False,10,6349550,2243098,2198059200,68689350
B0_MATCHED_V2,6,TRAIN,YUNNAN_OUTSIDE,8.457834884853527,6.004101131339971,7.106314077395288,False,50,77089,50594,2198059200,68689350
B0_MATCHED_V2,6,TRAIN,YUNNAN_OUTSIDE,8.457834884853527,6.004101131339971,7.106314077395288,False,100,11572,8415,2198059200,68689350
B0_MATCHED_V2,6,TRAIN,YUNNAN_OUTSIDE,8.457834884853527,6.004101131339971,7.106314077395288,False,500,255,210,2198059200,68689350
B0_MATCHED_V2,6,TRAIN,YUNNAN_OUTSIDE,8.457834884853527,6.004101131339971,7.106314077395288,False,1000,54,49,2198059200,68689350
B0_MATCHED_V2,6,VALIDATION,YUNNAN_INSIDE,4.966696772782063,4.6484469616374415,4.91247939386077,False,10,1289301,601779,1152589760,36018430
B0_MATCHED_V2,6,VALIDATION,YUNNAN_INSIDE,4.966696772782063,4.6484469616374415,4.91247939386077,False,50,2436,2035,1152589760,36018430
B0_MATCHED_V2,6,VALIDATION,YUNNAN_INSIDE,4.966696772782063,4.6484469616374415,4.91247939386077,False,100,60,60,1152589760,36018430
B0_MATCHED_V2,6,VALIDATION,YUNNAN_INSIDE,4.966696772782063,4.6484469616374415,4.91247939386077,False,500,0,0,1152589760,36018430
B0_MATCHED_V2,6,VALIDATION,YUNNAN_INSIDE,4.966696772782063,4.6484469616374415,4.91247939386077,False,1000,0,0,1152589760,36018430
B0_MATCHED_V2,6,VALIDATION,YUNNAN_OUTSIDE,6.763806170627692,5.56510815436421,6.500129224478825,False,10,7482215,2949443,2207730240,68991570
B0_MATCHED_V2,6,VALIDATION,YUNNAN_OUTSIDE,6.763806170627692,5.56510815436421,6.500129224478825,False,50,64547,46610,2207730240,68991570
B0_MATCHED_V2,6,VALIDATION,YUNNAN_OUTSIDE,6.763806170627692,5.56510815436421,6.500129224478825,False,100,6371,5334,2207730240,68991570
B0_MATCHED_V2,6,VALIDATION,YUNNAN_OUTSIDE,6.763806170627692,5.56510815436421,6.500129224478825,False,500,8,8,2207730240,68991570
B0_MATCHED_V2,6,VALIDATION,YUNNAN_OUTSIDE,6.763806170627692,5.56510815436421,6.500129224478825,False,1000,0,0,2207730240,68991570
B0_MATCHED_V2,7,TRAIN,YUNNAN_INSIDE,5.776703055164672,4.565562117564615,5.201044414165113,False,10,1234483,544894,1147540800,35860650
B0_MATCHED_V2,7,TRAIN,YUNNAN_INSIDE,5.776703055164672,4.565562117564615,5.201044414165113,False,50,3707,2962,1147540800,35860650
B0_MATCHED_V2,7,TRAIN,YUNNAN_INSIDE,5.776703055164672,4.565562117564615,5.201044414165113,False,100,221,190,1147540800,35860650
B0_MATCHED_V2,7,TRAIN,YUNNAN_INSIDE,5.776703055164672,4.565562117564615,5.201044414165113,False,500,0,0,1147540800,35860650
B0_MATCHED_V2,7,TRAIN,YUNNAN_INSIDE,5.776703055164672,4.565562117564615,5.201044414165113,False,1000,0,0,1147540800,35860650
B0_MATCHED_V2,7,TRAIN,YUNNAN_OUTSIDE,7.410771477208639,5.877723687167908,6.8489746929837665,False,10,6169699,2231289,2198059200,68689350
B0_MATCHED_V2,7,TRAIN,YUNNAN_OUTSIDE,7.410771477208639,5.877723687167908,6.8489746929837665,False,50,72371,50972,2198059200,68689350
B0_MATCHED_V2,7,TRAIN,YUNNAN_OUTSIDE,7.410771477208639,5.877723687167908,6.8489746929837665,False,100,9338,7396,2198059200,68689350
B0_MATCHED_V2,7,TRAIN,YUNNAN_OUTSIDE,7.410771477208639,5.877723687167908,6.8489746929837665,False,500,89,86,2198059200,68689350
B0_MATCHED_V2,7,TRAIN,YUNNAN_OUTSIDE,7.410771477208639,5.877723687167908,6.8489746929837665,False,1000,7,7,2198059200,68689350
B0_MATCHED_V2,7,VALIDATION,YUNNAN_INSIDE,5.129955275128347,4.687310435123656,5.009555342413975,False,10,1624989,651594,1152589760,36018430
B0_MATCHED_V2,7,VALIDATION,YUNNAN_INSIDE,5.129955275128347,4.687310435123656,5.009555342413975,False,50,5737,4999,1152589760,36018430
B0_MATCHED_V2,7,VALIDATION,YUNNAN_INSIDE,5.129955275128347,4.687310435123656,5.009555342413975,False,100,174,173,1152589760,36018430
B0_MATCHED_V2,7,VALIDATION,YUNNAN_INSIDE,5.129955275128347,4.687310435123656,5.009555342413975,False,500,0,0,1152589760,36018430
B0_MATCHED_V2,7,VALIDATION,YUNNAN_INSIDE,5.129955275128347,4.687310435123656,5.009555342413975,False,1000,0,0,1152589760,36018430
B0_MATCHED_V2,7,VALIDATION,YUNNAN_OUTSIDE,6.440273259050966,5.58401830289713,6.307475274246902,False,10,7861824,2852551,2207730240,68991570
B0_MATCHED_V2,7,VALIDATION,YUNNAN_OUTSIDE,6.440273259050966,5.58401830289713,6.307475274246902,False,50,68672,53569,2207730240,68991570
B0_MATCHED_V2,7,VALIDATION,YUNNAN_OUTSIDE,6.440273259050966,5.58401830289713,6.307475274246902,False,100,5309,4779,2207730240,68991570
B0_MATCHED_V2,7,VALIDATION,YUNNAN_OUTSIDE,6.440273259050966,5.58401830289713,6.307475274246902,False,500,4,4,2207730240,68991570
B0_MATCHED_V2,7,VALIDATION,YUNNAN_OUTSIDE,6.440273259050966,5.58401830289713,6.307475274246902,False,1000,0,0,2207730240,68991570
B0_MATCHED_V2,8,TRAIN,YUNNAN_INSIDE,5.671338394467618,4.663950232005422,5.286877276935099,False,10,1253007,556986,1147540800,35860650
B0_MATCHED_V2,8,TRAIN,YUNNAN_INSIDE,5.671338394467618,4.663950232005422,5.286877276935099,False,50,4213,3414,1147540800,35860650
B0_MATCHED_V2,8,TRAIN,YUNNAN_INSIDE,5.671338394467618,4.663950232005422,5.286877276935099,False,100,252,231,1147540800,35860650
B0_MATCHED_V2,8,TRAIN,YUNNAN_INSIDE,5.671338394467618,4.663950232005422,5.286877276935099,False,500,0,0,1147540800,35860650
B0_MATCHED_V2,8,TRAIN,YUNNAN_INSIDE,5.671338394467618,4.663950232005422,5.286877276935099,False,1000,0,0,1147540800,35860650
B0_MATCHED_V2,8,TRAIN,YUNNAN_OUTSIDE,8.171399968901895,5.886717105545427,6.706002348607564,False,10,5994188,2201028,2198059200,68689350
B0_MATCHED_V2,8,TRAIN,YUNNAN_OUTSIDE,8.171399968901895,5.886717105545427,6.706002348607564,False,50,69898,51755,2198059200,68689350
B0_MATCHED_V2,8,TRAIN,YUNNAN_OUTSIDE,8.171399968901895,5.886717105545427,6.706002348607564,False,100,8574,7072,2198059200,68689350
B0_MATCHED_V2,8,TRAIN,YUNNAN_OUTSIDE,8.171399968901895,5.886717105545427,6.706002348607564,False,500,80,72,2198059200,68689350
B0_MATCHED_V2,8,TRAIN,YUNNAN_OUTSIDE,8.171399968901895,5.886717105545427,6.706002348607564,False,1000,18,17,2198059200,68689350
B0_MATCHED_V2,8,VALIDATION,YUNNAN_INSIDE,5.156297576215408,4.380338509380942,4.799406734953291,False,10,1105089,549250,1152589760,36018430
B0_MATCHED_V2,8,VALIDATION,YUNNAN_INSIDE,5.156297576215408,4.380338509380942,4.799406734953291,False,50,1451,1340,1152589760,36018430
B0_MATCHED_V2,8,VALIDATION,YUNNAN_INSIDE,5.156297576215408,4.380338509380942,4.799406734953291,False,100,13,13,1152589760,36018430
B0_MATCHED_V2,8,VALIDATION,YUNNAN_INSIDE,5.156297576215408,4.380338509380942,4.799406734953291,False,500,0,0,1152589760,36018430
B0_MATCHED_V2,8,VALIDATION,YUNNAN_INSIDE,5.156297576215408,4.380338509380942,4.799406734953291,False,1000,0,0,1152589760,36018430
B0_MATCHED_V2,8,VALIDATION,YUNNAN_OUTSIDE,7.615656667580542,5.522794862960749,6.345681907913218,False,10,5878906,2490718,2207730240,68991570
B0_MATCHED_V2,8,VALIDATION,YUNNAN_OUTSIDE,7.615656667580542,5.522794862960749,6.345681907913218,False,50,34930,28494,2207730240,68991570
B0_MATCHED_V2,8,VALIDATION,YUNNAN_OUTSIDE,7.615656667580542,5.522794862960749,6.345681907913218,False,100,2753,2434,2207730240,68991570
B0_MATCHED_V2,8,VALIDATION,YUNNAN_OUTSIDE,7.615656667580542,5.522794862960749,6.345681907913218,False,500,20,18,2207730240,68991570
B0_MATCHED_V2,8,VALIDATION,YUNNAN_OUTSIDE,7.615656667580542,5.522794862960749,6.345681907913218,False,1000,4,4,2207730240,68991570
B0_MATCHED_V2,9,TRAIN,YUNNAN_INSIDE,5.751663814403698,4.673586537532612,5.304026736057815,False,10,1269159,571237,1147540800,35860650
B0_MATCHED_V2,9,TRAIN,YUNNAN_INSIDE,5.751663814403698,4.673586537532612,5.304026736057815,False,50,4489,3763,1147540800,35860650
B0_MATCHED_V2,9,TRAIN,YUNNAN_INSIDE,5.751663814403698,4.673586537532612,5.304026736057815,False,100,274,256,1147540800,35860650
B0_MATCHED_V2,9,TRAIN,YUNNAN_INSIDE,5.751663814403698,4.673586537532612,5.304026736057815,False,500,0,0,1147540800,35860650
B0_MATCHED_V2,9,TRAIN,YUNNAN_INSIDE,5.751663814403698,4.673586537532612,5.304026736057815,False,1000,0,0,1147540800,35860650
B0_MATCHED_V2,9,TRAIN,YUNNAN_OUTSIDE,9.013397501772303,5.834194669655234,6.9623130140818565,False,10,5791218,2188248,2198059200,68689350
B0_MATCHED_V2,9,TRAIN,YUNNAN_OUTSIDE,9.013397501772303,5.834194669655234,6.9623130140818565,False,50,62748,48249,2198059200,68689350
B0_MATCHED_V2,9,TRAIN,YUNNAN_OUTSIDE,9.013397501772303,5.834194669655234,6.9623130140818565,False,100,7941,6818,2198059200,68689350
B0_MATCHED_V2,9,TRAIN,YUNNAN_OUTSIDE,9.013397501772303,5.834194669655234,6.9623130140818565,False,500,99,88,2198059200,68689350
B0_MATCHED_V2,9,TRAIN,YUNNAN_OUTSIDE,9.013397501772303,5.834194669655234,6.9623130140818565,False,1000,27,25,2198059200,68689350
B0_MATCHED_V2,9,VALIDATION,YUNNAN_INSIDE,4.546006085478263,4.250040261166487,4.48909491364776,False,10,977619,502578,1152589760,36018430
B0_MATCHED_V2,9,VALIDATION,YUNNAN_INSIDE,4.546006085478263,4.250040261166487,4.48909491364776,False,50,677,653,1152589760,36018430
B0_MATCHED_V2,9,VALIDATION,YUNNAN_INSIDE,4.546006085478263,4.250040261166487,4.48909491364776,False,100,0,0,1152589760,36018430
B0_MATCHED_V2,9,VALIDATION,YUNNAN_INSIDE,4.546006085478263,4.250040261166487,4.48909491364776,False,500,0,0,1152589760,36018430
B0_MATCHED_V2,9,VALIDATION,YUNNAN_INSIDE,4.546006085478263,4.250040261166487,4.48909491364776,False,1000,0,0,1152589760,36018430
B0_MATCHED_V2,9,VALIDATION,YUNNAN_OUTSIDE,6.66720781647791,5.046845308959591,5.476129124103893,False,10,4621128,2091173,2207730240,68991570
B0_MATCHED_V2,9,VALIDATION,YUNNAN_OUTSIDE,6.66720781647791,5.046845308959591,5.476129124103893,False,50,13783,12394,2207730240,68991570
B0_MATCHED_V2,9,VALIDATION,YUNNAN_OUTSIDE,6.66720781647791,5.046845308959591,5.476129124103893,False,100,460,444,2207730240,68991570
B0_MATCHED_V2,9,VALIDATION,YUNNAN_OUTSIDE,6.66720781647791,5.046845308959591,5.476129124103893,False,500,1,1,2207730240,68991570
B0_MATCHED_V2,9,VALIDATION,YUNNAN_OUTSIDE,6.66720781647791,5.046845308959591,5.476129124103893,False,1000,0,0,2207730240,68991570
B0_MATCHED_V2,10,TRAIN,YUNNAN_INSIDE,5.3936446120941515,4.645466121277539,5.169040918699427,False,10,1297102,589139,1147540800,35860650
B0_MATCHED_V2,10,TRAIN,YUNNAN_INSIDE,5.3936446120941515,4.645466121277539,5.169040918699427,False,50,4383,3827,1147540800,35860650
B0_MATCHED_V2,10,TRAIN,YUNNAN_INSIDE,5.3936446120941515,4.645466121277539,5.169040918699427,False,100,239,238,1147540800,35860650
B0_MATCHED_V2,10,TRAIN,YUNNAN_INSIDE,5.3936446120941515,4.645466121277539,5.169040918699427,False,500,0,0,1147540800,35860650
B0_MATCHED_V2,10,TRAIN,YUNNAN_INSIDE,5.3936446120941515,4.645466121277539,5.169040918699427,False,1000,0,0,1147540800,35860650
B0_MATCHED_V2,10,TRAIN,YUNNAN_OUTSIDE,7.959572162345612,5.862550102966231,7.038765287929979,False,10,5950997,2216187,2198059200,68689350
B0_MATCHED_V2,10,TRAIN,YUNNAN_OUTSIDE,7.959572162345612,5.862550102966231,7.038765287929979,False,50,68084,52629,2198059200,68689350
B0_MATCHED_V2,10,TRAIN,YUNNAN_OUTSIDE,7.959572162345612,5.862550102966231,7.038765287929979,False,100,8878,7707,2198059200,68689350
B0_MATCHED_V2,10,TRAIN,YUNNAN_OUTSIDE,7.959572162345612,5.862550102966231,7.038765287929979,False,500,124,116,2198059200,68689350
B0_MATCHED_V2,10,TRAIN,YUNNAN_OUTSIDE,7.959572162345612,5.862550102966231,7.038765287929979,False,1000,24,24,2198059200,68689350
B0_MATCHED_V2,10,VALIDATION,YUNNAN_INSIDE,5.572258169926755,4.9932629352946085,5.460784187437943,False,10,1639253,675309,1152589760,36018430
B0_MATCHED_V2,10,VALIDATION,YUNNAN_INSIDE,5.572258169926755,4.9932629352946085,5.460784187437943,False,50,8362,7315,1152589760,36018430
B0_MATCHED_V2,10,VALIDATION,YUNNAN_INSIDE,5.572258169926755,4.9932629352946085,5.460784187437943,False,100,386,373,1152589760,36018430
B0_MATCHED_V2,10,VALIDATION,YUNNAN_INSIDE,5.572258169926755,4.9932629352946085,5.460784187437943,False,500,0,0,1152589760,36018430
B0_MATCHED_V2,10,VALIDATION,YUNNAN_INSIDE,5.572258169926755,4.9932629352946085,5.460784187437943,False,1000,0,0,1152589760,36018430
B0_MATCHED_V2,10,VALIDATION,YUNNAN_OUTSIDE,8.226220604945906,6.233710840488752,6.733547780774718,False,10,7471656,2602612,2207730240,68991570
B0_MATCHED_V2,10,VALIDATION,YUNNAN_OUTSIDE,8.226220604945906,6.233710840488752,6.733547780774718,False,50,115892,87927,2207730240,68991570
B0_MATCHED_V2,10,VALIDATION,YUNNAN_OUTSIDE,8.226220604945906,6.233710840488752,6.733547780774718,False,100,18217,16202,2207730240,68991570
B0_MATCHED_V2,10,VALIDATION,YUNNAN_OUTSIDE,8.226220604945906,6.233710840488752,6.733547780774718,False,500,69,65,2207730240,68991570
B0_MATCHED_V2,10,VALIDATION,YUNNAN_OUTSIDE,8.226220604945906,6.233710840488752,6.733547780774718,False,1000,10,10,2207730240,68991570
B0_MATCHED_V2,11,TRAIN,YUNNAN_INSIDE,6.280325802370639,4.663150974868565,5.556713473005038,False,10,1338154,608253,1147540800,35860650
B0_MATCHED_V2,11,TRAIN,YUNNAN_INSIDE,6.280325802370639,4.663150974868565,5.556713473005038,False,50,4949,4425,1147540800,35860650
B0_MATCHED_V2,11,TRAIN,YUNNAN_INSIDE,6.280325802370639,4.663150974868565,5.556713473005038,False,100,292,263,1147540800,35860650
B0_MATCHED_V2,11,TRAIN,YUNNAN_INSIDE,6.280325802370639,4.663150974868565,5.556713473005038,False,500,1,1,1147540800,35860650
B0_MATCHED_V2,11,TRAIN,YUNNAN_INSIDE,6.280325802370639,4.663150974868565,5.556713473005038,False,1000,0,0,1147540800,35860650
B0_MATCHED_V2,11,TRAIN,YUNNAN_OUTSIDE,7.927287164670365,5.917174543564649,7.361663185049557,False,10,5956692,2214071,2198059200,68689350
B0_MATCHED_V2,11,TRAIN,YUNNAN_OUTSIDE,7.927287164670365,5.917174543564649,7.361663185049557,False,50,73240,58214,2198059200,68689350
B0_MATCHED_V2,11,TRAIN,YUNNAN_OUTSIDE,7.927287164670365,5.917174543564649,7.361663185049557,False,100,9294,8315,2198059200,68689350
B0_MATCHED_V2,11,TRAIN,YUNNAN_OUTSIDE,7.927287164670365,5.917174543564649,7.361663185049557,False,500,124,115,2198059200,68689350
B0_MATCHED_V2,11,TRAIN,YUNNAN_OUTSIDE,7.927287164670365,5.917174543564649,7.361663185049557,False,1000,31,31,2198059200,68689350
B0_MATCHED_V2,11,VALIDATION,YUNNAN_INSIDE,5.357232311078305,4.999302545065122,5.330805988558861,False,10,1640528,721000,1152589760,36018430
B0_MATCHED_V2,11,VALIDATION,YUNNAN_INSIDE,5.357232311078305,4.999302545065122,5.330805988558861,False,50,6814,5970,1152589760,36018430
B0_MATCHED_V2,11,VALIDATION,YUNNAN_INSIDE,5.357232311078305,4.999302545065122,5.330805988558861,False,100,364,363,1152589760,36018430
B0_MATCHED_V2,11,VALIDATION,YUNNAN_INSIDE,5.357232311078305,4.999302545065122,5.330805988558861,False,500,0,0,1152589760,36018430
B0_MATCHED_V2,11,VALIDATION,YUNNAN_INSIDE,5.357232311078305,4.999302545065122,5.330805988558861,False,1000,0,0,1152589760,36018430
B0_MATCHED_V2,11,VALIDATION,YUNNAN_OUTSIDE,8.636703077531445,6.511989332251058,7.641157681607875,False,10,7964036,2970752,2207730240,68991570
B0_MATCHED_V2,11,VALIDATION,YUNNAN_OUTSIDE,8.636703077531445,6.511989332251058,7.641157681607875,False,50,76991,54899,2207730240,68991570
B0_MATCHED_V2,11,VALIDATION,YUNNAN_OUTSIDE,8.636703077531445,6.511989332251058,7.641157681607875,False,100,10136,8297,2207730240,68991570
B0_MATCHED_V2,11,VALIDATION,YUNNAN_OUTSIDE,8.636703077531445,6.511989332251058,7.641157681607875,False,500,126,115,2207730240,68991570
B0_MATCHED_V2,11,VALIDATION,YUNNAN_OUTSIDE,8.636703077531445,6.511989332251058,7.641157681607875,False,1000,29,27,2207730240,68991570
B0_MATCHED_V2,12,TRAIN,YUNNAN_INSIDE,5.427294192753973,4.728823497214013,5.259580433707343,False,10,1333674,602469,1147540800,35860650
B0_MATCHED_V2,12,TRAIN,YUNNAN_INSIDE,5.427294192753973,4.728823497214013,5.259580433707343,False,50,5390,4814,1147540800,35860650
B0_MATCHED_V2,12,TRAIN,YUNNAN_INSIDE,5.427294192753973,4.728823497214013,5.259580433707343,False,100,333,332,1147540800,35860650
B0_MATCHED_V2,12,TRAIN,YUNNAN_INSIDE,5.427294192753973,4.728823497214013,5.259580433707343,False,500,0,0,1147540800,35860650
B0_MATCHED_V2,12,TRAIN,YUNNAN_INSIDE,5.427294192753973,4.728823497214013,5.259580433707343,False,1000,0,0,1147540800,35860650
B0_MATCHED_V2,12,TRAIN,YUNNAN_OUTSIDE,8.315743504576867,6.155004425106311,7.246577344384509,False,10,5865682,2190305,2198059200,68689350
B0_MATCHED_V2,12,TRAIN,YUNNAN_OUTSIDE,8.315743504576867,6.155004425106311,7.246577344384509,False,50,74708,60104,2198059200,68689350
B0_MATCHED_V2,12,TRAIN,YUNNAN_OUTSIDE,8.315743504576867,6.155004425106311,7.246577344384509,False,100,10531,9376,2198059200,68689350
B0_MATCHED_V2,12,TRAIN,YUNNAN_OUTSIDE,8.315743504576867,6.155004425106311,7.246577344384509,False,500,157,153,2198059200,68689350
B0_MATCHED_V2,12,TRAIN,YUNNAN_OUTSIDE,8.315743504576867,6.155004425106311,7.246577344384509,False,1000,39,38,2198059200,68689350
B0_MATCHED_V2,12,VALIDATION,YUNNAN_INSIDE,5.8486734646623075,4.803853036000087,5.072994040709238,False,10,1426654,578053,1152589760,36018430
B0_MATCHED_V2,12,VALIDATION,YUNNAN_INSIDE,5.8486734646623075,4.803853036000087,5.072994040709238,False,50,6668,6131,1152589760,36018430
B0_MATCHED_V2,12,VALIDATION,YUNNAN_INSIDE,5.8486734646623075,4.803853036000087,5.072994040709238,False,100,268,263,1152589760,36018430
B0_MATCHED_V2,12,VALIDATION,YUNNAN_INSIDE,5.8486734646623075,4.803853036000087,5.072994040709238,False,500,0,0,1152589760,36018430
B0_MATCHED_V2,12,VALIDATION,YUNNAN_INSIDE,5.8486734646623075,4.803853036000087,5.072994040709238,False,1000,0,0,1152589760,36018430
B0_MATCHED_V2,12,VALIDATION,YUNNAN_OUTSIDE,7.909375753536071,6.12777637238994,7.346300810308874,False,10,6693983,2278842,2207730240,68991570
B0_MATCHED_V2,12,VALIDATION,YUNNAN_OUTSIDE,7.909375753536071,6.12777637238994,7.346300810308874,False,50,85506,68864,2207730240,68991570
B0_MATCHED_V2,12,VALIDATION,YUNNAN_OUTSIDE,7.909375753536071,6.12777637238994,7.346300810308874,False,100,11260,10260,2207730240,68991570
B0_MATCHED_V2,12,VALIDATION,YUNNAN_OUTSIDE,7.909375753536071,6.12777637238994,7.346300810308874,False,500,61,59,2207730240,68991570
B0_MATCHED_V2,12,VALIDATION,YUNNAN_OUTSIDE,7.909375753536071,6.12777637238994,7.346300810308874,False,1000,12,12,2207730240,68991570
B0_MATCHED_V2,13,TRAIN,YUNNAN_INSIDE,5.790437940556665,4.728841120442084,5.412043631767574,False,10,1327611,597420,1147540800,35860650
B0_MATCHED_V2,13,TRAIN,YUNNAN_INSIDE,5.790437940556665,4.728841120442084,5.412043631767574,False,50,5993,5406,1147540800,35860650
B0_MATCHED_V2,13,TRAIN,YUNNAN_INSIDE,5.790437940556665,4.728841120442084,5.412043631767574,False,100,400,385,1147540800,35860650
B0_MATCHED_V2,13,TRAIN,YUNNAN_INSIDE,5.790437940556665,4.728841120442084,5.412043631767574,False,500,0,0,1147540800,35860650
B0_MATCHED_V2,13,TRAIN,YUNNAN_INSIDE,5.790437940556665,4.728841120442084,5.412043631767574,False,1000,0,0,1147540800,35860650
B0_MATCHED_V2,13,TRAIN,YUNNAN_OUTSIDE,8.887765030732904,6.1486363378055,7.729640510476943,False,10,5704584,2119672,2198059200,68689350
B0_MATCHED_V2,13,TRAIN,YUNNAN_OUTSIDE,8.887765030732904,6.1486363378055,7.729640510476943,False,50,76177,61021,2198059200,68689350
B0_MATCHED_V2,13,TRAIN,YUNNAN_OUTSIDE,8.887765030732904,6.1486363378055,7.729640510476943,False,100,11751,10367,2198059200,68689350
B0_MATCHED_V2,13,TRAIN,YUNNAN_OUTSIDE,8.887765030732904,6.1486363378055,7.729640510476943,False,500,191,173,2198059200,68689350
B0_MATCHED_V2,13,TRAIN,YUNNAN_OUTSIDE,8.887765030732904,6.1486363378055,7.729640510476943,False,1000,51,45,2198059200,68689350
B0_MATCHED_V2,13,VALIDATION,YUNNAN_INSIDE,5.4751538150355445,4.609524757286189,5.137858695750651,False,10,1432141,750452,1152589760,36018430
B0_MATCHED_V2,13,VALIDATION,YUNNAN_INSIDE,5.4751538150355445,4.609524757286189,5.137858695750651,False,50,2308,2251,1152589760,36018430
B0_MATCHED_V2,13,VALIDATION,YUNNAN_INSIDE,5.4751538150355445,4.609524757286189,5.137858695750651,False,100,53,53,1152589760,36018430
B0_MATCHED_V2,13,VALIDATION,YUNNAN_INSIDE,5.4751538150355445,4.609524757286189,5.137858695750651,False,500,0,0,1152589760,36018430
B0_MATCHED_V2,13,VALIDATION,YUNNAN_INSIDE,5.4751538150355445,4.609524757286189,5.137858695750651,False,1000,0,0,1152589760,36018430
B0_MATCHED_V2,13,VALIDATION,YUNNAN_OUTSIDE,9.090934579635276,6.4447013364847345,7.53528775361537,False,10,6757351,2859566,2207730240,68991570
B0_MATCHED_V2,13,VALIDATION,YUNNAN_OUTSIDE,9.090934579635276,6.4447013364847345,7.53528775361537,False,50,64349,55058,2207730240,68991570
B0_MATCHED_V2,13,VALIDATION,YUNNAN_OUTSIDE,9.090934579635276,6.4447013364847345,7.53528775361537,False,100,8609,7879,2207730240,68991570
B0_MATCHED_V2,13,VALIDATION,YUNNAN_OUTSIDE,9.090934579635276,6.4447013364847345,7.53528775361537,False,500,132,128,2207730240,68991570
B0_MATCHED_V2,13,VALIDATION,YUNNAN_OUTSIDE,9.090934579635276,6.4447013364847345,7.53528775361537,False,1000,27,27,2207730240,68991570
B0_MATCHED_V2,14,TRAIN,YUNNAN_INSIDE,6.304752037181844,4.758243071314883,5.482639845030133,False,10,1347996,595400,1147540800,35860650
B0_MATCHED_V2,14,TRAIN,YUNNAN_INSIDE,6.304752037181844,4.758243071314883,5.482639845030133,False,50,5776,5292,1147540800,35860650
B0_MATCHED_V2,14,TRAIN,YUNNAN_INSIDE,6.304752037181844,4.758243071314883,5.482639845030133,False,100,390,370,1147540800,35860650
B0_MATCHED_V2,14,TRAIN,YUNNAN_INSIDE,6.304752037181844,4.758243071314883,5.482639845030133,False,500,1,1,1147540800,35860650
B0_MATCHED_V2,14,TRAIN,YUNNAN_INSIDE,6.304752037181844,4.758243071314883,5.482639845030133,False,1000,0,0,1147540800,35860650
B0_MATCHED_V2,14,TRAIN,YUNNAN_OUTSIDE,8.279455654483122,6.248141840862014,7.247637320562462,False,10,5808312,2106294,2198059200,68689350
B0_MATCHED_V2,14,TRAIN,YUNNAN_OUTSIDE,8.279455654483122,6.248141840862014,7.247637320562462,False,50,79741,65075,2198059200,68689350
B0_MATCHED_V2,14,TRAIN,YUNNAN_OUTSIDE,8.279455654483122,6.248141840862014,7.247637320562462,False,100,12014,10752,2198059200,68689350
B0_MATCHED_V2,14,TRAIN,YUNNAN_OUTSIDE,8.279455654483122,6.248141840862014,7.247637320562462,False,500,215,209,2198059200,68689350
B0_MATCHED_V2,14,TRAIN,YUNNAN_OUTSIDE,8.279455654483122,6.248141840862014,7.247637320562462,False,1000,37,36,2198059200,68689350
B0_MATCHED_V2,14,VALIDATION,YUNNAN_INSIDE,5.144676771678188,4.795327434896895,5.050571359729002,False,10,1379026,628302,1152589760,36018430
B0_MATCHED_V2,14,VALIDATION,YUNNAN_INSIDE,5.144676771678188,4.795327434896895,5.050571359729002,False,50,5714,5343,1152589760,36018430
B0_MATCHED_V2,14,VALIDATION,YUNNAN_INSIDE,5.144676771678188,4.795327434896895,5.050571359729002,False,100,288,288,1152589760,36018430
B0_MATCHED_V2,14,VALIDATION,YUNNAN_INSIDE,5.144676771678188,4.795327434896895,5.050571359729002,False,500,0,0,1152589760,36018430
B0_MATCHED_V2,14,VALIDATION,YUNNAN_INSIDE,5.144676771678188,4.795327434896895,5.050571359729002,False,1000,0,0,1152589760,36018430
B0_MATCHED_V2,14,VALIDATION,YUNNAN_OUTSIDE,6.440834463274409,5.820197152213044,6.312059718199706,False,10,6295189,2423884,2207730240,68991570
B0_MATCHED_V2,14,VALIDATION,YUNNAN_OUTSIDE,6.440834463274409,5.820197152213044,6.312059718199706,False,50,76374,66738,2207730240,68991570
B0_MATCHED_V2,14,VALIDATION,YUNNAN_OUTSIDE,6.440834463274409,5.820197152213044,6.312059718199706,False,100,9354,9123,2207730240,68991570
B0_MATCHED_V2,14,VALIDATION,YUNNAN_OUTSIDE,6.440834463274409,5.820197152213044,6.312059718199706,False,500,5,5,2207730240,68991570
B0_MATCHED_V2,14,VALIDATION,YUNNAN_OUTSIDE,6.440834463274409,5.820197152213044,6.312059718199706,False,1000,0,0,2207730240,68991570
B0_MATCHED_V2,15,TRAIN,YUNNAN_INSIDE,6.292738631715498,4.793176445616542,5.466160779076683,False,10,1353802,597748,1147540800,35860650
B0_MATCHED_V2,15,TRAIN,YUNNAN_INSIDE,6.292738631715498,4.793176445616542,5.466160779076683,False,50,6286,5750,1147540800,35860650
B0_MATCHED_V2,15,TRAIN,YUNNAN_INSIDE,6.292738631715498,4.793176445616542,5.466160779076683,False,100,432,424,1147540800,35860650
B0_MATCHED_V2,15,TRAIN,YUNNAN_INSIDE,6.292738631715498,4.793176445616542,5.466160779076683,False,500,1,1,1147540800,35860650
B0_MATCHED_V2,15,TRAIN,YUNNAN_INSIDE,6.292738631715498,4.793176445616542,5.466160779076683,False,1000,0,0,1147540800,35860650
B0_MATCHED_V2,15,TRAIN,YUNNAN_OUTSIDE,8.819325817564563,6.307221344242199,7.689142927767124,False,10,5818590,2081152,2198059200,68689350
B0_MATCHED_V2,15,TRAIN,YUNNAN_OUTSIDE,8.819325817564563,6.307221344242199,7.689142927767124,False,50,86386,68744,2198059200,68689350
B0_MATCHED_V2,15,TRAIN,YUNNAN_OUTSIDE,8.819325817564563,6.307221344242199,7.689142927767124,False,100,14494,12910,2198059200,68689350
B0_MATCHED_V2,15,TRAIN,YUNNAN_OUTSIDE,8.819325817564563,6.307221344242199,7.689142927767124,False,500,305,286,2198059200,68689350
B0_MATCHED_V2,15,TRAIN,YUNNAN_OUTSIDE,8.819325817564563,6.307221344242199,7.689142927767124,False,1000,79,78,2198059200,68689350
B0_MATCHED_V2,15,VALIDATION,YUNNAN_INSIDE,5.065473244545683,4.628855574890363,4.945128640407927,False,10,1200005,575221,1152589760,36018430
B0_MATCHED_V2,15,VALIDATION,YUNNAN_INSIDE,5.065473244545683,4.628855574890363,4.945128640407927,False,50,2453,2400,1152589760,36018430
B0_MATCHED_V2,15,VALIDATION,YUNNAN_INSIDE,5.065473244545683,4.628855574890363,4.945128640407927,False,100,32,32,1152589760,36018430
B0_MATCHED_V2,15,VALIDATION,YUNNAN_INSIDE,5.065473244545683,4.628855574890363,4.945128640407927,False,500,0,0,1152589760,36018430
B0_MATCHED_V2,15,VALIDATION,YUNNAN_INSIDE,5.065473244545683,4.628855574890363,4.945128640407927,False,1000,0,0,1152589760,36018430
B0_MATCHED_V2,15,VALIDATION,YUNNAN_OUTSIDE,7.081210732538958,5.907476342626158,6.7876155727045875,False,10,5830235,2252127,2207730240,68991570
B0_MATCHED_V2,15,VALIDATION,YUNNAN_OUTSIDE,7.081210732538958,5.907476342626158,6.7876155727045875,False,50,55771,48266,2207730240,68991570
B0_MATCHED_V2,15,VALIDATION,YUNNAN_OUTSIDE,7.081210732538958,5.907476342626158,6.7876155727045875,False,100,6419,6119,2207730240,68991570
B0_MATCHED_V2,15,VALIDATION,YUNNAN_OUTSIDE,7.081210732538958,5.907476342626158,6.7876155727045875,False,500,18,18,2207730240,68991570
B0_MATCHED_V2,15,VALIDATION,YUNNAN_OUTSIDE,7.081210732538958,5.907476342626158,6.7876155727045875,False,1000,1,1,2207730240,68991570
B0_MATCHED_V2,16,TRAIN,YUNNAN_INSIDE,5.980694754811325,4.766374481975831,5.3585081835331225,False,10,1342679,585185,1147540800,35860650
B0_MATCHED_V2,16,TRAIN,YUNNAN_INSIDE,5.980694754811325,4.766374481975831,5.3585081835331225,False,50,6303,5816,1147540800,35860650
B0_MATCHED_V2,16,TRAIN,YUNNAN_INSIDE,5.980694754811325,4.766374481975831,5.3585081835331225,False,100,484,478,1147540800,35860650
B0_MATCHED_V2,16,TRAIN,YUNNAN_INSIDE,5.980694754811325,4.766374481975831,5.3585081835331225,False,500,0,0,1147540800,35860650
B0_MATCHED_V2,16,TRAIN,YUNNAN_INSIDE,5.980694754811325,4.766374481975831,5.3585081835331225,False,1000,0,0,1147540800,35860650
B0_MATCHED_V2,16,TRAIN,YUNNAN_OUTSIDE,8.578463407175683,6.318341433930708,7.496642027388816,False,10,5596460,1990437,2198059200,68689350
B0_MATCHED_V2,16,TRAIN,YUNNAN_OUTSIDE,8.578463407175683,6.318341433930708,7.496642027388816,False,50,81446,64134,2198059200,68689350
B0_MATCHED_V2,16,TRAIN,YUNNAN_OUTSIDE,8.578463407175683,6.318341433930708,7.496642027388816,False,100,12964,11360,2198059200,68689350
B0_MATCHED_V2,16,TRAIN,YUNNAN_OUTSIDE,8.578463407175683,6.318341433930708,7.496642027388816,False,500,308,298,2198059200,68689350
B0_MATCHED_V2,16,TRAIN,YUNNAN_OUTSIDE,8.578463407175683,6.318341433930708,7.496642027388816,False,1000,53,53,2198059200,68689350
B0_MATCHED_V2,16,VALIDATION,YUNNAN_INSIDE,5.2935473647234454,4.637217733160904,5.062984446037876,False,10,1126234,587508,1152589760,36018430
B0_MATCHED_V2,16,VALIDATION,YUNNAN_INSIDE,5.2935473647234454,4.637217733160904,5.062984446037876,False,50,2638,2607,1152589760,36018430
B0_MATCHED_V2,16,VALIDATION,YUNNAN_INSIDE,5.2935473647234454,4.637217733160904,5.062984446037876,False,100,46,46,1152589760,36018430
B0_MATCHED_V2,16,VALIDATION,YUNNAN_INSIDE,5.2935473647234454,4.637217733160904,5.062984446037876,False,500,0,0,1152589760,36018430
B0_MATCHED_V2,16,VALIDATION,YUNNAN_INSIDE,5.2935473647234454,4.637217733160904,5.062984446037876,False,1000,0,0,1152589760,36018430
B0_MATCHED_V2,16,VALIDATION,YUNNAN_OUTSIDE,8.413943919641795,6.916033950077436,8.133050937428552,False,10,5855546,2266917,2207730240,68991570
B0_MATCHED_V2,16,VALIDATION,YUNNAN_OUTSIDE,8.413943919641795,6.916033950077436,8.133050937428552,False,50,85829,66029,2207730240,68991570
B0_MATCHED_V2,16,VALIDATION,YUNNAN_OUTSIDE,8.413943919641795,6.916033950077436,8.133050937428552,False,100,15233,13487,2207730240,68991570
B0_MATCHED_V2,16,VALIDATION,YUNNAN_OUTSIDE,8.413943919641795,6.916033950077436,8.133050937428552,False,500,305,302,2207730240,68991570
B0_MATCHED_V2,16,VALIDATION,YUNNAN_OUTSIDE,8.413943919641795,6.916033950077436,8.133050937428552,False,1000,49,49,2207730240,68991570
B0_MATCHED_V2,17,TRAIN,YUNNAN_INSIDE,5.961351470931464,4.812974868901275,5.588755009684568,False,10,1346162,573267,1147540800,35860650
B0_MATCHED_V2,17,TRAIN,YUNNAN_INSIDE,5.961351470931464,4.812974868901275,5.588755009684568,False,50,6982,6476,1147540800,35860650
B0_MATCHED_V2,17,TRAIN,YUNNAN_INSIDE,5.961351470931464,4.812974868901275,5.588755009684568,False,100,577,571,1147540800,35860650
B0_MATCHED_V2,17,TRAIN,YUNNAN_INSIDE,5.961351470931464,4.812974868901275,5.588755009684568,False,500,0,0,1147540800,35860650
B0_MATCHED_V2,17,TRAIN,YUNNAN_INSIDE,5.961351470931464,4.812974868901275,5.588755009684568,False,1000,0,0,1147540800,35860650
B0_MATCHED_V2,17,TRAIN,YUNNAN_OUTSIDE,8.36499738204492,6.323976908261707,7.271578509577578,False,10,5407623,1909326,2198059200,68689350
B0_MATCHED_V2,17,TRAIN,YUNNAN_OUTSIDE,8.36499738204492,6.323976908261707,7.271578509577578,False,50,80602,65445,2198059200,68689350
B0_MATCHED_V2,17,TRAIN,YUNNAN_OUTSIDE,8.36499738204492,6.323976908261707,7.271578509577578,False,100,13431,12081,2198059200,68689350
B0_MATCHED_V2,17,TRAIN,YUNNAN_OUTSIDE,8.36499738204492,6.323976908261707,7.271578509577578,False,500,249,245,2198059200,68689350
B0_MATCHED_V2,17,TRAIN,YUNNAN_OUTSIDE,8.36499738204492,6.323976908261707,7.271578509577578,False,1000,50,49,2198059200,68689350
B0_MATCHED_V2,17,VALIDATION,YUNNAN_INSIDE,5.69555515156816,5.101089285520124,5.5308916457802875,False,10,1661978,701157,1152589760,36018430
B0_MATCHED_V2,17,VALIDATION,YUNNAN_INSIDE,5.69555515156816,5.101089285520124,5.5308916457802875,False,50,8855,8397,1152589760,36018430
B0_MATCHED_V2,17,VALIDATION,YUNNAN_INSIDE,5.69555515156816,5.101089285520124,5.5308916457802875,False,100,470,470,1152589760,36018430
B0_MATCHED_V2,17,VALIDATION,YUNNAN_INSIDE,5.69555515156816,5.101089285520124,5.5308916457802875,False,500,0,0,1152589760,36018430
B0_MATCHED_V2,17,VALIDATION,YUNNAN_INSIDE,5.69555515156816,5.101089285520124,5.5308916457802875,False,1000,0,0,1152589760,36018430
B0_MATCHED_V2,17,VALIDATION,YUNNAN_OUTSIDE,7.553764927144987,6.419498870981255,7.430189295697367,False,10,7979674,2766922,2207730240,68991570
B0_MATCHED_V2,17,VALIDATION,YUNNAN_OUTSIDE,7.553764927144987,6.419498870981255,7.430189295697367,False,50,112452,95384,2207730240,68991570
B0_MATCHED_V2,17,VALIDATION,YUNNAN_OUTSIDE,7.553764927144987,6.419498870981255,7.430189295697367,False,100,17426,16540,2207730240,68991570
B0_MATCHED_V2,17,VALIDATION,YUNNAN_OUTSIDE,7.553764927144987,6.419498870981255,7.430189295697367,False,500,117,116,2207730240,68991570
B0_MATCHED_V2,17,VALIDATION,YUNNAN_OUTSIDE,7.553764927144987,6.419498870981255,7.430189295697367,False,1000,21,21,2207730240,68991570
B1_V2,1,TRAIN,YUNNAN_INSIDE,7.090328039859039,4.399991303116461,5.322353861171138,False,10,945095,277029,1147540800,35860650
B1_V2,1,TRAIN,YUNNAN_INSIDE,7.090328039859039,4.399991303116461,5.322353861171138,False,50,3493,1437,1147540800,35860650
B1_V2,1,TRAIN,YUNNAN_INSIDE,7.090328039859039,4.399991303116461,5.322353861171138,False,100,436,168,1147540800,35860650
B1_V2,1,TRAIN,YUNNAN_INSIDE,7.090328039859039,4.399991303116461,5.322353861171138,False,500,11,6,1147540800,35860650
B1_V2,1,TRAIN,YUNNAN_INSIDE,7.090328039859039,4.399991303116461,5.322353861171138,False,1000,2,2,1147540800,35860650
B1_V2,1,TRAIN,YUNNAN_OUTSIDE,8.443814401329378,5.610375052906041,6.639421350394699,False,10,4898324,1221285,2198059200,68689350
B1_V2,1,TRAIN,YUNNAN_OUTSIDE,8.443814401329378,5.610375052906041,6.639421350394699,False,50,55278,22237,2198059200,68689350
B1_V2,1,TRAIN,YUNNAN_OUTSIDE,8.443814401329378,5.610375052906041,6.639421350394699,False,100,8310,3606,2198059200,68689350
B1_V2,1,TRAIN,YUNNAN_OUTSIDE,8.443814401329378,5.610375052906041,6.639421350394699,False,500,118,59,2198059200,68689350
B1_V2,1,TRAIN,YUNNAN_OUTSIDE,8.443814401329378,5.610375052906041,6.639421350394699,False,1000,40,20,2198059200,68689350
B1_V2,1,VALIDATION,YUNNAN_INSIDE,5.280864339409885,4.752757065077573,5.227606902474367,False,10,910777,337490,1152589760,36018430
B1_V2,1,VALIDATION,YUNNAN_INSIDE,5.280864339409885,4.752757065077573,5.227606902474367,False,50,1813,1199,1152589760,36018430
B1_V2,1,VALIDATION,YUNNAN_INSIDE,5.280864339409885,4.752757065077573,5.227606902474367,False,100,86,69,1152589760,36018430
B1_V2,1,VALIDATION,YUNNAN_INSIDE,5.280864339409885,4.752757065077573,5.227606902474367,False,500,0,0,1152589760,36018430
B1_V2,1,VALIDATION,YUNNAN_INSIDE,5.280864339409885,4.752757065077573,5.227606902474367,False,1000,0,0,1152589760,36018430
B1_V2,1,VALIDATION,YUNNAN_OUTSIDE,7.249962231413994,5.876415989064673,6.620026122415075,False,10,4545004,1478091,2207730240,68991570
B1_V2,1,VALIDATION,YUNNAN_OUTSIDE,7.249962231413994,5.876415989064673,6.620026122415075,False,50,28987,16593,2207730240,68991570
B1_V2,1,VALIDATION,YUNNAN_OUTSIDE,7.249962231413994,5.876415989064673,6.620026122415075,False,100,3414,2184,2207730240,68991570
B1_V2,1,VALIDATION,YUNNAN_OUTSIDE,7.249962231413994,5.876415989064673,6.620026122415075,False,500,27,24,2207730240,68991570
B1_V2,1,VALIDATION,YUNNAN_OUTSIDE,7.249962231413994,5.876415989064673,6.620026122415075,False,1000,1,1,2207730240,68991570
B1_V2,2,TRAIN,YUNNAN_INSIDE,8.893469046446821,4.735871300931884,5.723079379952108,False,10,1170612,456680,1147540800,35860650
B1_V2,2,TRAIN,YUNNAN_INSIDE,8.893469046446821,4.735871300931884,5.723079379952108,False,50,3385,2306,1147540800,35860650
B1_V2,2,TRAIN,YUNNAN_INSIDE,8.893469046446821,4.735871300931884,5.723079379952108,False,100,347,266,1147540800,35860650
B1_V2,2,TRAIN,YUNNAN_INSIDE,8.893469046446821,4.735871300931884,5.723079379952108,False,500,11,9,1147540800,35860650
B1_V2,2,TRAIN,YUNNAN_INSIDE,8.893469046446821,4.735871300931884,5.723079379952108,False,1000,5,4,1147540800,35860650
B1_V2,2,TRAIN,YUNNAN_OUTSIDE,9.192142777035059,6.417923302637371,7.934688237308593,False,10,5963194,1972316,2198059200,68689350
B1_V2,2,TRAIN,YUNNAN_OUTSIDE,9.192142777035059,6.417923302637371,7.934688237308593,False,50,72904,43742,2198059200,68689350
B1_V2,2,TRAIN,YUNNAN_OUTSIDE,9.192142777035059,6.417923302637371,7.934688237308593,False,100,11726,8103,2198059200,68689350
B1_V2,2,TRAIN,YUNNAN_OUTSIDE,9.192142777035059,6.417923302637371,7.934688237308593,False,500,393,295,2198059200,68689350
B1_V2,2,TRAIN,YUNNAN_OUTSIDE,9.192142777035059,6.417923302637371,7.934688237308593,False,1000,130,108,2198059200,68689350
B1_V2,2,VALIDATION,YUNNAN_INSIDE,5.4046849588526875,4.660913880444372,5.326341905715465,False,10,1106341,464307,1152589760,36018430
B1_V2,2,VALIDATION,YUNNAN_INSIDE,5.4046849588526875,4.660913880444372,5.326341905715465,False,50,2572,2121,1152589760,36018430
B1_V2,2,VALIDATION,YUNNAN_INSIDE,5.4046849588526875,4.660913880444372,5.326341905715465,False,100,138,131,1152589760,36018430
B1_V2,2,VALIDATION,YUNNAN_INSIDE,5.4046849588526875,4.660913880444372,5.326341905715465,False,500,0,0,1152589760,36018430
B1_V2,2,VALIDATION,YUNNAN_INSIDE,5.4046849588526875,4.660913880444372,5.326341905715465,False,1000,0,0,1152589760,36018430
B1_V2,2,VALIDATION,YUNNAN_OUTSIDE,7.568297752429872,6.017016527175678,7.336027736405021,False,10,5560767,2063127,2207730240,68991570
B1_V2,2,VALIDATION,YUNNAN_OUTSIDE,7.568297752429872,6.017016527175678,7.336027736405021,False,50,40177,30170,2207730240,68991570
B1_V2,2,VALIDATION,YUNNAN_OUTSIDE,7.568297752429872,6.017016527175678,7.336027736405021,False,100,4504,3748,2207730240,68991570
B1_V2,2,VALIDATION,YUNNAN_OUTSIDE,7.568297752429872,6.017016527175678,7.336027736405021,False,500,72,68,2207730240,68991570
B1_V2,2,VALIDATION,YUNNAN_OUTSIDE,7.568297752429872,6.017016527175678,7.336027736405021,False,1000,13,13,2207730240,68991570
B1_V2,3,TRAIN,YUNNAN_INSIDE,6.760087288685078,4.797985119760393,5.986166692671277,False,10,1247082,534933,1147540800,35860650
B1_V2,3,TRAIN,YUNNAN_INSIDE,6.760087288685078,4.797985119760393,5.986166692671277,False,50,3181,2536,1147540800,35860650
B1_V2,3,TRAIN,YUNNAN_INSIDE,6.760087288685078,4.797985119760393,5.986166692671277,False,100,286,243,1147540800,35860650
B1_V2,3,TRAIN,YUNNAN_INSIDE,6.760087288685078,4.797985119760393,5.986166692671277,False,500,6,6,1147540800,35860650
B1_V2,3,TRAIN,YUNNAN_INSIDE,6.760087288685078,4.797985119760393,5.986166692671277,False,1000,0,0,1147540800,35860650
B1_V2,3,TRAIN,YUNNAN_OUTSIDE,8.588086859661052,6.272345493339156,7.303144498447551,False,10,6092971,2235948,2198059200,68689350
B1_V2,3,TRAIN,YUNNAN_OUTSIDE,8.588086859661052,6.272345493339156,7.303144498447551,False,50,63107,45307,2198059200,68689350
B1_V2,3,TRAIN,YUNNAN_OUTSIDE,8.588086859661052,6.272345493339156,7.303144498447551,False,100,9760,7774,2198059200,68689350
B1_V2,3,TRAIN,YUNNAN_OUTSIDE,8.588086859661052,6.272345493339156,7.303144498447551,False,500,221,199,2198059200,68689350
B1_V2,3,TRAIN,YUNNAN_OUTSIDE,8.588086859661052,6.272345493339156,7.303144498447551,False,1000,56,54,2198059200,68689350
B1_V2,3,VALIDATION,YUNNAN_INSIDE,6.940724903237828,5.600453669582803,6.145655618334296,False,10,1965721,768008,1152589760,36018430
B1_V2,3,VALIDATION,YUNNAN_INSIDE,6.940724903237828,5.600453669582803,6.145655618334296,False,50,11468,8568,1152589760,36018430
B1_V2,3,VALIDATION,YUNNAN_INSIDE,6.940724903237828,5.600453669582803,6.145655618334296,False,100,1343,1151,1152589760,36018430
B1_V2,3,VALIDATION,YUNNAN_INSIDE,6.940724903237828,5.600453669582803,6.145655618334296,False,500,3,3,1152589760,36018430
B1_V2,3,VALIDATION,YUNNAN_INSIDE,6.940724903237828,5.600453669582803,6.145655618334296,False,1000,1,1,1152589760,36018430
B1_V2,3,VALIDATION,YUNNAN_OUTSIDE,9.821838770772999,7.016541504728342,8.911444499677357,False,10,8987706,3124768,2207730240,68991570
B1_V2,3,VALIDATION,YUNNAN_OUTSIDE,9.821838770772999,7.016541504728342,8.911444499677357,False,50,99357,73469,2207730240,68991570
B1_V2,3,VALIDATION,YUNNAN_OUTSIDE,9.821838770772999,7.016541504728342,8.911444499677357,False,100,13976,11626,2207730240,68991570
B1_V2,3,VALIDATION,YUNNAN_OUTSIDE,9.821838770772999,7.016541504728342,8.911444499677357,False,500,301,269,2207730240,68991570
B1_V2,3,VALIDATION,YUNNAN_OUTSIDE,9.821838770772999,7.016541504728342,8.911444499677357,False,1000,86,78,2207730240,68991570
B1_V2,4,TRAIN,YUNNAN_INSIDE,6.23189338853911,4.849746407617074,5.780995439316574,False,10,1263558,561696,1147540800,35860650
B1_V2,4,TRAIN,YUNNAN_INSIDE,6.23189338853911,4.849746407617074,5.780995439316574,False,50,3467,2921,1147540800,35860650
B1_V2,4,TRAIN,YUNNAN_INSIDE,6.23189338853911,4.849746407617074,5.780995439316574,False,100,279,256,1147540800,35860650
B1_V2,4,TRAIN,YUNNAN_INSIDE,6.23189338853911,4.849746407617074,5.780995439316574,False,500,1,1,1147540800,35860650
B1_V2,4,TRAIN,YUNNAN_INSIDE,6.23189338853911,4.849746407617074,5.780995439316574,False,1000,0,0,1147540800,35860650
B1_V2,4,TRAIN,YUNNAN_OUTSIDE,8.831229562764308,6.2165568190652385,7.279190198277024,False,10,5985109,2266634,2198059200,68689350
B1_V2,4,TRAIN,YUNNAN_OUTSIDE,8.831229562764308,6.2165568190652385,7.279190198277024,False,50,59750,46149,2198059200,68689350
B1_V2,4,TRAIN,YUNNAN_OUTSIDE,8.831229562764308,6.2165568190652385,7.279190198277024,False,100,8482,7319,2198059200,68689350
B1_V2,4,TRAIN,YUNNAN_OUTSIDE,8.831229562764308,6.2165568190652385,7.279190198277024,False,500,169,155,2198059200,68689350
B1_V2,4,TRAIN,YUNNAN_OUTSIDE,8.831229562764308,6.2165568190652385,7.279190198277024,False,1000,40,39,2198059200,68689350
B1_V2,4,VALIDATION,YUNNAN_INSIDE,5.856672325785773,5.012139186451341,5.670609497450434,False,10,1324249,620008,1152589760,36018430
B1_V2,4,VALIDATION,YUNNAN_INSIDE,5.856672325785773,5.012139186451341,5.670609497450434,False,50,2798,2574,1152589760,36018430
B1_V2,4,VALIDATION,YUNNAN_INSIDE,5.856672325785773,5.012139186451341,5.670609497450434,False,100,162,159,1152589760,36018430
B1_V2,4,VALIDATION,YUNNAN_INSIDE,5.856672325785773,5.012139186451341,5.670609497450434,False,500,0,0,1152589760,36018430
B1_V2,4,VALIDATION,YUNNAN_INSIDE,5.856672325785773,5.012139186451341,5.670609497450434,False,1000,0,0,1152589760,36018430
B1_V2,4,VALIDATION,YUNNAN_OUTSIDE,8.31916818238295,7.014474604314666,8.120384355287474,False,10,6783296,2712557,2207730240,68991570
B1_V2,4,VALIDATION,YUNNAN_OUTSIDE,8.31916818238295,7.014474604314666,8.120384355287474,False,50,73528,58733,2207730240,68991570
B1_V2,4,VALIDATION,YUNNAN_OUTSIDE,8.31916818238295,7.014474604314666,8.120384355287474,False,100,11341,9995,2207730240,68991570
B1_V2,4,VALIDATION,YUNNAN_OUTSIDE,8.31916818238295,7.014474604314666,8.120384355287474,False,500,200,194,2207730240,68991570
B1_V2,4,VALIDATION,YUNNAN_OUTSIDE,8.31916818238295,7.014474604314666,8.120384355287474,False,1000,38,38,2207730240,68991570
B1_V2,5,TRAIN,YUNNAN_INSIDE,7.019873174973758,4.804033586115752,5.677491720590058,False,10,1300446,590166,1147540800,35860650
B1_V2,5,TRAIN,YUNNAN_INSIDE,7.019873174973758,4.804033586115752,5.677491720590058,False,50,3758,3281,1147540800,35860650
B1_V2,5,TRAIN,YUNNAN_INSIDE,7.019873174973758,4.804033586115752,5.677491720590058,False,100,292,271,1147540800,35860650
B1_V2,5,TRAIN,YUNNAN_INSIDE,7.019873174973758,4.804033586115752,5.677491720590058,False,500,3,3,1147540800,35860650
B1_V2,5,TRAIN,YUNNAN_INSIDE,7.019873174973758,4.804033586115752,5.677491720590058,False,1000,1,1,1147540800,35860650
B1_V2,5,TRAIN,YUNNAN_OUTSIDE,7.579369849187118,6.077650267806135,6.963872565296473,False,10,6098230,2347564,2198059200,68689350
B1_V2,5,TRAIN,YUNNAN_OUTSIDE,7.579369849187118,6.077650267806135,6.963872565296473,False,50,65238,52183,2198059200,68689350
B1_V2,5,TRAIN,YUNNAN_OUTSIDE,7.579369849187118,6.077650267806135,6.963872565296473,False,100,8640,7677,2198059200,68689350
B1_V2,5,TRAIN,YUNNAN_OUTSIDE,7.579369849187118,6.077650267806135,6.963872565296473,False,500,85,85,2198059200,68689350
B1_V2,5,TRAIN,YUNNAN_OUTSIDE,7.579369849187118,6.077650267806135,6.963872565296473,False,1000,10,10,2198059200,68689350
B1_V2,5,VALIDATION,YUNNAN_INSIDE,6.065331248541067,5.307561393667222,5.974645863897862,False,10,3273459,1146245,1152589760,36018430
B1_V2,5,VALIDATION,YUNNAN_INSIDE,6.065331248541067,5.307561393667222,5.974645863897862,False,50,18360,15296,1152589760,36018430
B1_V2,5,VALIDATION,YUNNAN_INSIDE,6.065331248541067,5.307561393667222,5.974645863897862,False,100,1075,1000,1152589760,36018430
B1_V2,5,VALIDATION,YUNNAN_INSIDE,6.065331248541067,5.307561393667222,5.974645863897862,False,500,0,0,1152589760,36018430
B1_V2,5,VALIDATION,YUNNAN_INSIDE,6.065331248541067,5.307561393667222,5.974645863897862,False,1000,0,0,1152589760,36018430
B1_V2,5,VALIDATION,YUNNAN_OUTSIDE,8.396451162977183,6.94057099611945,7.9581880505425175,False,10,15724209,4368376,2207730240,68991570
B1_V2,5,VALIDATION,YUNNAN_OUTSIDE,8.396451162977183,6.94057099611945,7.9581880505425175,False,50,281026,198026,2207730240,68991570
B1_V2,5,VALIDATION,YUNNAN_OUTSIDE,8.396451162977183,6.94057099611945,7.9581880505425175,False,100,47490,38522,2207730240,68991570
B1_V2,5,VALIDATION,YUNNAN_OUTSIDE,8.396451162977183,6.94057099611945,7.9581880505425175,False,500,714,690,2207730240,68991570
B1_V2,5,VALIDATION,YUNNAN_OUTSIDE,8.396451162977183,6.94057099611945,7.9581880505425175,False,1000,97,97,2207730240,68991570
B1_V2,6,TRAIN,YUNNAN_INSIDE,6.230174304699529,4.814136635703093,5.433805038508404,False,10,1302511,589017,1147540800,35860650
B1_V2,6,TRAIN,YUNNAN_INSIDE,6.230174304699529,4.814136635703093,5.433805038508404,False,50,4648,4110,1147540800,35860650
B1_V2,6,TRAIN,YUNNAN_INSIDE,6.230174304699529,4.814136635703093,5.433805038508404,False,100,339,325,1147540800,35860650
B1_V2,6,TRAIN,YUNNAN_INSIDE,6.230174304699529,4.814136635703093,5.433805038508404,False,500,1,1,1147540800,35860650
B1_V2,6,TRAIN,YUNNAN_INSIDE,6.230174304699529,4.814136635703093,5.433805038508404,False,1000,0,0,1147540800,35860650
B1_V2,6,TRAIN,YUNNAN_OUTSIDE,7.213775262815552,6.026947756983533,6.799646327562014,False,10,6190189,2352744,2198059200,68689350
B1_V2,6,TRAIN,YUNNAN_OUTSIDE,7.213775262815552,6.026947756983533,6.799646327562014,False,50,75827,60874,2198059200,68689350
B1_V2,6,TRAIN,YUNNAN_OUTSIDE,7.213775262815552,6.026947756983533,6.799646327562014,False,100,11112,10023,2198059200,68689350
B1_V2,6,TRAIN,YUNNAN_OUTSIDE,7.213775262815552,6.026947756983533,6.799646327562014,False,500,61,61,2198059200,68689350
B1_V2,6,TRAIN,YUNNAN_OUTSIDE,7.213775262815552,6.026947756983533,6.799646327562014,False,1000,4,4,2198059200,68689350
B1_V2,6,VALIDATION,YUNNAN_INSIDE,5.782614271279581,4.872812453757798,5.634856380937908,False,10,1387734,642745,1152589760,36018430
B1_V2,6,VALIDATION,YUNNAN_INSIDE,5.782614271279581,4.872812453757798,5.634856380937908,False,50,4057,3796,1152589760,36018430
B1_V2,6,VALIDATION,YUNNAN_INSIDE,5.782614271279581,4.872812453757798,5.634856380937908,False,100,134,129,1152589760,36018430
B1_V2,6,VALIDATION,YUNNAN_INSIDE,5.782614271279581,4.872812453757798,5.634856380937908,False,500,0,0,1152589760,36018430
B1_V2,6,VALIDATION,YUNNAN_INSIDE,5.782614271279581,4.872812453757798,5.634856380937908,False,1000,0,0,1152589760,36018430
B1_V2,6,VALIDATION,YUNNAN_OUTSIDE,6.916846330390464,6.306891509640483,6.87872254515542,False,10,7494476,2880698,2207730240,68991570
B1_V2,6,VALIDATION,YUNNAN_OUTSIDE,6.916846330390464,6.306891509640483,6.87872254515542,False,50,97853,81660,2207730240,68991570
B1_V2,6,VALIDATION,YUNNAN_OUTSIDE,6.916846330390464,6.306891509640483,6.87872254515542,False,100,14889,13898,2207730240,68991570
B1_V2,6,VALIDATION,YUNNAN_OUTSIDE,6.916846330390464,6.306891509640483,6.87872254515542,False,500,113,113,2207730240,68991570
B1_V2,6,VALIDATION,YUNNAN_OUTSIDE,6.916846330390464,6.306891509640483,6.87872254515542,False,1000,2,2,2207730240,68991570
B1_V2,7,TRAIN,YUNNAN_INSIDE,6.770512965523172,4.8844690462130105,5.527990436903855,False,10,1311833,596311,1147540800,35860650
B1_V2,7,TRAIN,YUNNAN_INSIDE,6.770512965523172,4.8844690462130105,5.527990436903855,False,50,5491,4931,1147540800,35860650
B1_V2,7,TRAIN,YUNNAN_INSIDE,6.770512965523172,4.8844690462130105,5.527990436903855,False,100,365,358,1147540800,35860650
B1_V2,7,TRAIN,YUNNAN_INSIDE,6.770512965523172,4.8844690462130105,5.527990436903855,False,500,2,2,1147540800,35860650
B1_V2,7,TRAIN,YUNNAN_INSIDE,6.770512965523172,4.8844690462130105,5.527990436903855,False,1000,0,0,1147540800,35860650
B1_V2,7,TRAIN,YUNNAN_OUTSIDE,7.4250180612877505,6.150335584050527,7.046971823288145,False,10,6194261,2357858,2198059200,68689350
B1_V2,7,TRAIN,YUNNAN_OUTSIDE,7.4250180612877505,6.150335584050527,7.046971823288145,False,50,87919,71743,2198059200,68689350
B1_V2,7,TRAIN,YUNNAN_OUTSIDE,7.4250180612877505,6.150335584050527,7.046971823288145,False,100,14296,13054,2198059200,68689350
B1_V2,7,TRAIN,YUNNAN_OUTSIDE,7.4250180612877505,6.150335584050527,7.046971823288145,False,500,165,165,2198059200,68689350
B1_V2,7,TRAIN,YUNNAN_OUTSIDE,7.4250180612877505,6.150335584050527,7.046971823288145,False,1000,20,20,2198059200,68689350
B1_V2,7,VALIDATION,YUNNAN_INSIDE,5.494001614142822,4.688306398502196,5.204251301402564,False,10,1464381,671320,1152589760,36018430
B1_V2,7,VALIDATION,YUNNAN_INSIDE,5.494001614142822,4.688306398502196,5.204251301402564,False,50,1986,1905,1152589760,36018430
B1_V2,7,VALIDATION,YUNNAN_INSIDE,5.494001614142822,4.688306398502196,5.204251301402564,False,100,50,49,1152589760,36018430
B1_V2,7,VALIDATION,YUNNAN_INSIDE,5.494001614142822,4.688306398502196,5.204251301402564,False,500,0,0,1152589760,36018430
B1_V2,7,VALIDATION,YUNNAN_INSIDE,5.494001614142822,4.688306398502196,5.204251301402564,False,1000,0,0,1152589760,36018430
B1_V2,7,VALIDATION,YUNNAN_OUTSIDE,6.640601845884202,5.574066132258447,6.505169715417277,False,10,6326146,2677417,2207730240,68991570
B1_V2,7,VALIDATION,YUNNAN_OUTSIDE,6.640601845884202,5.574066132258447,6.505169715417277,False,50,30483,27522,2207730240,68991570
B1_V2,7,VALIDATION,YUNNAN_OUTSIDE,6.640601845884202,5.574066132258447,6.505169715417277,False,100,2516,2445,2207730240,68991570
B1_V2,7,VALIDATION,YUNNAN_OUTSIDE,6.640601845884202,5.574066132258447,6.505169715417277,False,500,6,6,2207730240,68991570
B1_V2,7,VALIDATION,YUNNAN_OUTSIDE,6.640601845884202,5.574066132258447,6.505169715417277,False,1000,0,0,2207730240,68991570
B1_V2,8,TRAIN,YUNNAN_INSIDE,6.792524394113936,4.859980087465334,5.504895756327901,False,10,1337872,603731,1147540800,35860650
B1_V2,8,TRAIN,YUNNAN_INSIDE,6.792524394113936,4.859980087465334,5.504895756327901,False,50,5706,5228,1147540800,35860650
B1_V2,8,TRAIN,YUNNAN_INSIDE,6.792524394113936,4.859980087465334,5.504895756327901,False,100,347,339,1147540800,35860650
B1_V2,8,TRAIN,YUNNAN_INSIDE,6.792524394113936,4.859980087465334,5.504895756327901,False,500,2,2,1147540800,35860650
B1_V2,8,TRAIN,YUNNAN_INSIDE,6.792524394113936,4.859980087465334,5.504895756327901,False,1000,0,0,1147540800,35860650
B1_V2,8,TRAIN,YUNNAN_OUTSIDE,7.999607582687259,6.118369548335783,7.069213312794807,False,10,6174921,2363142,2198059200,68689350
B1_V2,8,TRAIN,YUNNAN_OUTSIDE,7.999607582687259,6.118369548335783,7.069213312794807,False,50,79205,66923,2198059200,68689350
B1_V2,8,TRAIN,YUNNAN_OUTSIDE,7.999607582687259,6.118369548335783,7.069213312794807,False,100,11266,10500,2198059200,68689350
B1_V2,8,TRAIN,YUNNAN_OUTSIDE,7.999607582687259,6.118369548335783,7.069213312794807,False,500,125,125,2198059200,68689350
B1_V2,8,TRAIN,YUNNAN_OUTSIDE,7.999607582687259,6.118369548335783,7.069213312794807,False,1000,19,19,2198059200,68689350
B1_V2,8,VALIDATION,YUNNAN_INSIDE,5.6461050228331,4.752661617018889,5.134699172417048,False,10,1219192,636209,1152589760,36018430
B1_V2,8,VALIDATION,YUNNAN_INSIDE,5.6461050228331,4.752661617018889,5.134699172417048,False,50,2912,2800,1152589760,36018430
B1_V2,8,VALIDATION,YUNNAN_INSIDE,5.6461050228331,4.752661617018889,5.134699172417048,False,100,108,107,1152589760,36018430
B1_V2,8,VALIDATION,YUNNAN_INSIDE,5.6461050228331,4.752661617018889,5.134699172417048,False,500,0,0,1152589760,36018430
B1_V2,8,VALIDATION,YUNNAN_INSIDE,5.6461050228331,4.752661617018889,5.134699172417048,False,1000,0,0,1152589760,36018430
B1_V2,8,VALIDATION,YUNNAN_OUTSIDE,7.581644038684042,5.721615001232143,6.876796465177062,False,10,5691974,2719274,2207730240,68991570
B1_V2,8,VALIDATION,YUNNAN_OUTSIDE,7.581644038684042,5.721615001232143,6.876796465177062,False,50,32095,30183,2207730240,68991570
B1_V2,8,VALIDATION,YUNNAN_OUTSIDE,7.581644038684042,5.721615001232143,6.876796465177062,False,100,2305,2259,2207730240,68991570
B1_V2,8,VALIDATION,YUNNAN_OUTSIDE,7.581644038684042,5.721615001232143,6.876796465177062,False,500,21,21,2207730240,68991570
B1_V2,8,VALIDATION,YUNNAN_OUTSIDE,7.581644038684042,5.721615001232143,6.876796465177062,False,1000,5,5,2207730240,68991570
B1_V2,9,TRAIN,YUNNAN_INSIDE,5.947811328305301,4.937551511410173,5.488794491562217,False,10,1356918,615507,1147540800,35860650
B1_V2,9,TRAIN,YUNNAN_INSIDE,5.947811328305301,4.937551511410173,5.488794491562217,False,50,6450,5902,1147540800,35860650
B1_V2,9,TRAIN,YUNNAN_INSIDE,5.947811328305301,4.937551511410173,5.488794491562217,False,100,472,471,1147540800,35860650
B1_V2,9,TRAIN,YUNNAN_INSIDE,5.947811328305301,4.937551511410173,5.488794491562217,False,500,0,0,1147540800,35860650
B1_V2,9,TRAIN,YUNNAN_INSIDE,5.947811328305301,4.937551511410173,5.488794491562217,False,1000,0,0,1147540800,35860650
B1_V2,9,TRAIN,YUNNAN_OUTSIDE,9.274253886327033,6.201613024949988,7.615026681598198,False,10,6207554,2431328,2198059200,68689350
B1_V2,9,TRAIN,YUNNAN_OUTSIDE,9.274253886327033,6.201613024949988,7.615026681598198,False,50,80103,68642,2198059200,68689350
B1_V2,9,TRAIN,YUNNAN_OUTSIDE,9.274253886327033,6.201613024949988,7.615026681598198,False,100,12217,11459,2198059200,68689350
B1_V2,9,TRAIN,YUNNAN_OUTSIDE,9.274253886327033,6.201613024949988,7.615026681598198,False,500,180,179,2198059200,68689350
B1_V2,9,TRAIN,YUNNAN_OUTSIDE,9.274253886327033,6.201613024949988,7.615026681598198,False,1000,39,39,2198059200,68689350
B1_V2,9,VALIDATION,YUNNAN_INSIDE,5.8638661496646645,4.817139823937392,5.473894512881441,False,10,777649,419821,1152589760,36018430
B1_V2,9,VALIDATION,YUNNAN_INSIDE,5.8638661496646645,4.817139823937392,5.473894512881441,False,50,994,957,1152589760,36018430
B1_V2,9,VALIDATION,YUNNAN_INSIDE,5.8638661496646645,4.817139823937392,5.473894512881441,False,100,58,58,1152589760,36018430
B1_V2,9,VALIDATION,YUNNAN_INSIDE,5.8638661496646645,4.817139823937392,5.473894512881441,False,500,0,0,1152589760,36018430
B1_V2,9,VALIDATION,YUNNAN_INSIDE,5.8638661496646645,4.817139823937392,5.473894512881441,False,1000,0,0,1152589760,36018430
B1_V2,9,VALIDATION,YUNNAN_OUTSIDE,8.4861744212897,5.983702393913676,6.853939991651565,False,10,4462628,2085876,2207730240,68991570
B1_V2,9,VALIDATION,YUNNAN_OUTSIDE,8.4861744212897,5.983702393913676,6.853939991651565,False,50,33149,31217,2207730240,68991570
B1_V2,9,VALIDATION,YUNNAN_OUTSIDE,8.4861744212897,5.983702393913676,6.853939991651565,False,100,3750,3713,2207730240,68991570
B1_V2,9,VALIDATION,YUNNAN_OUTSIDE,8.4861744212897,5.983702393913676,6.853939991651565,False,500,25,25,2207730240,68991570
B1_V2,9,VALIDATION,YUNNAN_OUTSIDE,8.4861744212897,5.983702393913676,6.853939991651565,False,1000,4,4,2207730240,68991570
B1_V2,10,TRAIN,YUNNAN_INSIDE,5.834013376804502,4.882360867646942,5.388220408138545,False,10,1329568,600912,1147540800,35860650
B1_V2,10,TRAIN,YUNNAN_INSIDE,5.834013376804502,4.882360867646942,5.388220408138545,False,50,6373,5927,1147540800,35860650
B1_V2,10,TRAIN,YUNNAN_INSIDE,5.834013376804502,4.882360867646942,5.388220408138545,False,100,419,417,1147540800,35860650
B1_V2,10,TRAIN,YUNNAN_INSIDE,5.834013376804502,4.882360867646942,5.388220408138545,False,500,0,0,1147540800,35860650
B1_V2,10,TRAIN,YUNNAN_INSIDE,5.834013376804502,4.882360867646942,5.388220408138545,False,1000,0,0,1147540800,35860650
B1_V2,10,TRAIN,YUNNAN_OUTSIDE,8.172119769224766,6.23684260930607,7.125937583630567,False,10,6300580,2393241,2198059200,68689350
B1_V2,10,TRAIN,YUNNAN_OUTSIDE,8.172119769224766,6.23684260930607,7.125937583630567,False,50,85213,74029,2198059200,68689350
B1_V2,10,TRAIN,YUNNAN_OUTSIDE,8.172119769224766,6.23684260930607,7.125937583630567,False,100,12735,12164,2198059200,68689350
B1_V2,10,TRAIN,YUNNAN_OUTSIDE,8.172119769224766,6.23684260930607,7.125937583630567,False,500,140,140,2198059200,68689350
B1_V2,10,TRAIN,YUNNAN_OUTSIDE,8.172119769224766,6.23684260930607,7.125937583630567,False,1000,18,18,2198059200,68689350
B1_V2,10,VALIDATION,YUNNAN_INSIDE,6.149732544799506,5.224766279595307,5.876481342291935,False,10,1429884,595153,1152589760,36018430
B1_V2,10,VALIDATION,YUNNAN_INSIDE,6.149732544799506,5.224766279595307,5.876481342291935,False,50,8235,7774,1152589760,36018430
B1_V2,10,VALIDATION,YUNNAN_INSIDE,6.149732544799506,5.224766279595307,5.876481342291935,False,100,467,465,1152589760,36018430
B1_V2,10,VALIDATION,YUNNAN_INSIDE,6.149732544799506,5.224766279595307,5.876481342291935,False,500,0,0,1152589760,36018430
B1_V2,10,VALIDATION,YUNNAN_INSIDE,6.149732544799506,5.224766279595307,5.876481342291935,False,1000,0,0,1152589760,36018430
B1_V2,10,VALIDATION,YUNNAN_OUTSIDE,8.13404875295795,6.6218837618200235,7.275827073151039,False,10,6758534,2494862,2207730240,68991570
B1_V2,10,VALIDATION,YUNNAN_OUTSIDE,8.13404875295795,6.6218837618200235,7.275827073151039,False,50,80580,72310,2207730240,68991570
B1_V2,10,VALIDATION,YUNNAN_OUTSIDE,8.13404875295795,6.6218837618200235,7.275827073151039,False,100,9067,8772,2207730240,68991570
B1_V2,10,VALIDATION,YUNNAN_OUTSIDE,8.13404875295795,6.6218837618200235,7.275827073151039,False,500,72,72,2207730240,68991570
B1_V2,10,VALIDATION,YUNNAN_OUTSIDE,8.13404875295795,6.6218837618200235,7.275827073151039,False,1000,7,7,2207730240,68991570
B1_V2,11,TRAIN,YUNNAN_INSIDE,6.43063767388187,4.9626972244707055,5.451940031404419,False,10,1366351,610488,1147540800,35860650
B1_V2,11,TRAIN,YUNNAN_INSIDE,6.43063767388187,4.9626972244707055,5.451940031404419,False,50,6847,6391,1147540800,35860650
B1_V2,11,TRAIN,YUNNAN_INSIDE,6.43063767388187,4.9626972244707055,5.451940031404419,False,100,508,506,1147540800,35860650
B1_V2,11,TRAIN,YUNNAN_INSIDE,6.43063767388187,4.9626972244707055,5.451940031404419,False,500,1,1,1147540800,35860650
B1_V2,11,TRAIN,YUNNAN_INSIDE,6.43063767388187,4.9626972244707055,5.451940031404419,False,1000,0,0,1147540800,35860650
B1_V2,11,TRAIN,YUNNAN_OUTSIDE,8.63796454247381,6.275603073632344,7.353891686236906,False,10,6445838,2385968,2198059200,68689350
B1_V2,11,TRAIN,YUNNAN_OUTSIDE,8.63796454247381,6.275603073632344,7.353891686236906,False,50,94418,82324,2198059200,68689350
B1_V2,11,TRAIN,YUNNAN_OUTSIDE,8.63796454247381,6.275603073632344,7.353891686236906,False,100,14930,14178,2198059200,68689350
B1_V2,11,TRAIN,YUNNAN_OUTSIDE,8.63796454247381,6.275603073632344,7.353891686236906,False,500,217,217,2198059200,68689350
B1_V2,11,TRAIN,YUNNAN_OUTSIDE,8.63796454247381,6.275603073632344,7.353891686236906,False,1000,50,50,2198059200,68689350
B1_V2,11,VALIDATION,YUNNAN_INSIDE,6.518622875283458,5.446775886907065,5.966123580863661,False,10,2070232,833946,1152589760,36018430
B1_V2,11,VALIDATION,YUNNAN_INSIDE,6.518622875283458,5.446775886907065,5.966123580863661,False,50,13293,12198,1152589760,36018430
B1_V2,11,VALIDATION,YUNNAN_INSIDE,6.518622875283458,5.446775886907065,5.966123580863661,False,100,1239,1198,1152589760,36018430
B1_V2,11,VALIDATION,YUNNAN_INSIDE,6.518622875283458,5.446775886907065,5.966123580863661,False,500,5,5,1152589760,36018430
B1_V2,11,VALIDATION,YUNNAN_INSIDE,6.518622875283458,5.446775886907065,5.966123580863661,False,1000,0,0,1152589760,36018430
B1_V2,11,VALIDATION,YUNNAN_OUTSIDE,7.668892694532779,6.639148836411293,7.437082031525392,False,10,9998202,3395118,2207730240,68991570
B1_V2,11,VALIDATION,YUNNAN_OUTSIDE,7.668892694532779,6.639148836411293,7.437082031525392,False,50,148600,130013,2207730240,68991570
B1_V2,11,VALIDATION,YUNNAN_OUTSIDE,7.668892694532779,6.639148836411293,7.437082031525392,False,100,22564,21571,2207730240,68991570
B1_V2,11,VALIDATION,YUNNAN_OUTSIDE,7.668892694532779,6.639148836411293,7.437082031525392,False,500,186,186,2207730240,68991570
B1_V2,11,VALIDATION,YUNNAN_OUTSIDE,7.668892694532779,6.639148836411293,7.437082031525392,False,1000,20,20,2207730240,68991570
B1_V2,12,TRAIN,YUNNAN_INSIDE,5.953310625528726,4.962550607460352,5.592825043794753,False,10,1367015,604901,1147540800,35860650
B1_V2,12,TRAIN,YUNNAN_INSIDE,5.953310625528726,4.962550607460352,5.592825043794753,False,50,7608,7162,1147540800,35860650
B1_V2,12,TRAIN,YUNNAN_INSIDE,5.953310625528726,4.962550607460352,5.592825043794753,False,100,612,610,1147540800,35860650
B1_V2,12,TRAIN,YUNNAN_INSIDE,5.953310625528726,4.962550607460352,5.592825043794753,False,500,0,0,1147540800,35860650
B1_V2,12,TRAIN,YUNNAN_INSIDE,5.953310625528726,4.962550607460352,5.592825043794753,False,1000,0,0,1147540800,35860650
B1_V2,12,TRAIN,YUNNAN_OUTSIDE,8.40970396675661,6.309019905026644,7.558660203580179,False,10,6233873,2315478,2198059200,68689350
B1_V2,12,TRAIN,YUNNAN_OUTSIDE,8.40970396675661,6.309019905026644,7.558660203580179,False,50,92853,81448,2198059200,68689350
B1_V2,12,TRAIN,YUNNAN_OUTSIDE,8.40970396675661,6.309019905026644,7.558660203580179,False,100,15485,14850,2198059200,68689350
B1_V2,12,TRAIN,YUNNAN_OUTSIDE,8.40970396675661,6.309019905026644,7.558660203580179,False,500,220,220,2198059200,68689350
B1_V2,12,TRAIN,YUNNAN_OUTSIDE,8.40970396675661,6.309019905026644,7.558660203580179,False,1000,52,52,2198059200,68689350
B1_V2,12,VALIDATION,YUNNAN_INSIDE,6.304698262920092,5.315369823037033,5.96274516799698,False,10,1656661,669971,1152589760,36018430
B1_V2,12,VALIDATION,YUNNAN_INSIDE,6.304698262920092,5.315369823037033,5.96274516799698,False,50,10715,9941,1152589760,36018430
B1_V2,12,VALIDATION,YUNNAN_INSIDE,6.304698262920092,5.315369823037033,5.96274516799698,False,100,787,776,1152589760,36018430
B1_V2,12,VALIDATION,YUNNAN_INSIDE,6.304698262920092,5.315369823037033,5.96274516799698,False,500,1,1,1152589760,36018430
B1_V2,12,VALIDATION,YUNNAN_INSIDE,6.304698262920092,5.315369823037033,5.96274516799698,False,1000,0,0,1152589760,36018430
B1_V2,12,VALIDATION,YUNNAN_OUTSIDE,7.423405979981561,6.56949755892186,7.161738740509698,False,10,7895535,2644515,2207730240,68991570
B1_V2,12,VALIDATION,YUNNAN_OUTSIDE,7.423405979981561,6.56949755892186,7.161738740509698,False,50,128393,109674,2207730240,68991570
B1_V2,12,VALIDATION,YUNNAN_OUTSIDE,7.423405979981561,6.56949755892186,7.161738740509698,False,100,21180,20342,2207730240,68991570
B1_V2,12,VALIDATION,YUNNAN_OUTSIDE,7.423405979981561,6.56949755892186,7.161738740509698,False,500,162,162,2207730240,68991570
B1_V2,12,VALIDATION,YUNNAN_OUTSIDE,7.423405979981561,6.56949755892186,7.161738740509698,False,1000,12,12,2207730240,68991570
B1_V2,13,TRAIN,YUNNAN_INSIDE,6.483730835858621,5.0112693034717,5.582907702616466,False,10,1364450,595637,1147540800,35860650
B1_V2,13,TRAIN,YUNNAN_INSIDE,6.483730835858621,5.0112693034717,5.582907702616466,False,50,7762,7304,1147540800,35860650
B1_V2,13,TRAIN,YUNNAN_INSIDE,6.483730835858621,5.0112693034717,5.582907702616466,False,100,652,651,1147540800,35860650
B1_V2,13,TRAIN,YUNNAN_INSIDE,6.483730835858621,5.0112693034717,5.582907702616466,False,500,1,1,1147540800,35860650
B1_V2,13,TRAIN,YUNNAN_INSIDE,6.483730835858621,5.0112693034717,5.582907702616466,False,1000,0,0,1147540800,35860650
B1_V2,13,TRAIN,YUNNAN_OUTSIDE,8.743142978162952,6.483570909619029,7.400371200114388,False,10,6340309,2248748,2198059200,68689350
B1_V2,13,TRAIN,YUNNAN_OUTSIDE,8.743142978162952,6.483570909619029,7.400371200114388,False,50,101505,87835,2198059200,68689350
B1_V2,13,TRAIN,YUNNAN_OUTSIDE,8.743142978162952,6.483570909619029,7.400371200114388,False,100,17330,16416,2198059200,68689350
B1_V2,13,TRAIN,YUNNAN_OUTSIDE,8.743142978162952,6.483570909619029,7.400371200114388,False,500,319,316,2198059200,68689350
B1_V2,13,TRAIN,YUNNAN_OUTSIDE,8.743142978162952,6.483570909619029,7.400371200114388,False,1000,68,68,2198059200,68689350
B1_V2,13,VALIDATION,YUNNAN_INSIDE,5.6630815370060335,4.838653063154204,5.4475350627126495,False,10,1302302,646999,1152589760,36018430
B1_V2,13,VALIDATION,YUNNAN_INSIDE,5.6630815370060335,4.838653063154204,5.4475350627126495,False,50,4034,3948,1152589760,36018430
B1_V2,13,VALIDATION,YUNNAN_INSIDE,5.6630815370060335,4.838653063154204,5.4475350627126495,False,100,158,158,1152589760,36018430
B1_V2,13,VALIDATION,YUNNAN_INSIDE,5.6630815370060335,4.838653063154204,5.4475350627126495,False,500,0,0,1152589760,36018430
B1_V2,13,VALIDATION,YUNNAN_INSIDE,5.6630815370060335,4.838653063154204,5.4475350627126495,False,1000,0,0,1152589760,36018430
B1_V2,13,VALIDATION,YUNNAN_OUTSIDE,7.494459224525799,6.25590614233933,6.960355017642598,False,10,6933968,2744821,2207730240,68991570
B1_V2,13,VALIDATION,YUNNAN_OUTSIDE,7.494459224525799,6.25590614233933,6.960355017642598,False,50,84055,78078,2207730240,68991570
B1_V2,13,VALIDATION,YUNNAN_OUTSIDE,7.494459224525799,6.25590614233933,6.960355017642598,False,100,11697,11495,2207730240,68991570
B1_V2,13,VALIDATION,YUNNAN_OUTSIDE,7.494459224525799,6.25590614233933,6.960355017642598,False,500,93,93,2207730240,68991570
B1_V2,13,VALIDATION,YUNNAN_OUTSIDE,7.494459224525799,6.25590614233933,6.960355017642598,False,1000,4,4,2207730240,68991570
B1_V2,14,TRAIN,YUNNAN_INSIDE,6.359611426078143,5.024200652731078,5.70135971541541,False,10,1380960,594759,1147540800,35860650
B1_V2,14,TRAIN,YUNNAN_INSIDE,6.359611426078143,5.024200652731078,5.70135971541541,False,50,8561,8121,1147540800,35860650
B1_V2,14,TRAIN,YUNNAN_INSIDE,6.359611426078143,5.024200652731078,5.70135971541541,False,100,684,682,1147540800,35860650
B1_V2,14,TRAIN,YUNNAN_INSIDE,6.359611426078143,5.024200652731078,5.70135971541541,False,500,1,1,1147540800,35860650
B1_V2,14,TRAIN,YUNNAN_INSIDE,6.359611426078143,5.024200652731078,5.70135971541541,False,1000,0,0,1147540800,35860650
B1_V2,14,TRAIN,YUNNAN_OUTSIDE,8.322927513563531,6.514182710801492,7.530676053369649,False,10,6250339,2203400,2198059200,68689350
B1_V2,14,TRAIN,YUNNAN_OUTSIDE,8.322927513563531,6.514182710801492,7.530676053369649,False,50,100733,89547,2198059200,68689350
B1_V2,14,TRAIN,YUNNAN_OUTSIDE,8.322927513563531,6.514182710801492,7.530676053369649,False,100,17115,16447,2198059200,68689350
B1_V2,14,TRAIN,YUNNAN_OUTSIDE,8.322927513563531,6.514182710801492,7.530676053369649,False,500,280,280,2198059200,68689350
B1_V2,14,TRAIN,YUNNAN_OUTSIDE,8.322927513563531,6.514182710801492,7.530676053369649,False,1000,51,51,2198059200,68689350
B1_V2,14,VALIDATION,YUNNAN_INSIDE,5.806307842947116,5.238157116308899,5.753742289137313,False,10,1529286,606558,1152589760,36018430
B1_V2,14,VALIDATION,YUNNAN_INSIDE,5.806307842947116,5.238157116308899,5.753742289137313,False,50,10832,10346,1152589760,36018430
B1_V2,14,VALIDATION,YUNNAN_INSIDE,5.806307842947116,5.238157116308899,5.753742289137313,False,100,728,723,1152589760,36018430
B1_V2,14,VALIDATION,YUNNAN_INSIDE,5.806307842947116,5.238157116308899,5.753742289137313,False,500,0,0,1152589760,36018430
B1_V2,14,VALIDATION,YUNNAN_INSIDE,5.806307842947116,5.238157116308899,5.753742289137313,False,1000,0,0,1152589760,36018430
B1_V2,14,VALIDATION,YUNNAN_OUTSIDE,7.4711787186705765,6.338870431979143,6.940338776159329,False,10,7631837,2490445,2207730240,68991570
B1_V2,14,VALIDATION,YUNNAN_OUTSIDE,7.4711787186705765,6.338870431979143,6.940338776159329,False,50,114471,102663,2207730240,68991570
B1_V2,14,VALIDATION,YUNNAN_OUTSIDE,7.4711787186705765,6.338870431979143,6.940338776159329,False,100,16224,15846,2207730240,68991570
B1_V2,14,VALIDATION,YUNNAN_OUTSIDE,7.4711787186705765,6.338870431979143,6.940338776159329,False,500,83,83,2207730240,68991570
B1_V2,14,VALIDATION,YUNNAN_OUTSIDE,7.4711787186705765,6.338870431979143,6.940338776159329,False,1000,3,3,2207730240,68991570
B1_V2,15,TRAIN,YUNNAN_INSIDE,5.957924662683042,5.003878233463432,5.591114801499444,False,10,1374103,585506,1147540800,35860650
B1_V2,15,TRAIN,YUNNAN_INSIDE,5.957924662683042,5.003878233463432,5.591114801499444,False,50,8469,8060,1147540800,35860650
B1_V2,15,TRAIN,YUNNAN_INSIDE,5.957924662683042,5.003878233463432,5.591114801499444,False,100,733,731,1147540800,35860650
B1_V2,15,TRAIN,YUNNAN_INSIDE,5.957924662683042,5.003878233463432,5.591114801499444,False,500,0,0,1147540800,35860650
B1_V2,15,TRAIN,YUNNAN_INSIDE,5.957924662683042,5.003878233463432,5.591114801499444,False,1000,0,0,1147540800,35860650
B1_V2,15,TRAIN,YUNNAN_OUTSIDE,8.544918298632634,6.628946264635895,7.597050210532347,False,10,6383429,2172811,2198059200,68689350
B1_V2,15,TRAIN,YUNNAN_OUTSIDE,8.544918298632634,6.628946264635895,7.597050210532347,False,50,110619,96488,2198059200,68689350
B1_V2,15,TRAIN,YUNNAN_OUTSIDE,8.544918298632634,6.628946264635895,7.597050210532347,False,100,21619,20580,2198059200,68689350
B1_V2,15,TRAIN,YUNNAN_OUTSIDE,8.544918298632634,6.628946264635895,7.597050210532347,False,500,465,465,2198059200,68689350
B1_V2,15,TRAIN,YUNNAN_OUTSIDE,8.544918298632634,6.628946264635895,7.597050210532347,False,1000,86,86,2198059200,68689350
B1_V2,15,VALIDATION,YUNNAN_INSIDE,5.629348586024209,4.926039703185948,5.5466108160712295,False,10,1397357,642691,1152589760,36018430
B1_V2,15,VALIDATION,YUNNAN_INSIDE,5.629348586024209,4.926039703185948,5.5466108160712295,False,50,4234,4157,1152589760,36018430
B1_V2,15,VALIDATION,YUNNAN_INSIDE,5.629348586024209,4.926039703185948,5.5466108160712295,False,100,150,150,1152589760,36018430
B1_V2,15,VALIDATION,YUNNAN_INSIDE,5.629348586024209,4.926039703185948,5.5466108160712295,False,500,0,0,1152589760,36018430
B1_V2,15,VALIDATION,YUNNAN_INSIDE,5.629348586024209,4.926039703185948,5.5466108160712295,False,1000,0,0,1152589760,36018430
B1_V2,15,VALIDATION,YUNNAN_OUTSIDE,8.245047320647751,7.26645407325585,8.101216110298328,False,10,8532673,2573125,2207730240,68991570
B1_V2,15,VALIDATION,YUNNAN_OUTSIDE,8.245047320647751,7.26645407325585,8.101216110298328,False,50,168842,136847,2207730240,68991570
B1_V2,15,VALIDATION,YUNNAN_OUTSIDE,8.245047320647751,7.26645407325585,8.101216110298328,False,100,40663,37810,2207730240,68991570
B1_V2,15,VALIDATION,YUNNAN_OUTSIDE,8.245047320647751,7.26645407325585,8.101216110298328,False,500,1243,1243,2207730240,68991570
B1_V2,15,VALIDATION,YUNNAN_OUTSIDE,8.245047320647751,7.26645407325585,8.101216110298328,False,1000,212,212,2207730240,68991570
B1_V2,16,TRAIN,YUNNAN_INSIDE,8.136522740064253,5.04439101068427,5.919658281534649,False,10,1367856,572447,1147540800,35860650
B1_V2,16,TRAIN,YUNNAN_INSIDE,8.136522740064253,5.04439101068427,5.919658281534649,False,50,9279,8874,1147540800,35860650
B1_V2,16,TRAIN,YUNNAN_INSIDE,8.136522740064253,5.04439101068427,5.919658281534649,False,100,798,787,1147540800,35860650
B1_V2,16,TRAIN,YUNNAN_INSIDE,8.136522740064253,5.04439101068427,5.919658281534649,False,500,11,11,1147540800,35860650
B1_V2,16,TRAIN,YUNNAN_INSIDE,8.136522740064253,5.04439101068427,5.919658281534649,False,1000,4,4,1147540800,35860650
B1_V2,16,TRAIN,YUNNAN_OUTSIDE,9.544114539068495,6.7886409856788035,8.082193788383604,False,10,6492609,2096366,2198059200,68689350
B1_V2,16,TRAIN,YUNNAN_OUTSIDE,9.544114539068495,6.7886409856788035,8.082193788383604,False,50,123937,106091,2198059200,68689350
B1_V2,16,TRAIN,YUNNAN_OUTSIDE,9.544114539068495,6.7886409856788035,8.082193788383604,False,100,26182,24786,2198059200,68689350
B1_V2,16,TRAIN,YUNNAN_OUTSIDE,9.544114539068495,6.7886409856788035,8.082193788383604,False,500,758,753,2198059200,68689350
B1_V2,16,TRAIN,YUNNAN_OUTSIDE,9.544114539068495,6.7886409856788035,8.082193788383604,False,1000,156,156,2198059200,68689350
B1_V2,16,VALIDATION,YUNNAN_INSIDE,5.531109524980814,5.04194537512236,5.41244163087732,False,10,1239499,624913,1152589760,36018430
B1_V2,16,VALIDATION,YUNNAN_INSIDE,5.531109524980814,5.04194537512236,5.41244163087732,False,50,3496,3422,1152589760,36018430
B1_V2,16,VALIDATION,YUNNAN_INSIDE,5.531109524980814,5.04194537512236,5.41244163087732,False,100,199,199,1152589760,36018430
B1_V2,16,VALIDATION,YUNNAN_INSIDE,5.531109524980814,5.04194537512236,5.41244163087732,False,500,0,0,1152589760,36018430
B1_V2,16,VALIDATION,YUNNAN_INSIDE,5.531109524980814,5.04194537512236,5.41244163087732,False,1000,0,0,1152589760,36018430
B1_V2,16,VALIDATION,YUNNAN_OUTSIDE,7.040264319973782,6.215865628811007,6.582283535908636,False,10,6808522,2638783,2207730240,68991570
B1_V2,16,VALIDATION,YUNNAN_OUTSIDE,7.040264319973782,6.215865628811007,6.582283535908636,False,50,79210,74625,2207730240,68991570
B1_V2,16,VALIDATION,YUNNAN_OUTSIDE,7.040264319973782,6.215865628811007,6.582283535908636,False,100,9998,9922,2207730240,68991570
B1_V2,16,VALIDATION,YUNNAN_OUTSIDE,7.040264319973782,6.215865628811007,6.582283535908636,False,500,25,25,2207730240,68991570
B1_V2,16,VALIDATION,YUNNAN_OUTSIDE,7.040264319973782,6.215865628811007,6.582283535908636,False,1000,1,1,2207730240,68991570
B1_V2,17,TRAIN,YUNNAN_INSIDE,6.539429560223522,5.035688052254055,5.740196577457701,False,10,1363909,560411,1147540800,35860650
B1_V2,17,TRAIN,YUNNAN_INSIDE,6.539429560223522,5.035688052254055,5.740196577457701,False,50,9000,8638,1147540800,35860650
B1_V2,17,TRAIN,YUNNAN_INSIDE,6.539429560223522,5.035688052254055,5.740196577457701,False,100,839,828,1147540800,35860650
B1_V2,17,TRAIN,YUNNAN_INSIDE,6.539429560223522,5.035688052254055,5.740196577457701,False,500,2,2,1147540800,35860650
B1_V2,17,TRAIN,YUNNAN_INSIDE,6.539429560223522,5.035688052254055,5.740196577457701,False,1000,0,0,1147540800,35860650
B1_V2,17,TRAIN,YUNNAN_OUTSIDE,8.056321304958102,6.653753696871528,7.344568789292929,False,10,6301721,2035385,2198059200,68689350
B1_V2,17,TRAIN,YUNNAN_OUTSIDE,8.056321304958102,6.653753696871528,7.344568789292929,False,50,112463,97637,2198059200,68689350
B1_V2,17,TRAIN,YUNNAN_OUTSIDE,8.056321304958102,6.653753696871528,7.344568789292929,False,100,22309,21071,2198059200,68689350
B1_V2,17,TRAIN,YUNNAN_OUTSIDE,8.056321304958102,6.653753696871528,7.344568789292929,False,500,476,474,2198059200,68689350
B1_V2,17,TRAIN,YUNNAN_OUTSIDE,8.056321304958102,6.653753696871528,7.344568789292929,False,1000,62,62,2198059200,68689350
B1_V2,17,VALIDATION,YUNNAN_INSIDE,5.800979761851684,5.119844857556845,5.5667851705949705,False,10,1448114,612054,1152589760,36018430
B1_V2,17,VALIDATION,YUNNAN_INSIDE,5.800979761851684,5.119844857556845,5.5667851705949705,False,50,7015,6856,1152589760,36018430
B1_V2,17,VALIDATION,YUNNAN_INSIDE,5.800979761851684,5.119844857556845,5.5667851705949705,False,100,392,392,1152589760,36018430
B1_V2,17,VALIDATION,YUNNAN_INSIDE,5.800979761851684,5.119844857556845,5.5667851705949705,False,500,0,0,1152589760,36018430
B1_V2,17,VALIDATION,YUNNAN_INSIDE,5.800979761851684,5.119844857556845,5.5667851705949705,False,1000,0,0,1152589760,36018430
B1_V2,17,VALIDATION,YUNNAN_OUTSIDE,8.128054943458423,6.857450194497569,7.668354224855101,False,10,8410122,2527800,2207730240,68991570
B1_V2,17,VALIDATION,YUNNAN_OUTSIDE,8.128054943458423,6.857450194497569,7.668354224855101,False,50,161149,138357,2207730240,68991570
B1_V2,17,VALIDATION,YUNNAN_OUTSIDE,8.128054943458423,6.857450194497569,7.668354224855101,False,100,30463,29216,2207730240,68991570
B1_V2,17,VALIDATION,YUNNAN_OUTSIDE,8.128054943458423,6.857450194497569,7.668354224855101,False,500,634,634,2207730240,68991570
B1_V2,17,VALIDATION,YUNNAN_OUTSIDE,8.128054943458423,6.857450194497569,7.668354224855101,False,1000,127,127,2207730240,68991570
