metadata_key,file_count,interpretation
Analysis_or_forecast_generating_process_identifier_defined_by_originating_centre,20597,PROCESS_ID_OR_CENTER_NOT_TIMESTAMP
History,21240,HISTORICAL_PROVENANCE_NOT_RELEASE
Originating_or_generating_Center,21240,PROCESS_ID_OR_CENTER_NOT_TIMESTAMP
Originating_or_generating_Subcenter,20597,PROCESS_ID_OR_CENTER_NOT_TIMESTAMP
Type_of_generating_process,20597,PROCESS_ID_OR_CENTER_NOT_TIMESTAMP
availability_note,11968,RAW_METADATA_TEXT
conservative_available_time_utc,11968,ASSUMPTION_NOT_OBSERVED_RELEASE
conversion_time,11805,CONVERSION_TIMESTAMP_NOT_RELEASE
history,24388,HISTORICAL_PROVENANCE_NOT_RELEASE
initialization_time_utc,11968,RAW_METADATA_TEXT
lead_time_hours,8820,RAW_METADATA_TEXT
legacy_history_before_20260925,8177,HISTORICAL_PROVENANCE_NOT_RELEASE
source,24388,RAW_METADATA_TEXT
valid_time_utc,11968,RAW_METADATA_TEXT
