num_workers,timestamp,utilization.gpu,memory.used,memory.total,temperature.gpu,power.draw,clocks.current.graphics,clocks.current.sm,clocks.current.memory,clocks_event_reasons.hw_thermal_slowdown,clocks_event_reasons.sw_thermal_slowdown,clocks_event_reasons.sw_power_cap,monotonic_seconds,cpu_utilization_percent
0,2026/10/01 00:00:36.094,3,648,8151,51,15.53,1732,1732,12201,Not Active,Not Active,Not Active,52135.478593,22.388059701492537
0,2026/10/01 00:00:37.180,97,3898,8151,55,30.75,2115,2115,12201,Not Active,Not Active,Not Active,52136.5634379,13.685474189675872
0,2026/10/01 00:00:38.260,97,3892,8151,56,66.06,2572,2572,12201,Not Active,Not Active,Not Active,52137.6429437,12.983091787439616
0,2026/10/01 00:00:39.347,96,3897,8151,58,62.74,2572,2572,12201,Not Active,Not Active,Not Active,52138.7295084,13.815789473684214
0,2026/10/01 00:00:40.421,86,3897,8151,61,63.60,2535,2535,12201,Not Active,Not Active,Not Active,52139.8040451,12.439613526570048
2,2026/10/01 00:00:40.971,86,669,8151,63,52.50,2385,2385,12201,Not Active,Not Active,Not Active,52140.3575981,18.333333333333336
2,2026/10/01 00:00:42.060,2,669,8151,53,15.39,1717,1717,12201,Not Active,Not Active,Not Active,52141.4422121,10.276442307692314
2,2026/10/01 00:00:43.132,2,669,8151,53,15.35,1725,1725,12201,Not Active,Not Active,Not Active,52142.5144035,10.606060606060607
2,2026/10/01 00:00:44.250,2,669,8151,53,15.52,1747,1747,12201,Not Active,Not Active,Not Active,52143.6321942,11.420289855072463
2,2026/10/01 00:00:45.336,2,669,8151,52,15.35,1725,1725,12201,Not Active,Not Active,Not Active,52144.7188304,8.956982911019452
2,2026/10/01 00:00:46.410,72,3891,8151,62,26.10,2895,2895,12201,Not Active,Not Active,Not Active,52145.7928323,13.05434103685197
2,2026/10/01 00:00:47.482,87,3897,8151,62,82.89,2880,2880,12201,Not Active,Not Active,Not Active,52146.8673861,14.901256732495515
2,2026/10/01 00:00:48.582,95,3897,8151,63,84.17,2865,2865,12201,Not Active,Not Active,Not Active,52147.9641446,15.92548076923077
4,2026/10/01 00:00:49.496,2,669,8151,55,42.90,1710,1710,12201,Not Active,Not Active,Not Active,52148.8791528,23.140495867768596
4,2026/10/01 00:00:50.576,2,669,8151,54,15.37,1717,1717,12201,Not Active,Not Active,Not Active,52149.9586276,8.353080568720383
4,2026/10/01 00:00:51.647,2,669,8151,53,15.35,1725,1725,12201,Not Active,Not Active,Not Active,52151.0297095,10.148514851485146
4,2026/10/01 00:00:52.725,2,669,8151,53,15.35,1725,1725,12201,Not Active,Not Active,Not Active,52152.1072908,10.359536867763563
4,2026/10/01 00:00:53.797,2,669,8151,52,15.22,1710,1710,12201,Not Active,Not Active,Not Active,52153.1803998,10.742305371152682
4,2026/10/01 00:00:54.868,2,669,8151,52,15.17,1725,1725,12201,Not Active,Not Active,Not Active,52154.2504619,10.77015643802648
4,2026/10/01 00:00:55.955,2,669,8151,52,15.53,1740,1740,12201,Not Active,Not Active,Not Active,52155.3377714,10.178571428571425
4,2026/10/01 00:00:57.038,2,669,8151,52,15.20,1717,1717,12201,Not Active,Not Active,Not Active,52156.4209714,10.426829268292682
4,2026/10/01 00:00:58.111,2,669,8151,52,15.29,1710,1710,12201,Not Active,Not Active,Not Active,52157.4940823,10.792682926829267
4,2026/10/01 00:00:59.192,3,3897,8151,58,15.12,1717,1717,12201,Not Active,Not Active,Not Active,52158.5756012,11.662679425837318
4,2026/10/01 00:01:00.267,72,3897,8151,62,74.38,2872,2872,12201,Not Active,Not Active,Not Active,52159.649702,17.089371980676326
4,2026/10/01 00:01:01.354,70,3897,8151,63,82.61,2842,2842,12201,Not Active,Not Active,Not Active,52160.7367813,14.54326923076923
4,2026/10/01 00:01:02.440,68,3897,8151,64,65.17,2437,2437,12201,Not Active,Not Active,Not Active,52161.8258071,14.691943127962082
