run_id,arm,model,seed,stage,epochs,train_updates,train_scene_presentations,train_tail_batch,validation_batches_per_epoch,validation_batches_all_epochs,validation_endpoint_only_lower_bound,validation_tail_batch,train_input_float32_presented_bytes,validation_input_float32_presented_bytes,checkpoint_tensor_payload_lower_bound_bytes,nine_checkpoints_tensor_lower_bound_bytes
E0__B0_MATCHED_V2__s2026,E0,B0_MATCHED_V2,2026,1,9,47052,94095,1,1313,11817,1313,5,94471756380,94887414036,51952920,467576280
E0__B1_V2__s2026,E0,B1_V2,2026,1,9,47052,94095,1,1313,11817,1313,5,566830538280,569324484216,51981720,467835480
E1__B0_MATCHED_V2__s2026,E1,B0_MATCHED_V2,2026,1,9,47052,94095,1,1313,11817,1313,5,94471756380,94887414036,51952920,467576280
E1__B1_V2__s2026,E1,B1_V2,2026,1,9,47052,94095,1,1313,11817,1313,5,566830538280,569324484216,51981720,467835480
E2__B0_MATCHED_V2__s2026,E2,B0_MATCHED_V2,2026,1,9,47052,94095,1,1313,11817,1313,5,94471756380,94887414036,51952920,467576280
E2__B1_V2__s2026,E2,B1_V2,2026,1,9,47052,94095,1,1313,11817,1313,5,566830538280,569324484216,51981720,467835480
E0__B0_MATCHED_V2__s2027,E0,B0_MATCHED_V2,2027,2,9,47052,94095,1,1313,11817,1313,5,94471756380,94887414036,51952920,467576280
E0__B1_V2__s2027,E0,B1_V2,2027,2,9,47052,94095,1,1313,11817,1313,5,566830538280,569324484216,51981720,467835480
E1__B0_MATCHED_V2__s2027,E1,B0_MATCHED_V2,2027,2,9,47052,94095,1,1313,11817,1313,5,94471756380,94887414036,51952920,467576280
E1__B1_V2__s2027,E1,B1_V2,2027,2,9,47052,94095,1,1313,11817,1313,5,566830538280,569324484216,51981720,467835480
E2__B0_MATCHED_V2__s2027,E2,B0_MATCHED_V2,2027,2,9,47052,94095,1,1313,11817,1313,5,94471756380,94887414036,51952920,467576280
E2__B1_V2__s2027,E2,B1_V2,2027,2,9,47052,94095,1,1313,11817,1313,5,566830538280,569324484216,51981720,467835480
E0__B0_MATCHED_V2__s2028,E0,B0_MATCHED_V2,2028,2,9,47052,94095,1,1313,11817,1313,5,94471756380,94887414036,51952920,467576280
E0__B1_V2__s2028,E0,B1_V2,2028,2,9,47052,94095,1,1313,11817,1313,5,566830538280,569324484216,51981720,467835480
E1__B0_MATCHED_V2__s2028,E1,B0_MATCHED_V2,2028,2,9,47052,94095,1,1313,11817,1313,5,94471756380,94887414036,51952920,467576280
E1__B1_V2__s2028,E1,B1_V2,2028,2,9,47052,94095,1,1313,11817,1313,5,566830538280,569324484216,51981720,467835480
E2__B0_MATCHED_V2__s2028,E2,B0_MATCHED_V2,2028,2,9,47052,94095,1,1313,11817,1313,5,94471756380,94887414036,51952920,467576280
E2__B1_V2__s2028,E2,B1_V2,2028,2,9,47052,94095,1,1313,11817,1313,5,566830538280,569324484216,51981720,467835480
