target_time,status,dtype,shape,flat_shape,batch_shape,mask_shape,nan_count,load_seconds,memory_peak_mb,memory_baseline_mb,memory_delta_mb,process_lifetime_peak_mb
2024-07-02T23:30:00+00:00,PASS,torch.float32,"(6, 7, 501, 501)","(42, 501, 501)","(1, 42, 501, 501)","(6, 7, 501, 501)",0,0.2813088000038988,438.43359375,327.1171875,111.31640625,614.94140625
2024-07-03T02:20:00+00:00,PASS,torch.float32,"(6, 7, 501, 501)","(42, 501, 501)","(1, 42, 501, 501)","(6, 7, 501, 501)",0,0.22686260000045877,526.26171875,438.4296875,87.83203125,614.94140625
2024-07-03T15:50:00+00:00,PASS,torch.float32,"(6, 7, 501, 501)","(42, 501, 501)","(1, 42, 501, 501)","(6, 7, 501, 501)",0,0.21994240000640275,443.46875,359.91015625,83.55859375,614.94140625
2024-07-03T18:00:00+00:00,PASS,torch.float32,"(6, 7, 501, 501)","(42, 501, 501)","(1, 42, 501, 501)","(6, 7, 501, 501)",0,0.2375492999999551,505.45703125,443.46875,61.98828125,614.94140625
2024-07-03T20:20:00+00:00,PASS,torch.float32,"(6, 7, 501, 501)","(42, 501, 501)","(1, 42, 501, 501)","(6, 7, 501, 501)",0,0.2241195999959018,493.296875,367.94921875,125.34765625,614.94140625
2024-07-03T21:20:00+00:00,PASS,torch.float32,"(6, 7, 501, 501)","(42, 501, 501)","(1, 42, 501, 501)","(6, 7, 501, 501)",0,0.46324989999993704,532.96875,433.54296875,99.42578125,614.94140625
2024-07-04T22:00:00+00:00,PASS,torch.float32,"(6, 7, 501, 501)","(42, 501, 501)","(1, 42, 501, 501)","(6, 7, 501, 501)",0,0.33180020000145305,493.8984375,343.109375,150.7890625,614.94140625
2024-07-06T04:20:00+00:00,PASS,torch.float32,"(6, 7, 501, 501)","(42, 501, 501)","(1, 42, 501, 501)","(6, 7, 501, 501)",0,0.24248309999529738,502.6328125,433.5703125,69.0625,614.94140625
2024-07-06T16:20:00+00:00,PASS,torch.float32,"(6, 7, 501, 501)","(42, 501, 501)","(1, 42, 501, 501)","(6, 7, 501, 501)",0,0.2173490999994101,479.7890625,355.26953125,124.51953125,614.94140625
2024-07-07T05:30:00+00:00,PASS,torch.float32,"(6, 7, 501, 501)","(42, 501, 501)","(1, 42, 501, 501)","(6, 7, 501, 501)",0,0.2292431999958353,527.328125,432.453125,94.875,614.94140625
2024-07-08T01:30:00+00:00,PASS,torch.float32,"(6, 7, 501, 501)","(42, 501, 501)","(1, 42, 501, 501)","(6, 7, 501, 501)",0,0.21124350000172853,436.64453125,354.55859375,82.0859375,614.94140625
2024-07-09T13:50:00+00:00,PASS,torch.float32,"(6, 7, 501, 501)","(42, 501, 501)","(1, 42, 501, 501)","(6, 7, 501, 501)",0,0.22183679999579908,502.765625,436.64453125,66.12109375,614.94140625
2024-07-12T00:10:00+00:00,PASS,torch.float32,"(6, 7, 501, 501)","(42, 501, 501)","(1, 42, 501, 501)","(6, 7, 501, 501)",0,0.21788269999524346,490.76171875,360.28515625,130.4765625,614.94140625
2024-07-12T10:40:00+00:00,PASS,torch.float32,"(6, 7, 501, 501)","(42, 501, 501)","(1, 42, 501, 501)","(6, 7, 501, 501)",0,0.2248888000031002,498.5078125,443.4765625,55.03125,614.94140625
2024-07-13T10:00:00+00:00,PASS,torch.float32,"(6, 7, 501, 501)","(42, 501, 501)","(1, 42, 501, 501)","(6, 7, 501, 501)",0,0.22378890000254614,508.5625,365.59765625,142.96484375,614.94140625
2024-07-14T06:50:00+00:00,PASS,torch.float32,"(6, 7, 501, 501)","(42, 501, 501)","(1, 42, 501, 501)","(6, 7, 501, 501)",0,0.2253058999995119,528.328125,448.234375,80.09375,614.94140625
2024-07-14T10:40:00+00:00,PASS,torch.float32,"(6, 7, 501, 501)","(42, 501, 501)","(1, 42, 501, 501)","(6, 7, 501, 501)",0,0.21891400000458816,503.21875,370.51171875,132.70703125,614.94140625
2024-07-14T16:30:00+00:00,PASS,torch.float32,"(6, 7, 501, 501)","(42, 501, 501)","(1, 42, 501, 501)","(6, 7, 501, 501)",0,0.22079690000100527,505.1796875,452.9453125,52.234375,614.94140625
2024-07-14T19:20:00+00:00,PASS,torch.float32,"(6, 7, 501, 501)","(42, 501, 501)","(1, 42, 501, 501)","(6, 7, 501, 501)",0,0.21809050000592833,493.70703125,337.69140625,156.015625,614.94140625
2024-07-14T20:30:00+00:00,PASS,torch.float32,"(6, 7, 501, 501)","(42, 501, 501)","(1, 42, 501, 501)","(6, 7, 501, 501)",0,0.22088439999788534,503.16796875,434.515625,68.65234375,614.94140625
2024-07-14T21:20:00+00:00,PASS,torch.float32,"(6, 7, 501, 501)","(42, 501, 501)","(1, 42, 501, 501)","(6, 7, 501, 501)",0,0.2174474999992526,494.40234375,335.5234375,158.87890625,614.94140625
2024-07-16T09:40:00+00:00,PASS,torch.float32,"(6, 7, 501, 501)","(42, 501, 501)","(1, 42, 501, 501)","(6, 7, 501, 501)",0,0.2320532000012463,489.99609375,434.07421875,55.921875,614.94140625
2024-07-16T19:00:00+00:00,PASS,torch.float32,"(6, 7, 501, 501)","(42, 501, 501)","(1, 42, 501, 501)","(6, 7, 501, 501)",0,0.20736279999982798,502.63671875,359.21875,143.41796875,614.94140625
2024-07-17T04:10:00+00:00,PASS,torch.float32,"(6, 7, 501, 501)","(42, 501, 501)","(1, 42, 501, 501)","(6, 7, 501, 501)",0,0.22374870000203373,531.1484375,442.30859375,88.83984375,614.94140625
2024-07-17T19:30:00+00:00,PASS,torch.float32,"(6, 7, 501, 501)","(42, 501, 501)","(1, 42, 501, 501)","(6, 7, 501, 501)",0,0.2099242999975104,443.1796875,362.265625,80.9140625,614.94140625
2024-07-18T02:00:00+00:00,PASS,torch.float32,"(6, 7, 501, 501)","(42, 501, 501)","(1, 42, 501, 501)","(6, 7, 501, 501)",0,0.22363409999525174,496.69921875,443.1796875,53.51953125,614.94140625
2024-07-20T13:00:00+00:00,PASS,torch.float32,"(6, 7, 501, 501)","(42, 501, 501)","(1, 42, 501, 501)","(6, 7, 501, 501)",0,0.21306289999483852,447.28125,365.921875,81.359375,614.94140625
2024-07-20T20:40:00+00:00,PASS,torch.float32,"(6, 7, 501, 501)","(42, 501, 501)","(1, 42, 501, 501)","(6, 7, 501, 501)",0,0.2214144999961718,484.43359375,447.28125,37.15234375,614.94140625
2024-07-21T01:20:00+00:00,PASS,torch.float32,"(6, 7, 501, 501)","(42, 501, 501)","(1, 42, 501, 501)","(6, 7, 501, 501)",0,0.2246365999963018,494.92578125,353.578125,141.34765625,614.94140625
2024-07-22T01:00:00+00:00,PASS,torch.float32,"(6, 7, 501, 501)","(42, 501, 501)","(1, 42, 501, 501)","(6, 7, 501, 501)",0,0.23205859999870881,483.27734375,434.59765625,48.6796875,614.94140625
2024-07-22T10:20:00+00:00,PASS,torch.float32,"(6, 7, 501, 501)","(42, 501, 501)","(1, 42, 501, 501)","(6, 7, 501, 501)",0,0.23029500000120606,482.296875,352.54296875,129.75390625,614.94140625
2024-07-22T17:30:00+00:00,PASS,torch.float32,"(6, 7, 501, 501)","(42, 501, 501)","(1, 42, 501, 501)","(6, 7, 501, 501)",0,0.22262970000156201,499.8671875,434.54296875,65.32421875,614.94140625
2024-07-23T02:30:00+00:00,PASS,torch.float32,"(6, 7, 501, 501)","(42, 501, 501)","(1, 42, 501, 501)","(6, 7, 501, 501)",0,0.21623140000156127,493.1953125,353.6328125,139.5625,614.94140625
2024-07-23T17:20:00+00:00,PASS,torch.float32,"(6, 7, 501, 501)","(42, 501, 501)","(1, 42, 501, 501)","(6, 7, 501, 501)",0,0.2145576999973855,489.90234375,435.66015625,54.2421875,614.94140625
2024-07-24T11:20:00+00:00,PASS,torch.float32,"(6, 7, 501, 501)","(42, 501, 501)","(1, 42, 501, 501)","(6, 7, 501, 501)",0,0.21945450000202982,505.05078125,359.12890625,145.921875,614.94140625
2024-07-24T12:50:00+00:00,PASS,torch.float32,"(6, 7, 501, 501)","(42, 501, 501)","(1, 42, 501, 501)","(6, 7, 501, 501)",0,0.2205212000044412,541.5390625,444.72265625,96.81640625,614.94140625
2024-07-24T19:20:00+00:00,PASS,torch.float32,"(6, 7, 501, 501)","(42, 501, 501)","(1, 42, 501, 501)","(6, 7, 501, 501)",0,0.2103073999969638,445.2421875,364.2265625,81.015625,614.94140625
2024-07-25T04:20:00+00:00,PASS,torch.float32,"(6, 7, 501, 501)","(42, 501, 501)","(1, 42, 501, 501)","(6, 7, 501, 501)",0,0.22783509999862872,526.82421875,445.2421875,81.58203125,614.94140625
2024-07-25T05:30:00+00:00,PASS,torch.float32,"(6, 7, 501, 501)","(42, 501, 501)","(1, 42, 501, 501)","(6, 7, 501, 501)",0,0.2227089000007254,476.796875,353.640625,123.15625,614.94140625
2024-07-25T06:10:00+00:00,PASS,torch.float32,"(6, 7, 501, 501)","(42, 501, 501)","(1, 42, 501, 501)","(6, 7, 501, 501)",0,0.24514120000094408,484.33203125,417.2421875,67.08984375,614.94140625
2024-07-26T10:10:00+00:00,PASS,torch.float32,"(6, 7, 501, 501)","(42, 501, 501)","(1, 42, 501, 501)","(6, 7, 501, 501)",0,0.24937969999882625,415.328125,353.59765625,61.73046875,614.94140625
2024-07-26T15:50:00+00:00,PASS,torch.float32,"(6, 7, 501, 501)","(42, 501, 501)","(1, 42, 501, 501)","(6, 7, 501, 501)",0,0.22496769999997923,513.17578125,415.328125,97.84765625,614.94140625
2024-07-26T21:10:00+00:00,PASS,torch.float32,"(6, 7, 501, 501)","(42, 501, 501)","(1, 42, 501, 501)","(6, 7, 501, 501)",0,0.205946900001436,485.58203125,352.515625,133.06640625,614.94140625
2024-07-27T08:50:00+00:00,PASS,torch.float32,"(6, 7, 501, 501)","(42, 501, 501)","(1, 42, 501, 501)","(6, 7, 501, 501)",0,0.22334520000003977,494.03515625,435.30859375,58.7265625,614.94140625
2024-07-27T13:10:00+00:00,PASS,torch.float32,"(6, 7, 501, 501)","(42, 501, 501)","(1, 42, 501, 501)","(6, 7, 501, 501)",0,0.21598090000043157,442.94140625,358.09375,84.84765625,614.94140625
2024-07-28T10:30:00+00:00,PASS,torch.float32,"(6, 7, 501, 501)","(42, 501, 501)","(1, 42, 501, 501)","(6, 7, 501, 501)",0,0.22383499999705236,493.23046875,442.94140625,50.2890625,614.94140625
2024-07-28T17:00:00+00:00,PASS,torch.float32,"(6, 7, 501, 501)","(42, 501, 501)","(1, 42, 501, 501)","(6, 7, 501, 501)",0,0.2153251999989152,495.421875,362.45703125,132.96484375,614.94140625
2024-07-29T13:50:00+00:00,PASS,torch.float32,"(6, 7, 501, 501)","(42, 501, 501)","(1, 42, 501, 501)","(6, 7, 501, 501)",0,0.2165060000043013,538.125,444.3984375,93.7265625,614.94140625
2024-07-30T23:20:00+00:00,PASS,torch.float32,"(6, 7, 501, 501)","(42, 501, 501)","(1, 42, 501, 501)","(6, 7, 501, 501)",0,0.22344719999819063,441.0703125,368.2890625,72.78125,614.94140625
2024-07-31T01:40:00+00:00,PASS,torch.float32,"(6, 7, 501, 501)","(42, 501, 501)","(1, 42, 501, 501)","(6, 7, 501, 501)",0,0.23340319999988424,523.69140625,433.0234375,90.66796875,614.94140625
