target_time_utc,frame_t,candidates_t,path_t,qc_t,frame_t_minus_10,candidates_t_minus_10,path_t_minus_10,qc_t_minus_10,frame_t_minus_20,candidates_t_minus_20,path_t_minus_20,qc_t_minus_20,frame_t_minus_30,candidates_t_minus_30,path_t_minus_30,qc_t_minus_30,frame_t_minus_40,candidates_t_minus_40,path_t_minus_40,qc_t_minus_40,frame_t_minus_50,candidates_t_minus_50,path_t_minus_50,qc_t_minus_50,sequence_complete,sequence_quality,missing_frame_count,ambiguous_frame_count,contains_quality_warning,contains_grid_variant,contains_satellite_transition,loadable,notes,selection_reason
2024-07-01T00:00:00+00:00,2024-07-01T00:00:00+00:00,"[""202407\\01\\NC_H09_20240701_0000_R21_FLDK.06001_06001.nc""]",202407\01\NC_H09_20240701_0000_R21_FLDK.06001_06001.nc,TIME_MISMATCH,2024-06-30T23:50:00+00:00,"[""202406\\30\\NC_H09_20240630_2350_R21_FLDK.06001_06001.nc""]",202406\30\NC_H09_20240630_2350_R21_FLDK.06001_06001.nc,TIME_MISMATCH,2024-06-30T23:40:00+00:00,"[""202406\\30\\NC_H09_20240630_2340_R21_FLDK.06001_06001.nc""]",202406\30\NC_H09_20240630_2340_R21_FLDK.06001_06001.nc,TIME_MISMATCH,2024-06-30T23:30:00+00:00,"[""202406\\30\\NC_H09_20240630_2330_R21_FLDK.06001_06001.nc""]",202406\30\NC_H09_20240630_2330_R21_FLDK.06001_06001.nc,TIME_MISMATCH,2024-06-30T23:20:00+00:00,"[""202406\\30\\NC_H09_20240630_2320_R21_FLDK.06001_06001.nc""]",202406\30\NC_H09_20240630_2320_R21_FLDK.06001_06001.nc,TIME_MISMATCH,2024-06-30T23:10:00+00:00,"[""202406\\30\\NC_H09_20240630_2310_R21_FLDK.06001_06001.nc""]",202406\30\NC_H09_20240630_2310_R21_FLDK.06001_06001.nc,TIME_MISMATCH,True,QUALITY_WARNING,0,0,True,False,False,True,,month_boundary;grid_tag_representative
2024-07-01T00:10:00+00:00,2024-07-01T00:10:00+00:00,"[""202407\\01\\NC_H09_20240701_0010_R21_FLDK.06001_06001.nc""]",202407\01\NC_H09_20240701_0010_R21_FLDK.06001_06001.nc,TIME_MISMATCH,2024-07-01T00:00:00+00:00,"[""202407\\01\\NC_H09_20240701_0000_R21_FLDK.06001_06001.nc""]",202407\01\NC_H09_20240701_0000_R21_FLDK.06001_06001.nc,TIME_MISMATCH,2024-06-30T23:50:00+00:00,"[""202406\\30\\NC_H09_20240630_2350_R21_FLDK.06001_06001.nc""]",202406\30\NC_H09_20240630_2350_R21_FLDK.06001_06001.nc,TIME_MISMATCH,2024-06-30T23:40:00+00:00,"[""202406\\30\\NC_H09_20240630_2340_R21_FLDK.06001_06001.nc""]",202406\30\NC_H09_20240630_2340_R21_FLDK.06001_06001.nc,TIME_MISMATCH,2024-06-30T23:30:00+00:00,"[""202406\\30\\NC_H09_20240630_2330_R21_FLDK.06001_06001.nc""]",202406\30\NC_H09_20240630_2330_R21_FLDK.06001_06001.nc,TIME_MISMATCH,2024-06-30T23:20:00+00:00,"[""202406\\30\\NC_H09_20240630_2320_R21_FLDK.06001_06001.nc""]",202406\30\NC_H09_20240630_2320_R21_FLDK.06001_06001.nc,TIME_MISMATCH,True,QUALITY_WARNING,0,0,True,False,False,True,,month_boundary
2024-07-01T00:20:00+00:00,2024-07-01T00:20:00+00:00,"[""202407\\01\\NC_H09_20240701_0020_R21_FLDK.06001_06001.nc""]",202407\01\NC_H09_20240701_0020_R21_FLDK.06001_06001.nc,TIME_MISMATCH,2024-07-01T00:10:00+00:00,"[""202407\\01\\NC_H09_20240701_0010_R21_FLDK.06001_06001.nc""]",202407\01\NC_H09_20240701_0010_R21_FLDK.06001_06001.nc,TIME_MISMATCH,2024-07-01T00:00:00+00:00,"[""202407\\01\\NC_H09_20240701_0000_R21_FLDK.06001_06001.nc""]",202407\01\NC_H09_20240701_0000_R21_FLDK.06001_06001.nc,TIME_MISMATCH,2024-06-30T23:50:00+00:00,"[""202406\\30\\NC_H09_20240630_2350_R21_FLDK.06001_06001.nc""]",202406\30\NC_H09_20240630_2350_R21_FLDK.06001_06001.nc,TIME_MISMATCH,2024-06-30T23:40:00+00:00,"[""202406\\30\\NC_H09_20240630_2340_R21_FLDK.06001_06001.nc""]",202406\30\NC_H09_20240630_2340_R21_FLDK.06001_06001.nc,TIME_MISMATCH,2024-06-30T23:30:00+00:00,"[""202406\\30\\NC_H09_20240630_2330_R21_FLDK.06001_06001.nc""]",202406\30\NC_H09_20240630_2330_R21_FLDK.06001_06001.nc,TIME_MISMATCH,True,QUALITY_WARNING,0,0,True,False,False,True,,month_boundary
2024-07-01T00:30:00+00:00,2024-07-01T00:30:00+00:00,"[""202407\\01\\NC_H09_20240701_0030_R21_FLDK.06001_06001.nc""]",202407\01\NC_H09_20240701_0030_R21_FLDK.06001_06001.nc,TIME_MISMATCH,2024-07-01T00:20:00+00:00,"[""202407\\01\\NC_H09_20240701_0020_R21_FLDK.06001_06001.nc""]",202407\01\NC_H09_20240701_0020_R21_FLDK.06001_06001.nc,TIME_MISMATCH,2024-07-01T00:10:00+00:00,"[""202407\\01\\NC_H09_20240701_0010_R21_FLDK.06001_06001.nc""]",202407\01\NC_H09_20240701_0010_R21_FLDK.06001_06001.nc,TIME_MISMATCH,2024-07-01T00:00:00+00:00,"[""202407\\01\\NC_H09_20240701_0000_R21_FLDK.06001_06001.nc""]",202407\01\NC_H09_20240701_0000_R21_FLDK.06001_06001.nc,TIME_MISMATCH,2024-06-30T23:50:00+00:00,"[""202406\\30\\NC_H09_20240630_2350_R21_FLDK.06001_06001.nc""]",202406\30\NC_H09_20240630_2350_R21_FLDK.06001_06001.nc,TIME_MISMATCH,2024-06-30T23:40:00+00:00,"[""202406\\30\\NC_H09_20240630_2340_R21_FLDK.06001_06001.nc""]",202406\30\NC_H09_20240630_2340_R21_FLDK.06001_06001.nc,TIME_MISMATCH,True,QUALITY_WARNING,0,0,True,False,False,True,,month_boundary
2024-07-01T00:40:00+00:00,2024-07-01T00:40:00+00:00,"[""202407\\01\\NC_H09_20240701_0040_R21_FLDK.06001_06001.nc""]",202407\01\NC_H09_20240701_0040_R21_FLDK.06001_06001.nc,TIME_MISMATCH,2024-07-01T00:30:00+00:00,"[""202407\\01\\NC_H09_20240701_0030_R21_FLDK.06001_06001.nc""]",202407\01\NC_H09_20240701_0030_R21_FLDK.06001_06001.nc,TIME_MISMATCH,2024-07-01T00:20:00+00:00,"[""202407\\01\\NC_H09_20240701_0020_R21_FLDK.06001_06001.nc""]",202407\01\NC_H09_20240701_0020_R21_FLDK.06001_06001.nc,TIME_MISMATCH,2024-07-01T00:10:00+00:00,"[""202407\\01\\NC_H09_20240701_0010_R21_FLDK.06001_06001.nc""]",202407\01\NC_H09_20240701_0010_R21_FLDK.06001_06001.nc,TIME_MISMATCH,2024-07-01T00:00:00+00:00,"[""202407\\01\\NC_H09_20240701_0000_R21_FLDK.06001_06001.nc""]",202407\01\NC_H09_20240701_0000_R21_FLDK.06001_06001.nc,TIME_MISMATCH,2024-06-30T23:50:00+00:00,"[""202406\\30\\NC_H09_20240630_2350_R21_FLDK.06001_06001.nc""]",202406\30\NC_H09_20240630_2350_R21_FLDK.06001_06001.nc,TIME_MISMATCH,True,QUALITY_WARNING,0,0,True,False,False,True,,month_boundary
2024-07-01T00:50:00+00:00,2024-07-01T00:50:00+00:00,"[""202407\\01\\NC_H09_20240701_0050_R21_FLDK.06001_06001.nc""]",202407\01\NC_H09_20240701_0050_R21_FLDK.06001_06001.nc,TIME_MISMATCH,2024-07-01T00:40:00+00:00,"[""202407\\01\\NC_H09_20240701_0040_R21_FLDK.06001_06001.nc""]",202407\01\NC_H09_20240701_0040_R21_FLDK.06001_06001.nc,TIME_MISMATCH,2024-07-01T00:30:00+00:00,"[""202407\\01\\NC_H09_20240701_0030_R21_FLDK.06001_06001.nc""]",202407\01\NC_H09_20240701_0030_R21_FLDK.06001_06001.nc,TIME_MISMATCH,2024-07-01T00:20:00+00:00,"[""202407\\01\\NC_H09_20240701_0020_R21_FLDK.06001_06001.nc""]",202407\01\NC_H09_20240701_0020_R21_FLDK.06001_06001.nc,TIME_MISMATCH,2024-07-01T00:10:00+00:00,"[""202407\\01\\NC_H09_20240701_0010_R21_FLDK.06001_06001.nc""]",202407\01\NC_H09_20240701_0010_R21_FLDK.06001_06001.nc,TIME_MISMATCH,2024-07-01T00:00:00+00:00,"[""202407\\01\\NC_H09_20240701_0000_R21_FLDK.06001_06001.nc""]",202407\01\NC_H09_20240701_0000_R21_FLDK.06001_06001.nc,TIME_MISMATCH,True,QUALITY_WARNING,0,0,True,False,False,True,,month_boundary
2024-07-01T02:40:00+00:00,2024-07-01T02:40:00+00:00,[],,,2024-07-01T02:30:00+00:00,"[""202407\\01\\NC_H09_20240701_0230_R21_FLDK.06001_06001.nc""]",202407\01\NC_H09_20240701_0230_R21_FLDK.06001_06001.nc,TIME_MISMATCH,2024-07-01T02:20:00+00:00,"[""202407\\01\\NC_H09_20240701_0220_R21_FLDK.06001_06001.nc""]",202407\01\NC_H09_20240701_0220_R21_FLDK.06001_06001.nc,TIME_MISMATCH,2024-07-01T02:10:00+00:00,"[""202407\\01\\NC_H09_20240701_0210_R21_FLDK.06001_06001.nc""]",202407\01\NC_H09_20240701_0210_R21_FLDK.06001_06001.nc,TIME_MISMATCH,2024-07-01T02:00:00+00:00,"[""202407\\01\\NC_H09_20240701_0200_R21_FLDK.06001_06001.nc""]",202407\01\NC_H09_20240701_0200_R21_FLDK.06001_06001.nc,TIME_MISMATCH,2024-07-01T01:50:00+00:00,"[""202407\\01\\NC_H09_20240701_0150_R21_FLDK.06001_06001.nc""]",202407\01\NC_H09_20240701_0150_R21_FLDK.06001_06001.nc,TIME_MISMATCH,False,INCOMPLETE,1,0,True,False,False,False,,incomplete_sequence
2024-07-01T02:50:00+00:00,2024-07-01T02:50:00+00:00,"[""202407\\01\\NC_H09_20240701_0250_R21_FLDK.06001_06001.nc""]",202407\01\NC_H09_20240701_0250_R21_FLDK.06001_06001.nc,TIME_MISMATCH,2024-07-01T02:40:00+00:00,[],,,2024-07-01T02:30:00+00:00,"[""202407\\01\\NC_H09_20240701_0230_R21_FLDK.06001_06001.nc""]",202407\01\NC_H09_20240701_0230_R21_FLDK.06001_06001.nc,TIME_MISMATCH,2024-07-01T02:20:00+00:00,"[""202407\\01\\NC_H09_20240701_0220_R21_FLDK.06001_06001.nc""]",202407\01\NC_H09_20240701_0220_R21_FLDK.06001_06001.nc,TIME_MISMATCH,2024-07-01T02:10:00+00:00,"[""202407\\01\\NC_H09_20240701_0210_R21_FLDK.06001_06001.nc""]",202407\01\NC_H09_20240701_0210_R21_FLDK.06001_06001.nc,TIME_MISMATCH,2024-07-01T02:00:00+00:00,"[""202407\\01\\NC_H09_20240701_0200_R21_FLDK.06001_06001.nc""]",202407\01\NC_H09_20240701_0200_R21_FLDK.06001_06001.nc,TIME_MISMATCH,False,INCOMPLETE,1,0,True,False,False,False,,incomplete_sequence
2024-07-01T03:00:00+00:00,2024-07-01T03:00:00+00:00,"[""202407\\01\\NC_H09_20240701_0300_R21_FLDK.06001_06001.nc""]",202407\01\NC_H09_20240701_0300_R21_FLDK.06001_06001.nc,TIME_MISMATCH,2024-07-01T02:50:00+00:00,"[""202407\\01\\NC_H09_20240701_0250_R21_FLDK.06001_06001.nc""]",202407\01\NC_H09_20240701_0250_R21_FLDK.06001_06001.nc,TIME_MISMATCH,2024-07-01T02:40:00+00:00,[],,,2024-07-01T02:30:00+00:00,"[""202407\\01\\NC_H09_20240701_0230_R21_FLDK.06001_06001.nc""]",202407\01\NC_H09_20240701_0230_R21_FLDK.06001_06001.nc,TIME_MISMATCH,2024-07-01T02:20:00+00:00,"[""202407\\01\\NC_H09_20240701_0220_R21_FLDK.06001_06001.nc""]",202407\01\NC_H09_20240701_0220_R21_FLDK.06001_06001.nc,TIME_MISMATCH,2024-07-01T02:10:00+00:00,"[""202407\\01\\NC_H09_20240701_0210_R21_FLDK.06001_06001.nc""]",202407\01\NC_H09_20240701_0210_R21_FLDK.06001_06001.nc,TIME_MISMATCH,False,INCOMPLETE,1,0,True,False,False,False,,incomplete_sequence
2024-07-02T23:30:00+00:00,2024-07-02T23:30:00+00:00,"[""202407\\02\\NC_H09_20240702_2330_R21_FLDK.06001_06001.nc""]",202407\02\NC_H09_20240702_2330_R21_FLDK.06001_06001.nc,TIME_MISMATCH,2024-07-02T23:20:00+00:00,"[""202407\\02\\NC_H09_20240702_2320_R21_FLDK.06001_06001.nc""]",202407\02\NC_H09_20240702_2320_R21_FLDK.06001_06001.nc,TIME_MISMATCH,2024-07-02T23:10:00+00:00,"[""202407\\02\\NC_H09_20240702_2310_R21_FLDK.06001_06001.nc""]",202407\02\NC_H09_20240702_2310_R21_FLDK.06001_06001.nc,TIME_MISMATCH,2024-07-02T23:00:00+00:00,"[""202407\\02\\NC_H09_20240702_2300_R21_FLDK.06001_06001.nc""]",202407\02\NC_H09_20240702_2300_R21_FLDK.06001_06001.nc,TIME_MISMATCH,2024-07-02T22:50:00+00:00,"[""202407\\02\\NC_H09_20240702_2250_R21_FLDK.06001_06001.nc""]",202407\02\NC_H09_20240702_2250_R21_FLDK.06001_06001.nc,TIME_MISMATCH,2024-07-02T22:40:00+00:00,"[""202407\\02\\NC_H09_20240702_2240_R21_FLDK.06001_06001.nc""]",202407\02\NC_H09_20240702_2240_R21_FLDK.06001_06001.nc,TIME_MISMATCH,True,QUALITY_WARNING,0,0,True,False,False,True,,random_seed_42
2024-07-03T02:20:00+00:00,2024-07-03T02:20:00+00:00,"[""202407\\03\\NC_H09_20240703_0220_R21_FLDK.06001_06001.nc""]",202407\03\NC_H09_20240703_0220_R21_FLDK.06001_06001.nc,TIME_MISMATCH,2024-07-03T02:10:00+00:00,"[""202407\\03\\NC_H09_20240703_0210_R21_FLDK.06001_06001.nc""]",202407\03\NC_H09_20240703_0210_R21_FLDK.06001_06001.nc,TIME_MISMATCH,2024-07-03T02:00:00+00:00,"[""202407\\03\\NC_H09_20240703_0200_R21_FLDK.06001_06001.nc""]",202407\03\NC_H09_20240703_0200_R21_FLDK.06001_06001.nc,TIME_MISMATCH,2024-07-03T01:50:00+00:00,"[""202407\\03\\NC_H09_20240703_0150_R21_FLDK.06001_06001.nc""]",202407\03\NC_H09_20240703_0150_R21_FLDK.06001_06001.nc,TIME_MISMATCH,2024-07-03T01:40:00+00:00,"[""202407\\03\\NC_H09_20240703_0140_R21_FLDK.06001_06001.nc""]",202407\03\NC_H09_20240703_0140_R21_FLDK.06001_06001.nc,TIME_MISMATCH,2024-07-03T01:30:00+00:00,"[""202407\\03\\NC_H09_20240703_0130_R21_FLDK.06001_06001.nc""]",202407\03\NC_H09_20240703_0130_R21_FLDK.06001_06001.nc,TIME_MISMATCH,True,QUALITY_WARNING,0,0,True,False,False,True,,random_seed_42
2024-07-03T15:50:00+00:00,2024-07-03T15:50:00+00:00,"[""202407\\03\\NC_H09_20240703_1550_R21_FLDK.06001_06001.nc""]",202407\03\NC_H09_20240703_1550_R21_FLDK.06001_06001.nc,TIME_MISMATCH,2024-07-03T15:40:00+00:00,"[""202407\\03\\NC_H09_20240703_1540_R21_FLDK.06001_06001.nc""]",202407\03\NC_H09_20240703_1540_R21_FLDK.06001_06001.nc,TIME_MISMATCH,2024-07-03T15:30:00+00:00,"[""202407\\03\\NC_H09_20240703_1530_R21_FLDK.06001_06001.nc""]",202407\03\NC_H09_20240703_1530_R21_FLDK.06001_06001.nc,TIME_MISMATCH,2024-07-03T15:20:00+00:00,"[""202407\\03\\NC_H09_20240703_1520_R21_FLDK.06001_06001.nc""]",202407\03\NC_H09_20240703_1520_R21_FLDK.06001_06001.nc,TIME_MISMATCH,2024-07-03T15:10:00+00:00,"[""202407\\03\\NC_H09_20240703_1510_R21_FLDK.06001_06001.nc""]",202407\03\NC_H09_20240703_1510_R21_FLDK.06001_06001.nc,TIME_MISMATCH,2024-07-03T15:00:00+00:00,"[""202407\\03\\NC_H09_20240703_1500_R21_FLDK.06001_06001.nc""]",202407\03\NC_H09_20240703_1500_R21_FLDK.06001_06001.nc,TIME_MISMATCH,True,QUALITY_WARNING,0,0,True,False,False,True,,random_seed_42
2024-07-03T18:00:00+00:00,2024-07-03T18:00:00+00:00,"[""202407\\03\\NC_H09_20240703_1800_R21_FLDK.06001_06001.nc""]",202407\03\NC_H09_20240703_1800_R21_FLDK.06001_06001.nc,TIME_MISMATCH,2024-07-03T17:50:00+00:00,"[""202407\\03\\NC_H09_20240703_1750_R21_FLDK.06001_06001.nc""]",202407\03\NC_H09_20240703_1750_R21_FLDK.06001_06001.nc,TIME_MISMATCH,2024-07-03T17:40:00+00:00,"[""202407\\03\\NC_H09_20240703_1740_R21_FLDK.06001_06001.nc""]",202407\03\NC_H09_20240703_1740_R21_FLDK.06001_06001.nc,TIME_MISMATCH,2024-07-03T17:30:00+00:00,"[""202407\\03\\NC_H09_20240703_1730_R21_FLDK.06001_06001.nc""]",202407\03\NC_H09_20240703_1730_R21_FLDK.06001_06001.nc,TIME_MISMATCH,2024-07-03T17:20:00+00:00,"[""202407\\03\\NC_H09_20240703_1720_R21_FLDK.06001_06001.nc""]",202407\03\NC_H09_20240703_1720_R21_FLDK.06001_06001.nc,TIME_MISMATCH,2024-07-03T17:10:00+00:00,"[""202407\\03\\NC_H09_20240703_1710_R21_FLDK.06001_06001.nc""]",202407\03\NC_H09_20240703_1710_R21_FLDK.06001_06001.nc,TIME_MISMATCH,True,QUALITY_WARNING,0,0,True,False,False,True,,random_seed_42
2024-07-03T20:20:00+00:00,2024-07-03T20:20:00+00:00,"[""202407\\03\\NC_H09_20240703_2020_R21_FLDK.06001_06001.nc""]",202407\03\NC_H09_20240703_2020_R21_FLDK.06001_06001.nc,TIME_MISMATCH,2024-07-03T20:10:00+00:00,"[""202407\\03\\NC_H09_20240703_2010_R21_FLDK.06001_06001.nc""]",202407\03\NC_H09_20240703_2010_R21_FLDK.06001_06001.nc,TIME_MISMATCH,2024-07-03T20:00:00+00:00,"[""202407\\03\\NC_H09_20240703_2000_R21_FLDK.06001_06001.nc""]",202407\03\NC_H09_20240703_2000_R21_FLDK.06001_06001.nc,TIME_MISMATCH,2024-07-03T19:50:00+00:00,"[""202407\\03\\NC_H09_20240703_1950_R21_FLDK.06001_06001.nc""]",202407\03\NC_H09_20240703_1950_R21_FLDK.06001_06001.nc,TIME_MISMATCH,2024-07-03T19:40:00+00:00,"[""202407\\03\\NC_H09_20240703_1940_R21_FLDK.06001_06001.nc""]",202407\03\NC_H09_20240703_1940_R21_FLDK.06001_06001.nc,TIME_MISMATCH,2024-07-03T19:30:00+00:00,"[""202407\\03\\NC_H09_20240703_1930_R21_FLDK.06001_06001.nc""]",202407\03\NC_H09_20240703_1930_R21_FLDK.06001_06001.nc,TIME_MISMATCH,True,QUALITY_WARNING,0,0,True,False,False,True,,random_seed_42
2024-07-03T21:20:00+00:00,2024-07-03T21:20:00+00:00,"[""202407\\03\\NC_H09_20240703_2120_R21_FLDK.06001_06001.nc""]",202407\03\NC_H09_20240703_2120_R21_FLDK.06001_06001.nc,TIME_MISMATCH,2024-07-03T21:10:00+00:00,"[""202407\\03\\NC_H09_20240703_2110_R21_FLDK.06001_06001.nc""]",202407\03\NC_H09_20240703_2110_R21_FLDK.06001_06001.nc,TIME_MISMATCH,2024-07-03T21:00:00+00:00,"[""202407\\03\\NC_H09_20240703_2100_R21_FLDK.06001_06001.nc""]",202407\03\NC_H09_20240703_2100_R21_FLDK.06001_06001.nc,TIME_MISMATCH,2024-07-03T20:50:00+00:00,"[""202407\\03\\NC_H09_20240703_2050_R21_FLDK.06001_06001.nc""]",202407\03\NC_H09_20240703_2050_R21_FLDK.06001_06001.nc,TIME_MISMATCH,2024-07-03T20:40:00+00:00,"[""202407\\03\\NC_H09_20240703_2040_R21_FLDK.06001_06001.nc""]",202407\03\NC_H09_20240703_2040_R21_FLDK.06001_06001.nc,TIME_MISMATCH,2024-07-03T20:30:00+00:00,"[""202407\\03\\NC_H09_20240703_2030_R21_FLDK.06001_06001.nc""]",202407\03\NC_H09_20240703_2030_R21_FLDK.06001_06001.nc,TIME_MISMATCH,True,QUALITY_WARNING,0,0,True,False,False,True,,random_seed_42
2024-07-04T22:00:00+00:00,2024-07-04T22:00:00+00:00,"[""202407\\04\\NC_H09_20240704_2200_R21_FLDK.06001_06001.nc""]",202407\04\NC_H09_20240704_2200_R21_FLDK.06001_06001.nc,TIME_MISMATCH,2024-07-04T21:50:00+00:00,"[""202407\\04\\NC_H09_20240704_2150_R21_FLDK.06001_06001.nc""]",202407\04\NC_H09_20240704_2150_R21_FLDK.06001_06001.nc,TIME_MISMATCH,2024-07-04T21:40:00+00:00,"[""202407\\04\\NC_H09_20240704_2140_R21_FLDK.06001_06001.nc""]",202407\04\NC_H09_20240704_2140_R21_FLDK.06001_06001.nc,TIME_MISMATCH,2024-07-04T21:30:00+00:00,"[""202407\\04\\NC_H09_20240704_2130_R21_FLDK.06001_06001.nc""]",202407\04\NC_H09_20240704_2130_R21_FLDK.06001_06001.nc,TIME_MISMATCH,2024-07-04T21:20:00+00:00,"[""202407\\04\\NC_H09_20240704_2120_R21_FLDK.06001_06001.nc""]",202407\04\NC_H09_20240704_2120_R21_FLDK.06001_06001.nc,TIME_MISMATCH,2024-07-04T21:10:00+00:00,"[""202407\\04\\NC_H09_20240704_2110_R21_FLDK.06001_06001.nc""]",202407\04\NC_H09_20240704_2110_R21_FLDK.06001_06001.nc,TIME_MISMATCH,True,QUALITY_WARNING,0,0,True,False,False,True,,random_seed_42
2024-07-06T04:20:00+00:00,2024-07-06T04:20:00+00:00,"[""202407\\06\\NC_H09_20240706_0420_R21_FLDK.06001_06001.nc""]",202407\06\NC_H09_20240706_0420_R21_FLDK.06001_06001.nc,TIME_MISMATCH,2024-07-06T04:10:00+00:00,"[""202407\\06\\NC_H09_20240706_0410_R21_FLDK.06001_06001.nc""]",202407\06\NC_H09_20240706_0410_R21_FLDK.06001_06001.nc,TIME_MISMATCH,2024-07-06T04:00:00+00:00,"[""202407\\06\\NC_H09_20240706_0400_R21_FLDK.06001_06001.nc""]",202407\06\NC_H09_20240706_0400_R21_FLDK.06001_06001.nc,TIME_MISMATCH,2024-07-06T03:50:00+00:00,"[""202407\\06\\NC_H09_20240706_0350_R21_FLDK.06001_06001.nc""]",202407\06\NC_H09_20240706_0350_R21_FLDK.06001_06001.nc,TIME_MISMATCH,2024-07-06T03:40:00+00:00,"[""202407\\06\\NC_H09_20240706_0340_R21_FLDK.06001_06001.nc""]",202407\06\NC_H09_20240706_0340_R21_FLDK.06001_06001.nc,TIME_MISMATCH,2024-07-06T03:30:00+00:00,"[""202407\\06\\NC_H09_20240706_0330_R21_FLDK.06001_06001.nc""]",202407\06\NC_H09_20240706_0330_R21_FLDK.06001_06001.nc,TIME_MISMATCH,True,QUALITY_WARNING,0,0,True,False,False,True,,random_seed_42
2024-07-06T16:20:00+00:00,2024-07-06T16:20:00+00:00,"[""202407\\06\\NC_H09_20240706_1620_R21_FLDK.06001_06001.nc""]",202407\06\NC_H09_20240706_1620_R21_FLDK.06001_06001.nc,TIME_MISMATCH,2024-07-06T16:10:00+00:00,"[""202407\\06\\NC_H09_20240706_1610_R21_FLDK.06001_06001.nc""]",202407\06\NC_H09_20240706_1610_R21_FLDK.06001_06001.nc,TIME_MISMATCH,2024-07-06T16:00:00+00:00,"[""202407\\06\\NC_H09_20240706_1600_R21_FLDK.06001_06001.nc""]",202407\06\NC_H09_20240706_1600_R21_FLDK.06001_06001.nc,TIME_MISMATCH,2024-07-06T15:50:00+00:00,"[""202407\\06\\NC_H09_20240706_1550_R21_FLDK.06001_06001.nc""]",202407\06\NC_H09_20240706_1550_R21_FLDK.06001_06001.nc,TIME_MISMATCH,2024-07-06T15:40:00+00:00,"[""202407\\06\\NC_H09_20240706_1540_R21_FLDK.06001_06001.nc""]",202407\06\NC_H09_20240706_1540_R21_FLDK.06001_06001.nc,TIME_MISMATCH,2024-07-06T15:30:00+00:00,"[""202407\\06\\NC_H09_20240706_1530_R21_FLDK.06001_06001.nc""]",202407\06\NC_H09_20240706_1530_R21_FLDK.06001_06001.nc,TIME_MISMATCH,True,QUALITY_WARNING,0,0,True,False,False,True,,random_seed_42
2024-07-07T05:30:00+00:00,2024-07-07T05:30:00+00:00,"[""202407\\07\\NC_H09_20240707_0530_R21_FLDK.06001_06001.nc""]",202407\07\NC_H09_20240707_0530_R21_FLDK.06001_06001.nc,TIME_MISMATCH,2024-07-07T05:20:00+00:00,"[""202407\\07\\NC_H09_20240707_0520_R21_FLDK.06001_06001.nc""]",202407\07\NC_H09_20240707_0520_R21_FLDK.06001_06001.nc,TIME_MISMATCH,2024-07-07T05:10:00+00:00,"[""202407\\07\\NC_H09_20240707_0510_R21_FLDK.06001_06001.nc""]",202407\07\NC_H09_20240707_0510_R21_FLDK.06001_06001.nc,TIME_MISMATCH,2024-07-07T05:00:00+00:00,"[""202407\\07\\NC_H09_20240707_0500_R21_FLDK.06001_06001.nc""]",202407\07\NC_H09_20240707_0500_R21_FLDK.06001_06001.nc,TIME_MISMATCH,2024-07-07T04:50:00+00:00,"[""202407\\07\\NC_H09_20240707_0450_R21_FLDK.06001_06001.nc""]",202407\07\NC_H09_20240707_0450_R21_FLDK.06001_06001.nc,TIME_MISMATCH,2024-07-07T04:40:00+00:00,"[""202407\\07\\NC_H09_20240707_0440_R21_FLDK.06001_06001.nc""]",202407\07\NC_H09_20240707_0440_R21_FLDK.06001_06001.nc,TIME_MISMATCH,True,QUALITY_WARNING,0,0,True,False,False,True,,random_seed_42
2024-07-08T01:30:00+00:00,2024-07-08T01:30:00+00:00,"[""202407\\08\\NC_H09_20240708_0130_R21_FLDK.06001_06001.nc""]",202407\08\NC_H09_20240708_0130_R21_FLDK.06001_06001.nc,TIME_MISMATCH,2024-07-08T01:20:00+00:00,"[""202407\\08\\NC_H09_20240708_0120_R21_FLDK.06001_06001.nc""]",202407\08\NC_H09_20240708_0120_R21_FLDK.06001_06001.nc,TIME_MISMATCH,2024-07-08T01:10:00+00:00,"[""202407\\08\\NC_H09_20240708_0110_R21_FLDK.06001_06001.nc""]",202407\08\NC_H09_20240708_0110_R21_FLDK.06001_06001.nc,TIME_MISMATCH,2024-07-08T01:00:00+00:00,"[""202407\\08\\NC_H09_20240708_0100_R21_FLDK.06001_06001.nc""]",202407\08\NC_H09_20240708_0100_R21_FLDK.06001_06001.nc,TIME_MISMATCH,2024-07-08T00:50:00+00:00,"[""202407\\08\\NC_H09_20240708_0050_R21_FLDK.06001_06001.nc""]",202407\08\NC_H09_20240708_0050_R21_FLDK.06001_06001.nc,TIME_MISMATCH,2024-07-08T00:40:00+00:00,"[""202407\\08\\NC_H09_20240708_0040_R21_FLDK.06001_06001.nc""]",202407\08\NC_H09_20240708_0040_R21_FLDK.06001_06001.nc,TIME_MISMATCH,True,QUALITY_WARNING,0,0,True,False,False,True,,random_seed_42
2024-07-09T13:50:00+00:00,2024-07-09T13:50:00+00:00,"[""202407\\09\\NC_H09_20240709_1350_R21_FLDK.06001_06001.nc""]",202407\09\NC_H09_20240709_1350_R21_FLDK.06001_06001.nc,TIME_MISMATCH,2024-07-09T13:40:00+00:00,"[""202407\\09\\NC_H09_20240709_1340_R21_FLDK.06001_06001.nc""]",202407\09\NC_H09_20240709_1340_R21_FLDK.06001_06001.nc,TIME_MISMATCH,2024-07-09T13:30:00+00:00,"[""202407\\09\\NC_H09_20240709_1330_R21_FLDK.06001_06001.nc""]",202407\09\NC_H09_20240709_1330_R21_FLDK.06001_06001.nc,TIME_MISMATCH,2024-07-09T13:20:00+00:00,"[""202407\\09\\NC_H09_20240709_1320_R21_FLDK.06001_06001.nc""]",202407\09\NC_H09_20240709_1320_R21_FLDK.06001_06001.nc,TIME_MISMATCH,2024-07-09T13:10:00+00:00,"[""202407\\09\\NC_H09_20240709_1310_R21_FLDK.06001_06001.nc""]",202407\09\NC_H09_20240709_1310_R21_FLDK.06001_06001.nc,TIME_MISMATCH,2024-07-09T13:00:00+00:00,"[""202407\\09\\NC_H09_20240709_1300_R21_FLDK.06001_06001.nc""]",202407\09\NC_H09_20240709_1300_R21_FLDK.06001_06001.nc,TIME_MISMATCH,True,QUALITY_WARNING,0,0,True,False,False,True,,random_seed_42
2024-07-12T00:10:00+00:00,2024-07-12T00:10:00+00:00,"[""202407\\12\\NC_H09_20240712_0010_R21_FLDK.06001_06001.nc""]",202407\12\NC_H09_20240712_0010_R21_FLDK.06001_06001.nc,TIME_MISMATCH,2024-07-12T00:00:00+00:00,"[""202407\\12\\NC_H09_20240712_0000_R21_FLDK.06001_06001.nc""]",202407\12\NC_H09_20240712_0000_R21_FLDK.06001_06001.nc,TIME_MISMATCH,2024-07-11T23:50:00+00:00,"[""202407\\11\\NC_H09_20240711_2350_R21_FLDK.06001_06001.nc""]",202407\11\NC_H09_20240711_2350_R21_FLDK.06001_06001.nc,TIME_MISMATCH,2024-07-11T23:40:00+00:00,"[""202407\\11\\NC_H09_20240711_2340_R21_FLDK.06001_06001.nc""]",202407\11\NC_H09_20240711_2340_R21_FLDK.06001_06001.nc,TIME_MISMATCH,2024-07-11T23:30:00+00:00,"[""202407\\11\\NC_H09_20240711_2330_R21_FLDK.06001_06001.nc""]",202407\11\NC_H09_20240711_2330_R21_FLDK.06001_06001.nc,TIME_MISMATCH,2024-07-11T23:20:00+00:00,"[""202407\\11\\NC_H09_20240711_2320_R21_FLDK.06001_06001.nc""]",202407\11\NC_H09_20240711_2320_R21_FLDK.06001_06001.nc,TIME_MISMATCH,True,QUALITY_WARNING,0,0,True,False,False,True,,random_seed_42
2024-07-12T10:40:00+00:00,2024-07-12T10:40:00+00:00,"[""202407\\12\\NC_H09_20240712_1040_R21_FLDK.06001_06001.nc""]",202407\12\NC_H09_20240712_1040_R21_FLDK.06001_06001.nc,TIME_MISMATCH,2024-07-12T10:30:00+00:00,"[""202407\\12\\NC_H09_20240712_1030_R21_FLDK.06001_06001.nc""]",202407\12\NC_H09_20240712_1030_R21_FLDK.06001_06001.nc,TIME_MISMATCH,2024-07-12T10:20:00+00:00,"[""202407\\12\\NC_H09_20240712_1020_R21_FLDK.06001_06001.nc""]",202407\12\NC_H09_20240712_1020_R21_FLDK.06001_06001.nc,TIME_MISMATCH,2024-07-12T10:10:00+00:00,"[""202407\\12\\NC_H09_20240712_1010_R21_FLDK.06001_06001.nc""]",202407\12\NC_H09_20240712_1010_R21_FLDK.06001_06001.nc,TIME_MISMATCH,2024-07-12T10:00:00+00:00,"[""202407\\12\\NC_H09_20240712_1000_R21_FLDK.06001_06001.nc""]",202407\12\NC_H09_20240712_1000_R21_FLDK.06001_06001.nc,TIME_MISMATCH,2024-07-12T09:50:00+00:00,"[""202407\\12\\NC_H09_20240712_0950_R21_FLDK.06001_06001.nc""]",202407\12\NC_H09_20240712_0950_R21_FLDK.06001_06001.nc,TIME_MISMATCH,True,QUALITY_WARNING,0,0,True,False,False,True,,random_seed_42
2024-07-13T10:00:00+00:00,2024-07-13T10:00:00+00:00,"[""202407\\13\\NC_H09_20240713_1000_R21_FLDK.06001_06001.nc""]",202407\13\NC_H09_20240713_1000_R21_FLDK.06001_06001.nc,TIME_MISMATCH,2024-07-13T09:50:00+00:00,"[""202407\\13\\NC_H09_20240713_0950_R21_FLDK.06001_06001.nc""]",202407\13\NC_H09_20240713_0950_R21_FLDK.06001_06001.nc,TIME_MISMATCH,2024-07-13T09:40:00+00:00,"[""202407\\13\\NC_H09_20240713_0940_R21_FLDK.06001_06001.nc""]",202407\13\NC_H09_20240713_0940_R21_FLDK.06001_06001.nc,TIME_MISMATCH,2024-07-13T09:30:00+00:00,"[""202407\\13\\NC_H09_20240713_0930_R21_FLDK.06001_06001.nc""]",202407\13\NC_H09_20240713_0930_R21_FLDK.06001_06001.nc,TIME_MISMATCH,2024-07-13T09:20:00+00:00,"[""202407\\13\\NC_H09_20240713_0920_R21_FLDK.06001_06001.nc""]",202407\13\NC_H09_20240713_0920_R21_FLDK.06001_06001.nc,TIME_MISMATCH,2024-07-13T09:10:00+00:00,"[""202407\\13\\NC_H09_20240713_0910_R21_FLDK.06001_06001.nc""]",202407\13\NC_H09_20240713_0910_R21_FLDK.06001_06001.nc,TIME_MISMATCH,True,QUALITY_WARNING,0,0,True,False,False,True,,random_seed_42
2024-07-14T06:50:00+00:00,2024-07-14T06:50:00+00:00,"[""202407\\14\\NC_H09_20240714_0650_R21_FLDK.06001_06001.nc""]",202407\14\NC_H09_20240714_0650_R21_FLDK.06001_06001.nc,TIME_MISMATCH,2024-07-14T06:40:00+00:00,"[""202407\\14\\NC_H09_20240714_0640_R21_FLDK.06001_06001.nc""]",202407\14\NC_H09_20240714_0640_R21_FLDK.06001_06001.nc,TIME_MISMATCH,2024-07-14T06:30:00+00:00,"[""202407\\14\\NC_H09_20240714_0630_R21_FLDK.06001_06001.nc""]",202407\14\NC_H09_20240714_0630_R21_FLDK.06001_06001.nc,TIME_MISMATCH,2024-07-14T06:20:00+00:00,"[""202407\\14\\NC_H09_20240714_0620_R21_FLDK.06001_06001.nc""]",202407\14\NC_H09_20240714_0620_R21_FLDK.06001_06001.nc,TIME_MISMATCH,2024-07-14T06:10:00+00:00,"[""202407\\14\\NC_H09_20240714_0610_R21_FLDK.06001_06001.nc""]",202407\14\NC_H09_20240714_0610_R21_FLDK.06001_06001.nc,TIME_MISMATCH,2024-07-14T06:00:00+00:00,"[""202407\\14\\NC_H09_20240714_0600_R21_FLDK.06001_06001.nc""]",202407\14\NC_H09_20240714_0600_R21_FLDK.06001_06001.nc,TIME_MISMATCH,True,QUALITY_WARNING,0,0,True,False,False,True,,random_seed_42
2024-07-14T10:40:00+00:00,2024-07-14T10:40:00+00:00,"[""202407\\14\\NC_H09_20240714_1040_R21_FLDK.06001_06001.nc""]",202407\14\NC_H09_20240714_1040_R21_FLDK.06001_06001.nc,TIME_MISMATCH,2024-07-14T10:30:00+00:00,"[""202407\\14\\NC_H09_20240714_1030_R21_FLDK.06001_06001.nc""]",202407\14\NC_H09_20240714_1030_R21_FLDK.06001_06001.nc,TIME_MISMATCH,2024-07-14T10:20:00+00:00,"[""202407\\14\\NC_H09_20240714_1020_R21_FLDK.06001_06001.nc""]",202407\14\NC_H09_20240714_1020_R21_FLDK.06001_06001.nc,TIME_MISMATCH,2024-07-14T10:10:00+00:00,"[""202407\\14\\NC_H09_20240714_1010_R21_FLDK.06001_06001.nc""]",202407\14\NC_H09_20240714_1010_R21_FLDK.06001_06001.nc,TIME_MISMATCH,2024-07-14T10:00:00+00:00,"[""202407\\14\\NC_H09_20240714_1000_R21_FLDK.06001_06001.nc""]",202407\14\NC_H09_20240714_1000_R21_FLDK.06001_06001.nc,TIME_MISMATCH,2024-07-14T09:50:00+00:00,"[""202407\\14\\NC_H09_20240714_0950_R21_FLDK.06001_06001.nc""]",202407\14\NC_H09_20240714_0950_R21_FLDK.06001_06001.nc,TIME_MISMATCH,True,QUALITY_WARNING,0,0,True,False,False,True,,random_seed_42
2024-07-14T16:30:00+00:00,2024-07-14T16:30:00+00:00,"[""202407\\14\\NC_H09_20240714_1630_R21_FLDK.06001_06001.nc""]",202407\14\NC_H09_20240714_1630_R21_FLDK.06001_06001.nc,TIME_MISMATCH,2024-07-14T16:20:00+00:00,"[""202407\\14\\NC_H09_20240714_1620_R21_FLDK.06001_06001.nc""]",202407\14\NC_H09_20240714_1620_R21_FLDK.06001_06001.nc,TIME_MISMATCH,2024-07-14T16:10:00+00:00,"[""202407\\14\\NC_H09_20240714_1610_R21_FLDK.06001_06001.nc""]",202407\14\NC_H09_20240714_1610_R21_FLDK.06001_06001.nc,TIME_MISMATCH,2024-07-14T16:00:00+00:00,"[""202407\\14\\NC_H09_20240714_1600_R21_FLDK.06001_06001.nc""]",202407\14\NC_H09_20240714_1600_R21_FLDK.06001_06001.nc,TIME_MISMATCH,2024-07-14T15:50:00+00:00,"[""202407\\14\\NC_H09_20240714_1550_R21_FLDK.06001_06001.nc""]",202407\14\NC_H09_20240714_1550_R21_FLDK.06001_06001.nc,TIME_MISMATCH,2024-07-14T15:40:00+00:00,"[""202407\\14\\NC_H09_20240714_1540_R21_FLDK.06001_06001.nc""]",202407\14\NC_H09_20240714_1540_R21_FLDK.06001_06001.nc,TIME_MISMATCH,True,QUALITY_WARNING,0,0,True,False,False,True,,random_seed_42
2024-07-14T19:20:00+00:00,2024-07-14T19:20:00+00:00,"[""202407\\14\\NC_H09_20240714_1920_R21_FLDK.06001_06001.nc""]",202407\14\NC_H09_20240714_1920_R21_FLDK.06001_06001.nc,TIME_MISMATCH,2024-07-14T19:10:00+00:00,"[""202407\\14\\NC_H09_20240714_1910_R21_FLDK.06001_06001.nc""]",202407\14\NC_H09_20240714_1910_R21_FLDK.06001_06001.nc,TIME_MISMATCH,2024-07-14T19:00:00+00:00,"[""202407\\14\\NC_H09_20240714_1900_R21_FLDK.06001_06001.nc""]",202407\14\NC_H09_20240714_1900_R21_FLDK.06001_06001.nc,TIME_MISMATCH,2024-07-14T18:50:00+00:00,"[""202407\\14\\NC_H09_20240714_1850_R21_FLDK.06001_06001.nc""]",202407\14\NC_H09_20240714_1850_R21_FLDK.06001_06001.nc,TIME_MISMATCH,2024-07-14T18:40:00+00:00,"[""202407\\14\\NC_H09_20240714_1840_R21_FLDK.06001_06001.nc""]",202407\14\NC_H09_20240714_1840_R21_FLDK.06001_06001.nc,TIME_MISMATCH,2024-07-14T18:30:00+00:00,"[""202407\\14\\NC_H09_20240714_1830_R21_FLDK.06001_06001.nc""]",202407\14\NC_H09_20240714_1830_R21_FLDK.06001_06001.nc,TIME_MISMATCH,True,QUALITY_WARNING,0,0,True,False,False,True,,random_seed_42
2024-07-14T20:30:00+00:00,2024-07-14T20:30:00+00:00,"[""202407\\14\\NC_H09_20240714_2030_R21_FLDK.06001_06001.nc""]",202407\14\NC_H09_20240714_2030_R21_FLDK.06001_06001.nc,TIME_MISMATCH,2024-07-14T20:20:00+00:00,"[""202407\\14\\NC_H09_20240714_2020_R21_FLDK.06001_06001.nc""]",202407\14\NC_H09_20240714_2020_R21_FLDK.06001_06001.nc,TIME_MISMATCH,2024-07-14T20:10:00+00:00,"[""202407\\14\\NC_H09_20240714_2010_R21_FLDK.06001_06001.nc""]",202407\14\NC_H09_20240714_2010_R21_FLDK.06001_06001.nc,TIME_MISMATCH,2024-07-14T20:00:00+00:00,"[""202407\\14\\NC_H09_20240714_2000_R21_FLDK.06001_06001.nc""]",202407\14\NC_H09_20240714_2000_R21_FLDK.06001_06001.nc,TIME_MISMATCH,2024-07-14T19:50:00+00:00,"[""202407\\14\\NC_H09_20240714_1950_R21_FLDK.06001_06001.nc""]",202407\14\NC_H09_20240714_1950_R21_FLDK.06001_06001.nc,TIME_MISMATCH,2024-07-14T19:40:00+00:00,"[""202407\\14\\NC_H09_20240714_1940_R21_FLDK.06001_06001.nc""]",202407\14\NC_H09_20240714_1940_R21_FLDK.06001_06001.nc,TIME_MISMATCH,True,QUALITY_WARNING,0,0,True,False,False,True,,random_seed_42
2024-07-14T21:20:00+00:00,2024-07-14T21:20:00+00:00,"[""202407\\14\\NC_H09_20240714_2120_R21_FLDK.06001_06001.nc""]",202407\14\NC_H09_20240714_2120_R21_FLDK.06001_06001.nc,TIME_MISMATCH,2024-07-14T21:10:00+00:00,"[""202407\\14\\NC_H09_20240714_2110_R21_FLDK.06001_06001.nc""]",202407\14\NC_H09_20240714_2110_R21_FLDK.06001_06001.nc,TIME_MISMATCH,2024-07-14T21:00:00+00:00,"[""202407\\14\\NC_H09_20240714_2100_R21_FLDK.06001_06001.nc""]",202407\14\NC_H09_20240714_2100_R21_FLDK.06001_06001.nc,TIME_MISMATCH,2024-07-14T20:50:00+00:00,"[""202407\\14\\NC_H09_20240714_2050_R21_FLDK.06001_06001.nc""]",202407\14\NC_H09_20240714_2050_R21_FLDK.06001_06001.nc,TIME_MISMATCH,2024-07-14T20:40:00+00:00,"[""202407\\14\\NC_H09_20240714_2040_R21_FLDK.06001_06001.nc""]",202407\14\NC_H09_20240714_2040_R21_FLDK.06001_06001.nc,TIME_MISMATCH,2024-07-14T20:30:00+00:00,"[""202407\\14\\NC_H09_20240714_2030_R21_FLDK.06001_06001.nc""]",202407\14\NC_H09_20240714_2030_R21_FLDK.06001_06001.nc,TIME_MISMATCH,True,QUALITY_WARNING,0,0,True,False,False,True,,random_seed_42
2024-07-16T09:40:00+00:00,2024-07-16T09:40:00+00:00,"[""202407\\16\\NC_H09_20240716_0940_R21_FLDK.06001_06001.nc""]",202407\16\NC_H09_20240716_0940_R21_FLDK.06001_06001.nc,TIME_MISMATCH,2024-07-16T09:30:00+00:00,"[""202407\\16\\NC_H09_20240716_0930_R21_FLDK.06001_06001.nc""]",202407\16\NC_H09_20240716_0930_R21_FLDK.06001_06001.nc,TIME_MISMATCH,2024-07-16T09:20:00+00:00,"[""202407\\16\\NC_H09_20240716_0920_R21_FLDK.06001_06001.nc""]",202407\16\NC_H09_20240716_0920_R21_FLDK.06001_06001.nc,TIME_MISMATCH,2024-07-16T09:10:00+00:00,"[""202407\\16\\NC_H09_20240716_0910_R21_FLDK.06001_06001.nc""]",202407\16\NC_H09_20240716_0910_R21_FLDK.06001_06001.nc,TIME_MISMATCH,2024-07-16T09:00:00+00:00,"[""202407\\16\\NC_H09_20240716_0900_R21_FLDK.06001_06001.nc""]",202407\16\NC_H09_20240716_0900_R21_FLDK.06001_06001.nc,TIME_MISMATCH,2024-07-16T08:50:00+00:00,"[""202407\\16\\NC_H09_20240716_0850_R21_FLDK.06001_06001.nc""]",202407\16\NC_H09_20240716_0850_R21_FLDK.06001_06001.nc,TIME_MISMATCH,True,QUALITY_WARNING,0,0,True,False,False,True,,random_seed_42
2024-07-16T19:00:00+00:00,2024-07-16T19:00:00+00:00,"[""202407\\16\\NC_H09_20240716_1900_R21_FLDK.06001_06001.nc""]",202407\16\NC_H09_20240716_1900_R21_FLDK.06001_06001.nc,TIME_MISMATCH,2024-07-16T18:50:00+00:00,"[""202407\\16\\NC_H09_20240716_1850_R21_FLDK.06001_06001.nc""]",202407\16\NC_H09_20240716_1850_R21_FLDK.06001_06001.nc,TIME_MISMATCH,2024-07-16T18:40:00+00:00,"[""202407\\16\\NC_H09_20240716_1840_R21_FLDK.06001_06001.nc""]",202407\16\NC_H09_20240716_1840_R21_FLDK.06001_06001.nc,TIME_MISMATCH,2024-07-16T18:30:00+00:00,"[""202407\\16\\NC_H09_20240716_1830_R21_FLDK.06001_06001.nc""]",202407\16\NC_H09_20240716_1830_R21_FLDK.06001_06001.nc,TIME_MISMATCH,2024-07-16T18:20:00+00:00,"[""202407\\16\\NC_H09_20240716_1820_R21_FLDK.06001_06001.nc""]",202407\16\NC_H09_20240716_1820_R21_FLDK.06001_06001.nc,TIME_MISMATCH,2024-07-16T18:10:00+00:00,"[""202407\\16\\NC_H09_20240716_1810_R21_FLDK.06001_06001.nc""]",202407\16\NC_H09_20240716_1810_R21_FLDK.06001_06001.nc,TIME_MISMATCH,True,QUALITY_WARNING,0,0,True,False,False,True,,random_seed_42
2024-07-17T04:10:00+00:00,2024-07-17T04:10:00+00:00,"[""202407\\17\\NC_H09_20240717_0410_R21_FLDK.06001_06001.nc""]",202407\17\NC_H09_20240717_0410_R21_FLDK.06001_06001.nc,TIME_MISMATCH,2024-07-17T04:00:00+00:00,"[""202407\\17\\NC_H09_20240717_0400_R21_FLDK.06001_06001.nc""]",202407\17\NC_H09_20240717_0400_R21_FLDK.06001_06001.nc,TIME_MISMATCH,2024-07-17T03:50:00+00:00,"[""202407\\17\\NC_H09_20240717_0350_R21_FLDK.06001_06001.nc""]",202407\17\NC_H09_20240717_0350_R21_FLDK.06001_06001.nc,TIME_MISMATCH,2024-07-17T03:40:00+00:00,"[""202407\\17\\NC_H09_20240717_0340_R21_FLDK.06001_06001.nc""]",202407\17\NC_H09_20240717_0340_R21_FLDK.06001_06001.nc,TIME_MISMATCH,2024-07-17T03:30:00+00:00,"[""202407\\17\\NC_H09_20240717_0330_R21_FLDK.06001_06001.nc""]",202407\17\NC_H09_20240717_0330_R21_FLDK.06001_06001.nc,TIME_MISMATCH,2024-07-17T03:20:00+00:00,"[""202407\\17\\NC_H09_20240717_0320_R21_FLDK.06001_06001.nc""]",202407\17\NC_H09_20240717_0320_R21_FLDK.06001_06001.nc,TIME_MISMATCH,True,QUALITY_WARNING,0,0,True,False,False,True,,random_seed_42
2024-07-17T19:30:00+00:00,2024-07-17T19:30:00+00:00,"[""202407\\17\\NC_H09_20240717_1930_R21_FLDK.06001_06001.nc""]",202407\17\NC_H09_20240717_1930_R21_FLDK.06001_06001.nc,TIME_MISMATCH,2024-07-17T19:20:00+00:00,"[""202407\\17\\NC_H09_20240717_1920_R21_FLDK.06001_06001.nc""]",202407\17\NC_H09_20240717_1920_R21_FLDK.06001_06001.nc,TIME_MISMATCH,2024-07-17T19:10:00+00:00,"[""202407\\17\\NC_H09_20240717_1910_R21_FLDK.06001_06001.nc""]",202407\17\NC_H09_20240717_1910_R21_FLDK.06001_06001.nc,TIME_MISMATCH,2024-07-17T19:00:00+00:00,"[""202407\\17\\NC_H09_20240717_1900_R21_FLDK.06001_06001.nc""]",202407\17\NC_H09_20240717_1900_R21_FLDK.06001_06001.nc,TIME_MISMATCH,2024-07-17T18:50:00+00:00,"[""202407\\17\\NC_H09_20240717_1850_R21_FLDK.06001_06001.nc""]",202407\17\NC_H09_20240717_1850_R21_FLDK.06001_06001.nc,TIME_MISMATCH,2024-07-17T18:40:00+00:00,"[""202407\\17\\NC_H09_20240717_1840_R21_FLDK.06001_06001.nc""]",202407\17\NC_H09_20240717_1840_R21_FLDK.06001_06001.nc,TIME_MISMATCH,True,QUALITY_WARNING,0,0,True,False,False,True,,random_seed_42
2024-07-18T02:00:00+00:00,2024-07-18T02:00:00+00:00,"[""202407\\18\\NC_H09_20240718_0200_R21_FLDK.06001_06001.nc""]",202407\18\NC_H09_20240718_0200_R21_FLDK.06001_06001.nc,TIME_MISMATCH,2024-07-18T01:50:00+00:00,"[""202407\\18\\NC_H09_20240718_0150_R21_FLDK.06001_06001.nc""]",202407\18\NC_H09_20240718_0150_R21_FLDK.06001_06001.nc,TIME_MISMATCH,2024-07-18T01:40:00+00:00,"[""202407\\18\\NC_H09_20240718_0140_R21_FLDK.06001_06001.nc""]",202407\18\NC_H09_20240718_0140_R21_FLDK.06001_06001.nc,TIME_MISMATCH,2024-07-18T01:30:00+00:00,"[""202407\\18\\NC_H09_20240718_0130_R21_FLDK.06001_06001.nc""]",202407\18\NC_H09_20240718_0130_R21_FLDK.06001_06001.nc,TIME_MISMATCH,2024-07-18T01:20:00+00:00,"[""202407\\18\\NC_H09_20240718_0120_R21_FLDK.06001_06001.nc""]",202407\18\NC_H09_20240718_0120_R21_FLDK.06001_06001.nc,TIME_MISMATCH,2024-07-18T01:10:00+00:00,"[""202407\\18\\NC_H09_20240718_0110_R21_FLDK.06001_06001.nc""]",202407\18\NC_H09_20240718_0110_R21_FLDK.06001_06001.nc,TIME_MISMATCH,True,QUALITY_WARNING,0,0,True,False,False,True,,random_seed_42
2024-07-20T13:00:00+00:00,2024-07-20T13:00:00+00:00,"[""202407\\20\\NC_H09_20240720_1300_R21_FLDK.06001_06001.nc""]",202407\20\NC_H09_20240720_1300_R21_FLDK.06001_06001.nc,TIME_MISMATCH,2024-07-20T12:50:00+00:00,"[""202407\\20\\NC_H09_20240720_1250_R21_FLDK.06001_06001.nc""]",202407\20\NC_H09_20240720_1250_R21_FLDK.06001_06001.nc,TIME_MISMATCH,2024-07-20T12:40:00+00:00,"[""202407\\20\\NC_H09_20240720_1240_R21_FLDK.06001_06001.nc""]",202407\20\NC_H09_20240720_1240_R21_FLDK.06001_06001.nc,TIME_MISMATCH,2024-07-20T12:30:00+00:00,"[""202407\\20\\NC_H09_20240720_1230_R21_FLDK.06001_06001.nc""]",202407\20\NC_H09_20240720_1230_R21_FLDK.06001_06001.nc,TIME_MISMATCH,2024-07-20T12:20:00+00:00,"[""202407\\20\\NC_H09_20240720_1220_R21_FLDK.06001_06001.nc""]",202407\20\NC_H09_20240720_1220_R21_FLDK.06001_06001.nc,TIME_MISMATCH,2024-07-20T12:10:00+00:00,"[""202407\\20\\NC_H09_20240720_1210_R21_FLDK.06001_06001.nc""]",202407\20\NC_H09_20240720_1210_R21_FLDK.06001_06001.nc,TIME_MISMATCH,True,QUALITY_WARNING,0,0,True,False,False,True,,random_seed_42
2024-07-20T20:40:00+00:00,2024-07-20T20:40:00+00:00,"[""202407\\20\\NC_H09_20240720_2040_R21_FLDK.06001_06001.nc""]",202407\20\NC_H09_20240720_2040_R21_FLDK.06001_06001.nc,TIME_MISMATCH,2024-07-20T20:30:00+00:00,"[""202407\\20\\NC_H09_20240720_2030_R21_FLDK.06001_06001.nc""]",202407\20\NC_H09_20240720_2030_R21_FLDK.06001_06001.nc,TIME_MISMATCH,2024-07-20T20:20:00+00:00,"[""202407\\20\\NC_H09_20240720_2020_R21_FLDK.06001_06001.nc""]",202407\20\NC_H09_20240720_2020_R21_FLDK.06001_06001.nc,TIME_MISMATCH,2024-07-20T20:10:00+00:00,"[""202407\\20\\NC_H09_20240720_2010_R21_FLDK.06001_06001.nc""]",202407\20\NC_H09_20240720_2010_R21_FLDK.06001_06001.nc,TIME_MISMATCH,2024-07-20T20:00:00+00:00,"[""202407\\20\\NC_H09_20240720_2000_R21_FLDK.06001_06001.nc""]",202407\20\NC_H09_20240720_2000_R21_FLDK.06001_06001.nc,TIME_MISMATCH,2024-07-20T19:50:00+00:00,"[""202407\\20\\NC_H09_20240720_1950_R21_FLDK.06001_06001.nc""]",202407\20\NC_H09_20240720_1950_R21_FLDK.06001_06001.nc,TIME_MISMATCH,True,QUALITY_WARNING,0,0,True,False,False,True,,random_seed_42
2024-07-21T01:20:00+00:00,2024-07-21T01:20:00+00:00,"[""202407\\21\\NC_H09_20240721_0120_R21_FLDK.06001_06001.nc""]",202407\21\NC_H09_20240721_0120_R21_FLDK.06001_06001.nc,TIME_MISMATCH,2024-07-21T01:10:00+00:00,"[""202407\\21\\NC_H09_20240721_0110_R21_FLDK.06001_06001.nc""]",202407\21\NC_H09_20240721_0110_R21_FLDK.06001_06001.nc,TIME_MISMATCH,2024-07-21T01:00:00+00:00,"[""202407\\21\\NC_H09_20240721_0100_R21_FLDK.06001_06001.nc""]",202407\21\NC_H09_20240721_0100_R21_FLDK.06001_06001.nc,TIME_MISMATCH,2024-07-21T00:50:00+00:00,"[""202407\\21\\NC_H09_20240721_0050_R21_FLDK.06001_06001.nc""]",202407\21\NC_H09_20240721_0050_R21_FLDK.06001_06001.nc,TIME_MISMATCH,2024-07-21T00:40:00+00:00,"[""202407\\21\\NC_H09_20240721_0040_R21_FLDK.06001_06001.nc""]",202407\21\NC_H09_20240721_0040_R21_FLDK.06001_06001.nc,TIME_MISMATCH,2024-07-21T00:30:00+00:00,"[""202407\\21\\NC_H09_20240721_0030_R21_FLDK.06001_06001.nc""]",202407\21\NC_H09_20240721_0030_R21_FLDK.06001_06001.nc,TIME_MISMATCH,True,QUALITY_WARNING,0,0,True,False,False,True,,random_seed_42
2024-07-22T01:00:00+00:00,2024-07-22T01:00:00+00:00,"[""202407\\22\\NC_H09_20240722_0100_R21_FLDK.06001_06001.nc""]",202407\22\NC_H09_20240722_0100_R21_FLDK.06001_06001.nc,TIME_MISMATCH,2024-07-22T00:50:00+00:00,"[""202407\\22\\NC_H09_20240722_0050_R21_FLDK.06001_06001.nc""]",202407\22\NC_H09_20240722_0050_R21_FLDK.06001_06001.nc,TIME_MISMATCH,2024-07-22T00:40:00+00:00,"[""202407\\22\\NC_H09_20240722_0040_R21_FLDK.06001_06001.nc""]",202407\22\NC_H09_20240722_0040_R21_FLDK.06001_06001.nc,TIME_MISMATCH,2024-07-22T00:30:00+00:00,"[""202407\\22\\NC_H09_20240722_0030_R21_FLDK.06001_06001.nc""]",202407\22\NC_H09_20240722_0030_R21_FLDK.06001_06001.nc,TIME_MISMATCH,2024-07-22T00:20:00+00:00,"[""202407\\22\\NC_H09_20240722_0020_R21_FLDK.06001_06001.nc""]",202407\22\NC_H09_20240722_0020_R21_FLDK.06001_06001.nc,TIME_MISMATCH,2024-07-22T00:10:00+00:00,"[""202407\\22\\NC_H09_20240722_0010_R21_FLDK.06001_06001.nc""]",202407\22\NC_H09_20240722_0010_R21_FLDK.06001_06001.nc,TIME_MISMATCH,True,QUALITY_WARNING,0,0,True,False,False,True,,random_seed_42
2024-07-22T10:20:00+00:00,2024-07-22T10:20:00+00:00,"[""202407\\22\\NC_H09_20240722_1020_R21_FLDK.06001_06001.nc""]",202407\22\NC_H09_20240722_1020_R21_FLDK.06001_06001.nc,TIME_MISMATCH,2024-07-22T10:10:00+00:00,"[""202407\\22\\NC_H09_20240722_1010_R21_FLDK.06001_06001.nc""]",202407\22\NC_H09_20240722_1010_R21_FLDK.06001_06001.nc,TIME_MISMATCH,2024-07-22T10:00:00+00:00,"[""202407\\22\\NC_H09_20240722_1000_R21_FLDK.06001_06001.nc""]",202407\22\NC_H09_20240722_1000_R21_FLDK.06001_06001.nc,TIME_MISMATCH,2024-07-22T09:50:00+00:00,"[""202407\\22\\NC_H09_20240722_0950_R21_FLDK.06001_06001.nc""]",202407\22\NC_H09_20240722_0950_R21_FLDK.06001_06001.nc,TIME_MISMATCH,2024-07-22T09:40:00+00:00,"[""202407\\22\\NC_H09_20240722_0940_R21_FLDK.06001_06001.nc""]",202407\22\NC_H09_20240722_0940_R21_FLDK.06001_06001.nc,TIME_MISMATCH,2024-07-22T09:30:00+00:00,"[""202407\\22\\NC_H09_20240722_0930_R21_FLDK.06001_06001.nc""]",202407\22\NC_H09_20240722_0930_R21_FLDK.06001_06001.nc,TIME_MISMATCH,True,QUALITY_WARNING,0,0,True,False,False,True,,random_seed_42
2024-07-22T17:30:00+00:00,2024-07-22T17:30:00+00:00,"[""202407\\22\\NC_H09_20240722_1730_R21_FLDK.06001_06001.nc""]",202407\22\NC_H09_20240722_1730_R21_FLDK.06001_06001.nc,TIME_MISMATCH,2024-07-22T17:20:00+00:00,"[""202407\\22\\NC_H09_20240722_1720_R21_FLDK.06001_06001.nc""]",202407\22\NC_H09_20240722_1720_R21_FLDK.06001_06001.nc,TIME_MISMATCH,2024-07-22T17:10:00+00:00,"[""202407\\22\\NC_H09_20240722_1710_R21_FLDK.06001_06001.nc""]",202407\22\NC_H09_20240722_1710_R21_FLDK.06001_06001.nc,TIME_MISMATCH,2024-07-22T17:00:00+00:00,"[""202407\\22\\NC_H09_20240722_1700_R21_FLDK.06001_06001.nc""]",202407\22\NC_H09_20240722_1700_R21_FLDK.06001_06001.nc,TIME_MISMATCH,2024-07-22T16:50:00+00:00,"[""202407\\22\\NC_H09_20240722_1650_R21_FLDK.06001_06001.nc""]",202407\22\NC_H09_20240722_1650_R21_FLDK.06001_06001.nc,TIME_MISMATCH,2024-07-22T16:40:00+00:00,"[""202407\\22\\NC_H09_20240722_1640_R21_FLDK.06001_06001.nc""]",202407\22\NC_H09_20240722_1640_R21_FLDK.06001_06001.nc,TIME_MISMATCH,True,QUALITY_WARNING,0,0,True,False,False,True,,random_seed_42
2024-07-23T02:30:00+00:00,2024-07-23T02:30:00+00:00,"[""202407\\23\\NC_H09_20240723_0230_R21_FLDK.06001_06001.nc""]",202407\23\NC_H09_20240723_0230_R21_FLDK.06001_06001.nc,TIME_MISMATCH,2024-07-23T02:20:00+00:00,"[""202407\\23\\NC_H09_20240723_0220_R21_FLDK.06001_06001.nc""]",202407\23\NC_H09_20240723_0220_R21_FLDK.06001_06001.nc,TIME_MISMATCH,2024-07-23T02:10:00+00:00,"[""202407\\23\\NC_H09_20240723_0210_R21_FLDK.06001_06001.nc""]",202407\23\NC_H09_20240723_0210_R21_FLDK.06001_06001.nc,TIME_MISMATCH,2024-07-23T02:00:00+00:00,"[""202407\\23\\NC_H09_20240723_0200_R21_FLDK.06001_06001.nc""]",202407\23\NC_H09_20240723_0200_R21_FLDK.06001_06001.nc,TIME_MISMATCH,2024-07-23T01:50:00+00:00,"[""202407\\23\\NC_H09_20240723_0150_R21_FLDK.06001_06001.nc""]",202407\23\NC_H09_20240723_0150_R21_FLDK.06001_06001.nc,TIME_MISMATCH,2024-07-23T01:40:00+00:00,"[""202407\\23\\NC_H09_20240723_0140_R21_FLDK.06001_06001.nc""]",202407\23\NC_H09_20240723_0140_R21_FLDK.06001_06001.nc,TIME_MISMATCH,True,QUALITY_WARNING,0,0,True,False,False,True,,random_seed_42
2024-07-23T17:20:00+00:00,2024-07-23T17:20:00+00:00,"[""202407\\23\\NC_H09_20240723_1720_R21_FLDK.06001_06001.nc""]",202407\23\NC_H09_20240723_1720_R21_FLDK.06001_06001.nc,TIME_MISMATCH,2024-07-23T17:10:00+00:00,"[""202407\\23\\NC_H09_20240723_1710_R21_FLDK.06001_06001.nc""]",202407\23\NC_H09_20240723_1710_R21_FLDK.06001_06001.nc,TIME_MISMATCH,2024-07-23T17:00:00+00:00,"[""202407\\23\\NC_H09_20240723_1700_R21_FLDK.06001_06001.nc""]",202407\23\NC_H09_20240723_1700_R21_FLDK.06001_06001.nc,TIME_MISMATCH,2024-07-23T16:50:00+00:00,"[""202407\\23\\NC_H09_20240723_1650_R21_FLDK.06001_06001.nc""]",202407\23\NC_H09_20240723_1650_R21_FLDK.06001_06001.nc,TIME_MISMATCH,2024-07-23T16:40:00+00:00,"[""202407\\23\\NC_H09_20240723_1640_R21_FLDK.06001_06001.nc""]",202407\23\NC_H09_20240723_1640_R21_FLDK.06001_06001.nc,TIME_MISMATCH,2024-07-23T16:30:00+00:00,"[""202407\\23\\NC_H09_20240723_1630_R21_FLDK.06001_06001.nc""]",202407\23\NC_H09_20240723_1630_R21_FLDK.06001_06001.nc,TIME_MISMATCH,True,QUALITY_WARNING,0,0,True,False,False,True,,random_seed_42
2024-07-24T11:20:00+00:00,2024-07-24T11:20:00+00:00,"[""202407\\24\\NC_H09_20240724_1120_R21_FLDK.06001_06001.nc""]",202407\24\NC_H09_20240724_1120_R21_FLDK.06001_06001.nc,TIME_MISMATCH,2024-07-24T11:10:00+00:00,"[""202407\\24\\NC_H09_20240724_1110_R21_FLDK.06001_06001.nc""]",202407\24\NC_H09_20240724_1110_R21_FLDK.06001_06001.nc,TIME_MISMATCH,2024-07-24T11:00:00+00:00,"[""202407\\24\\NC_H09_20240724_1100_R21_FLDK.06001_06001.nc""]",202407\24\NC_H09_20240724_1100_R21_FLDK.06001_06001.nc,TIME_MISMATCH,2024-07-24T10:50:00+00:00,"[""202407\\24\\NC_H09_20240724_1050_R21_FLDK.06001_06001.nc""]",202407\24\NC_H09_20240724_1050_R21_FLDK.06001_06001.nc,TIME_MISMATCH,2024-07-24T10:40:00+00:00,"[""202407\\24\\NC_H09_20240724_1040_R21_FLDK.06001_06001.nc""]",202407\24\NC_H09_20240724_1040_R21_FLDK.06001_06001.nc,TIME_MISMATCH,2024-07-24T10:30:00+00:00,"[""202407\\24\\NC_H09_20240724_1030_R21_FLDK.06001_06001.nc""]",202407\24\NC_H09_20240724_1030_R21_FLDK.06001_06001.nc,TIME_MISMATCH,True,QUALITY_WARNING,0,0,True,False,False,True,,random_seed_42
2024-07-24T12:50:00+00:00,2024-07-24T12:50:00+00:00,"[""202407\\24\\NC_H09_20240724_1250_R21_FLDK.06001_06001.nc""]",202407\24\NC_H09_20240724_1250_R21_FLDK.06001_06001.nc,TIME_MISMATCH,2024-07-24T12:40:00+00:00,"[""202407\\24\\NC_H09_20240724_1240_R21_FLDK.06001_06001.nc""]",202407\24\NC_H09_20240724_1240_R21_FLDK.06001_06001.nc,TIME_MISMATCH,2024-07-24T12:30:00+00:00,"[""202407\\24\\NC_H09_20240724_1230_R21_FLDK.06001_06001.nc""]",202407\24\NC_H09_20240724_1230_R21_FLDK.06001_06001.nc,TIME_MISMATCH,2024-07-24T12:20:00+00:00,"[""202407\\24\\NC_H09_20240724_1220_R21_FLDK.06001_06001.nc""]",202407\24\NC_H09_20240724_1220_R21_FLDK.06001_06001.nc,TIME_MISMATCH,2024-07-24T12:10:00+00:00,"[""202407\\24\\NC_H09_20240724_1210_R21_FLDK.06001_06001.nc""]",202407\24\NC_H09_20240724_1210_R21_FLDK.06001_06001.nc,TIME_MISMATCH,2024-07-24T12:00:00+00:00,"[""202407\\24\\NC_H09_20240724_1200_R21_FLDK.06001_06001.nc""]",202407\24\NC_H09_20240724_1200_R21_FLDK.06001_06001.nc,TIME_MISMATCH,True,QUALITY_WARNING,0,0,True,False,False,True,,random_seed_42
2024-07-24T19:20:00+00:00,2024-07-24T19:20:00+00:00,"[""202407\\24\\NC_H09_20240724_1920_R21_FLDK.06001_06001.nc""]",202407\24\NC_H09_20240724_1920_R21_FLDK.06001_06001.nc,TIME_MISMATCH,2024-07-24T19:10:00+00:00,"[""202407\\24\\NC_H09_20240724_1910_R21_FLDK.06001_06001.nc""]",202407\24\NC_H09_20240724_1910_R21_FLDK.06001_06001.nc,TIME_MISMATCH,2024-07-24T19:00:00+00:00,"[""202407\\24\\NC_H09_20240724_1900_R21_FLDK.06001_06001.nc""]",202407\24\NC_H09_20240724_1900_R21_FLDK.06001_06001.nc,TIME_MISMATCH,2024-07-24T18:50:00+00:00,"[""202407\\24\\NC_H09_20240724_1850_R21_FLDK.06001_06001.nc""]",202407\24\NC_H09_20240724_1850_R21_FLDK.06001_06001.nc,TIME_MISMATCH,2024-07-24T18:40:00+00:00,"[""202407\\24\\NC_H09_20240724_1840_R21_FLDK.06001_06001.nc""]",202407\24\NC_H09_20240724_1840_R21_FLDK.06001_06001.nc,TIME_MISMATCH,2024-07-24T18:30:00+00:00,"[""202407\\24\\NC_H09_20240724_1830_R21_FLDK.06001_06001.nc""]",202407\24\NC_H09_20240724_1830_R21_FLDK.06001_06001.nc,TIME_MISMATCH,True,QUALITY_WARNING,0,0,True,False,False,True,,random_seed_42
2024-07-25T04:20:00+00:00,2024-07-25T04:20:00+00:00,"[""202407\\25\\NC_H09_20240725_0420_R21_FLDK.06001_06001.nc""]",202407\25\NC_H09_20240725_0420_R21_FLDK.06001_06001.nc,TIME_MISMATCH,2024-07-25T04:10:00+00:00,"[""202407\\25\\NC_H09_20240725_0410_R21_FLDK.06001_06001.nc""]",202407\25\NC_H09_20240725_0410_R21_FLDK.06001_06001.nc,TIME_MISMATCH,2024-07-25T04:00:00+00:00,"[""202407\\25\\NC_H09_20240725_0400_R21_FLDK.06001_06001.nc""]",202407\25\NC_H09_20240725_0400_R21_FLDK.06001_06001.nc,TIME_MISMATCH,2024-07-25T03:50:00+00:00,"[""202407\\25\\NC_H09_20240725_0350_R21_FLDK.06001_06001.nc""]",202407\25\NC_H09_20240725_0350_R21_FLDK.06001_06001.nc,TIME_MISMATCH,2024-07-25T03:40:00+00:00,"[""202407\\25\\NC_H09_20240725_0340_R21_FLDK.06001_06001.nc""]",202407\25\NC_H09_20240725_0340_R21_FLDK.06001_06001.nc,TIME_MISMATCH,2024-07-25T03:30:00+00:00,"[""202407\\25\\NC_H09_20240725_0330_R21_FLDK.06001_06001.nc""]",202407\25\NC_H09_20240725_0330_R21_FLDK.06001_06001.nc,TIME_MISMATCH,True,QUALITY_WARNING,0,0,True,False,False,True,,random_seed_42
2024-07-25T05:30:00+00:00,2024-07-25T05:30:00+00:00,"[""202407\\25\\NC_H09_20240725_0530_R21_FLDK.06001_06001.nc""]",202407\25\NC_H09_20240725_0530_R21_FLDK.06001_06001.nc,TIME_MISMATCH,2024-07-25T05:20:00+00:00,"[""202407\\25\\NC_H09_20240725_0520_R21_FLDK.06001_06001.nc""]",202407\25\NC_H09_20240725_0520_R21_FLDK.06001_06001.nc,TIME_MISMATCH,2024-07-25T05:10:00+00:00,"[""202407\\25\\NC_H09_20240725_0510_R21_FLDK.06001_06001.nc""]",202407\25\NC_H09_20240725_0510_R21_FLDK.06001_06001.nc,TIME_MISMATCH,2024-07-25T05:00:00+00:00,"[""202407\\25\\NC_H09_20240725_0500_R21_FLDK.06001_06001.nc""]",202407\25\NC_H09_20240725_0500_R21_FLDK.06001_06001.nc,TIME_MISMATCH,2024-07-25T04:50:00+00:00,"[""202407\\25\\NC_H09_20240725_0450_R21_FLDK.06001_06001.nc""]",202407\25\NC_H09_20240725_0450_R21_FLDK.06001_06001.nc,TIME_MISMATCH,2024-07-25T04:40:00+00:00,"[""202407\\25\\NC_H09_20240725_0440_R21_FLDK.06001_06001.nc""]",202407\25\NC_H09_20240725_0440_R21_FLDK.06001_06001.nc,TIME_MISMATCH,True,QUALITY_WARNING,0,0,True,False,False,True,,random_seed_42
2024-07-25T06:10:00+00:00,2024-07-25T06:10:00+00:00,"[""202407\\25\\NC_H09_20240725_0610_R21_FLDK.06001_06001.nc""]",202407\25\NC_H09_20240725_0610_R21_FLDK.06001_06001.nc,TIME_MISMATCH,2024-07-25T06:00:00+00:00,"[""202407\\25\\NC_H09_20240725_0600_R21_FLDK.06001_06001.nc""]",202407\25\NC_H09_20240725_0600_R21_FLDK.06001_06001.nc,TIME_MISMATCH,2024-07-25T05:50:00+00:00,"[""202407\\25\\NC_H09_20240725_0550_R21_FLDK.06001_06001.nc""]",202407\25\NC_H09_20240725_0550_R21_FLDK.06001_06001.nc,TIME_MISMATCH,2024-07-25T05:40:00+00:00,"[""202407\\25\\NC_H09_20240725_0540_R21_FLDK.06001_06001.nc""]",202407\25\NC_H09_20240725_0540_R21_FLDK.06001_06001.nc,TIME_MISMATCH,2024-07-25T05:30:00+00:00,"[""202407\\25\\NC_H09_20240725_0530_R21_FLDK.06001_06001.nc""]",202407\25\NC_H09_20240725_0530_R21_FLDK.06001_06001.nc,TIME_MISMATCH,2024-07-25T05:20:00+00:00,"[""202407\\25\\NC_H09_20240725_0520_R21_FLDK.06001_06001.nc""]",202407\25\NC_H09_20240725_0520_R21_FLDK.06001_06001.nc,TIME_MISMATCH,True,QUALITY_WARNING,0,0,True,False,False,True,,random_seed_42
2024-07-26T10:10:00+00:00,2024-07-26T10:10:00+00:00,"[""202407\\26\\NC_H09_20240726_1010_R21_FLDK.06001_06001.nc""]",202407\26\NC_H09_20240726_1010_R21_FLDK.06001_06001.nc,TIME_MISMATCH,2024-07-26T10:00:00+00:00,"[""202407\\26\\NC_H09_20240726_1000_R21_FLDK.06001_06001.nc""]",202407\26\NC_H09_20240726_1000_R21_FLDK.06001_06001.nc,TIME_MISMATCH,2024-07-26T09:50:00+00:00,"[""202407\\26\\NC_H09_20240726_0950_R21_FLDK.06001_06001.nc""]",202407\26\NC_H09_20240726_0950_R21_FLDK.06001_06001.nc,TIME_MISMATCH,2024-07-26T09:40:00+00:00,"[""202407\\26\\NC_H09_20240726_0940_R21_FLDK.06001_06001.nc""]",202407\26\NC_H09_20240726_0940_R21_FLDK.06001_06001.nc,TIME_MISMATCH,2024-07-26T09:30:00+00:00,"[""202407\\26\\NC_H09_20240726_0930_R21_FLDK.06001_06001.nc""]",202407\26\NC_H09_20240726_0930_R21_FLDK.06001_06001.nc,TIME_MISMATCH,2024-07-26T09:20:00+00:00,"[""202407\\26\\NC_H09_20240726_0920_R21_FLDK.06001_06001.nc""]",202407\26\NC_H09_20240726_0920_R21_FLDK.06001_06001.nc,TIME_MISMATCH,True,QUALITY_WARNING,0,0,True,False,False,True,,random_seed_42
2024-07-26T15:50:00+00:00,2024-07-26T15:50:00+00:00,"[""202407\\26\\NC_H09_20240726_1550_R21_FLDK.06001_06001.nc""]",202407\26\NC_H09_20240726_1550_R21_FLDK.06001_06001.nc,TIME_MISMATCH,2024-07-26T15:40:00+00:00,"[""202407\\26\\NC_H09_20240726_1540_R21_FLDK.06001_06001.nc""]",202407\26\NC_H09_20240726_1540_R21_FLDK.06001_06001.nc,TIME_MISMATCH,2024-07-26T15:30:00+00:00,"[""202407\\26\\NC_H09_20240726_1530_R21_FLDK.06001_06001.nc""]",202407\26\NC_H09_20240726_1530_R21_FLDK.06001_06001.nc,TIME_MISMATCH,2024-07-26T15:20:00+00:00,"[""202407\\26\\NC_H09_20240726_1520_R21_FLDK.06001_06001.nc""]",202407\26\NC_H09_20240726_1520_R21_FLDK.06001_06001.nc,TIME_MISMATCH,2024-07-26T15:10:00+00:00,"[""202407\\26\\NC_H09_20240726_1510_R21_FLDK.06001_06001.nc""]",202407\26\NC_H09_20240726_1510_R21_FLDK.06001_06001.nc,TIME_MISMATCH,2024-07-26T15:00:00+00:00,"[""202407\\26\\NC_H09_20240726_1500_R21_FLDK.06001_06001.nc""]",202407\26\NC_H09_20240726_1500_R21_FLDK.06001_06001.nc,TIME_MISMATCH,True,QUALITY_WARNING,0,0,True,False,False,True,,random_seed_42
2024-07-26T21:10:00+00:00,2024-07-26T21:10:00+00:00,"[""202407\\26\\NC_H09_20240726_2110_R21_FLDK.06001_06001.nc""]",202407\26\NC_H09_20240726_2110_R21_FLDK.06001_06001.nc,TIME_MISMATCH,2024-07-26T21:00:00+00:00,"[""202407\\26\\NC_H09_20240726_2100_R21_FLDK.06001_06001.nc""]",202407\26\NC_H09_20240726_2100_R21_FLDK.06001_06001.nc,TIME_MISMATCH,2024-07-26T20:50:00+00:00,"[""202407\\26\\NC_H09_20240726_2050_R21_FLDK.06001_06001.nc""]",202407\26\NC_H09_20240726_2050_R21_FLDK.06001_06001.nc,TIME_MISMATCH,2024-07-26T20:40:00+00:00,"[""202407\\26\\NC_H09_20240726_2040_R21_FLDK.06001_06001.nc""]",202407\26\NC_H09_20240726_2040_R21_FLDK.06001_06001.nc,TIME_MISMATCH,2024-07-26T20:30:00+00:00,"[""202407\\26\\NC_H09_20240726_2030_R21_FLDK.06001_06001.nc""]",202407\26\NC_H09_20240726_2030_R21_FLDK.06001_06001.nc,TIME_MISMATCH,2024-07-26T20:20:00+00:00,"[""202407\\26\\NC_H09_20240726_2020_R21_FLDK.06001_06001.nc""]",202407\26\NC_H09_20240726_2020_R21_FLDK.06001_06001.nc,TIME_MISMATCH,True,QUALITY_WARNING,0,0,True,False,False,True,,random_seed_42
2024-07-27T08:50:00+00:00,2024-07-27T08:50:00+00:00,"[""202407\\27\\NC_H09_20240727_0850_R21_FLDK.06001_06001.nc""]",202407\27\NC_H09_20240727_0850_R21_FLDK.06001_06001.nc,TIME_MISMATCH,2024-07-27T08:40:00+00:00,"[""202407\\27\\NC_H09_20240727_0840_R21_FLDK.06001_06001.nc""]",202407\27\NC_H09_20240727_0840_R21_FLDK.06001_06001.nc,TIME_MISMATCH,2024-07-27T08:30:00+00:00,"[""202407\\27\\NC_H09_20240727_0830_R21_FLDK.06001_06001.nc""]",202407\27\NC_H09_20240727_0830_R21_FLDK.06001_06001.nc,TIME_MISMATCH,2024-07-27T08:20:00+00:00,"[""202407\\27\\NC_H09_20240727_0820_R21_FLDK.06001_06001.nc""]",202407\27\NC_H09_20240727_0820_R21_FLDK.06001_06001.nc,TIME_MISMATCH,2024-07-27T08:10:00+00:00,"[""202407\\27\\NC_H09_20240727_0810_R21_FLDK.06001_06001.nc""]",202407\27\NC_H09_20240727_0810_R21_FLDK.06001_06001.nc,TIME_MISMATCH,2024-07-27T08:00:00+00:00,"[""202407\\27\\NC_H09_20240727_0800_R21_FLDK.06001_06001.nc""]",202407\27\NC_H09_20240727_0800_R21_FLDK.06001_06001.nc,TIME_MISMATCH,True,QUALITY_WARNING,0,0,True,False,False,True,,random_seed_42
2024-07-27T13:10:00+00:00,2024-07-27T13:10:00+00:00,"[""202407\\27\\NC_H09_20240727_1310_R21_FLDK.06001_06001.nc""]",202407\27\NC_H09_20240727_1310_R21_FLDK.06001_06001.nc,TIME_MISMATCH,2024-07-27T13:00:00+00:00,"[""202407\\27\\NC_H09_20240727_1300_R21_FLDK.06001_06001.nc""]",202407\27\NC_H09_20240727_1300_R21_FLDK.06001_06001.nc,TIME_MISMATCH,2024-07-27T12:50:00+00:00,"[""202407\\27\\NC_H09_20240727_1250_R21_FLDK.06001_06001.nc""]",202407\27\NC_H09_20240727_1250_R21_FLDK.06001_06001.nc,TIME_MISMATCH,2024-07-27T12:40:00+00:00,"[""202407\\27\\NC_H09_20240727_1240_R21_FLDK.06001_06001.nc""]",202407\27\NC_H09_20240727_1240_R21_FLDK.06001_06001.nc,TIME_MISMATCH,2024-07-27T12:30:00+00:00,"[""202407\\27\\NC_H09_20240727_1230_R21_FLDK.06001_06001.nc""]",202407\27\NC_H09_20240727_1230_R21_FLDK.06001_06001.nc,TIME_MISMATCH,2024-07-27T12:20:00+00:00,"[""202407\\27\\NC_H09_20240727_1220_R21_FLDK.06001_06001.nc""]",202407\27\NC_H09_20240727_1220_R21_FLDK.06001_06001.nc,TIME_MISMATCH,True,QUALITY_WARNING,0,0,True,False,False,True,,random_seed_42
2024-07-28T10:30:00+00:00,2024-07-28T10:30:00+00:00,"[""202407\\28\\NC_H09_20240728_1030_R21_FLDK.06001_06001.nc""]",202407\28\NC_H09_20240728_1030_R21_FLDK.06001_06001.nc,TIME_MISMATCH,2024-07-28T10:20:00+00:00,"[""202407\\28\\NC_H09_20240728_1020_R21_FLDK.06001_06001.nc""]",202407\28\NC_H09_20240728_1020_R21_FLDK.06001_06001.nc,TIME_MISMATCH,2024-07-28T10:10:00+00:00,"[""202407\\28\\NC_H09_20240728_1010_R21_FLDK.06001_06001.nc""]",202407\28\NC_H09_20240728_1010_R21_FLDK.06001_06001.nc,TIME_MISMATCH,2024-07-28T10:00:00+00:00,"[""202407\\28\\NC_H09_20240728_1000_R21_FLDK.06001_06001.nc""]",202407\28\NC_H09_20240728_1000_R21_FLDK.06001_06001.nc,TIME_MISMATCH,2024-07-28T09:50:00+00:00,"[""202407\\28\\NC_H09_20240728_0950_R21_FLDK.06001_06001.nc""]",202407\28\NC_H09_20240728_0950_R21_FLDK.06001_06001.nc,TIME_MISMATCH,2024-07-28T09:40:00+00:00,"[""202407\\28\\NC_H09_20240728_0940_R21_FLDK.06001_06001.nc""]",202407\28\NC_H09_20240728_0940_R21_FLDK.06001_06001.nc,TIME_MISMATCH,True,QUALITY_WARNING,0,0,True,False,False,True,,random_seed_42
2024-07-28T17:00:00+00:00,2024-07-28T17:00:00+00:00,"[""202407\\28\\NC_H09_20240728_1700_R21_FLDK.06001_06001.nc""]",202407\28\NC_H09_20240728_1700_R21_FLDK.06001_06001.nc,TIME_MISMATCH,2024-07-28T16:50:00+00:00,"[""202407\\28\\NC_H09_20240728_1650_R21_FLDK.06001_06001.nc""]",202407\28\NC_H09_20240728_1650_R21_FLDK.06001_06001.nc,TIME_MISMATCH,2024-07-28T16:40:00+00:00,"[""202407\\28\\NC_H09_20240728_1640_R21_FLDK.06001_06001.nc""]",202407\28\NC_H09_20240728_1640_R21_FLDK.06001_06001.nc,TIME_MISMATCH,2024-07-28T16:30:00+00:00,"[""202407\\28\\NC_H09_20240728_1630_R21_FLDK.06001_06001.nc""]",202407\28\NC_H09_20240728_1630_R21_FLDK.06001_06001.nc,TIME_MISMATCH,2024-07-28T16:20:00+00:00,"[""202407\\28\\NC_H09_20240728_1620_R21_FLDK.06001_06001.nc""]",202407\28\NC_H09_20240728_1620_R21_FLDK.06001_06001.nc,TIME_MISMATCH,2024-07-28T16:10:00+00:00,"[""202407\\28\\NC_H09_20240728_1610_R21_FLDK.06001_06001.nc""]",202407\28\NC_H09_20240728_1610_R21_FLDK.06001_06001.nc,TIME_MISMATCH,True,QUALITY_WARNING,0,0,True,False,False,True,,random_seed_42
2024-07-29T13:50:00+00:00,2024-07-29T13:50:00+00:00,"[""202407\\29\\NC_H09_20240729_1350_R21_FLDK.06001_06001.nc""]",202407\29\NC_H09_20240729_1350_R21_FLDK.06001_06001.nc,TIME_MISMATCH,2024-07-29T13:40:00+00:00,"[""202407\\29\\NC_H09_20240729_1340_R21_FLDK.06001_06001.nc""]",202407\29\NC_H09_20240729_1340_R21_FLDK.06001_06001.nc,TIME_MISMATCH,2024-07-29T13:30:00+00:00,"[""202407\\29\\NC_H09_20240729_1330_R21_FLDK.06001_06001.nc""]",202407\29\NC_H09_20240729_1330_R21_FLDK.06001_06001.nc,TIME_MISMATCH,2024-07-29T13:20:00+00:00,"[""202407\\29\\NC_H09_20240729_1320_R21_FLDK.06001_06001.nc""]",202407\29\NC_H09_20240729_1320_R21_FLDK.06001_06001.nc,TIME_MISMATCH,2024-07-29T13:10:00+00:00,"[""202407\\29\\NC_H09_20240729_1310_R21_FLDK.06001_06001.nc""]",202407\29\NC_H09_20240729_1310_R21_FLDK.06001_06001.nc,TIME_MISMATCH,2024-07-29T13:00:00+00:00,"[""202407\\29\\NC_H09_20240729_1300_R21_FLDK.06001_06001.nc""]",202407\29\NC_H09_20240729_1300_R21_FLDK.06001_06001.nc,TIME_MISMATCH,True,QUALITY_WARNING,0,0,True,False,False,True,,random_seed_42
2024-07-30T23:20:00+00:00,2024-07-30T23:20:00+00:00,"[""202407\\30\\NC_H09_20240730_2320_R21_FLDK.06001_06001.nc""]",202407\30\NC_H09_20240730_2320_R21_FLDK.06001_06001.nc,TIME_MISMATCH,2024-07-30T23:10:00+00:00,"[""202407\\30\\NC_H09_20240730_2310_R21_FLDK.06001_06001.nc""]",202407\30\NC_H09_20240730_2310_R21_FLDK.06001_06001.nc,TIME_MISMATCH,2024-07-30T23:00:00+00:00,"[""202407\\30\\NC_H09_20240730_2300_R21_FLDK.06001_06001.nc""]",202407\30\NC_H09_20240730_2300_R21_FLDK.06001_06001.nc,TIME_MISMATCH,2024-07-30T22:50:00+00:00,"[""202407\\30\\NC_H09_20240730_2250_R21_FLDK.06001_06001.nc""]",202407\30\NC_H09_20240730_2250_R21_FLDK.06001_06001.nc,TIME_MISMATCH,2024-07-30T22:40:00+00:00,"[""202407\\30\\NC_H09_20240730_2240_R21_FLDK.06001_06001.nc""]",202407\30\NC_H09_20240730_2240_R21_FLDK.06001_06001.nc,TIME_MISMATCH,2024-07-30T22:30:00+00:00,"[""202407\\30\\NC_H09_20240730_2230_R21_FLDK.06001_06001.nc""]",202407\30\NC_H09_20240730_2230_R21_FLDK.06001_06001.nc,TIME_MISMATCH,True,QUALITY_WARNING,0,0,True,False,False,True,,random_seed_42
2024-07-31T01:40:00+00:00,2024-07-31T01:40:00+00:00,"[""202407\\31\\NC_H09_20240731_0140_R21_FLDK.06001_06001.nc""]",202407\31\NC_H09_20240731_0140_R21_FLDK.06001_06001.nc,TIME_MISMATCH,2024-07-31T01:30:00+00:00,"[""202407\\31\\NC_H09_20240731_0130_R21_FLDK.06001_06001.nc""]",202407\31\NC_H09_20240731_0130_R21_FLDK.06001_06001.nc,TIME_MISMATCH,2024-07-31T01:20:00+00:00,"[""202407\\31\\NC_H09_20240731_0120_R21_FLDK.06001_06001.nc""]",202407\31\NC_H09_20240731_0120_R21_FLDK.06001_06001.nc,TIME_MISMATCH,2024-07-31T01:10:00+00:00,"[""202407\\31\\NC_H09_20240731_0110_R21_FLDK.06001_06001.nc""]",202407\31\NC_H09_20240731_0110_R21_FLDK.06001_06001.nc,TIME_MISMATCH,2024-07-31T01:00:00+00:00,"[""202407\\31\\NC_H09_20240731_0100_R21_FLDK.06001_06001.nc""]",202407\31\NC_H09_20240731_0100_R21_FLDK.06001_06001.nc,TIME_MISMATCH,2024-07-31T00:50:00+00:00,"[""202407\\31\\NC_H09_20240731_0050_R21_FLDK.06001_06001.nc""]",202407\31\NC_H09_20240731_0050_R21_FLDK.06001_06001.nc,TIME_MISMATCH,True,QUALITY_WARNING,0,0,True,False,False,True,,random_seed_42
