relative_path,file_type,description,size_bytes,sha256_if_reasonable
audit_final_status.json,json,Thermo compatibility audit evidence,1364,4cc8c7a853482c00144ffce48393bdcfd0141ea4d4ad3973d20833aeef236585
COMPATIBILITY\assessment_dimensions.csv,csv,Thermo compatibility audit evidence,1349,1a207e2a5a11f90493a199efe7d0262941d4d389518c5668dca2e976c0ba2b82
COMPATIBILITY\assessment_dimensions.parquet,parquet,Thermo compatibility audit evidence,4153,01768743086ea1abae0ab8fed5221a6211a2a84d81e0a9ba8f93f0459875a685
COMPATIBILITY\GFS_THERMO_COMPATIBILITY_ASSESSMENT.md,md,Thermo compatibility audit evidence,2683,49be49e600f64b655b44c43a07b2854db0283a33336e1cb7f8888ec1d4c109bf
COMPATIBILITY\grid_compatibility.csv,csv,Thermo compatibility audit evidence,2760632,f64a7c0309d816a1a46ae89d8d3cd7aa3f1933acaf54c68a076c631a81cc1170
COMPATIBILITY\grid_compatibility.parquet,parquet,Thermo compatibility audit evidence,109480,20328cffb8c0969b273aa75649c87acf23045a456de74f93e824bf26e277f620
COMPATIBILITY\main_thermo_pairing.csv,csv,Thermo compatibility audit evidence,6072403,d6b28fde0859f86bb99602b6aeeffef1deae8f84f131b28cb9ea18ab20c82da9
COMPATIBILITY\main_thermo_pairing.parquet,parquet,Thermo compatibility audit evidence,590956,b09293dcce688b2b0828233b73fa647415ffd0c872f458dcb7160aa5bc82e4c2
COMPATIBILITY\pairing_conflicts.csv,csv,Thermo compatibility audit evidence,3102921,d96b75b323a8a03a95c96c4017a2d9356348fd3c9559630dc1ee7610630e7400
COMPATIBILITY\pairing_conflicts.parquet,parquet,Thermo compatibility audit evidence,284811,ffa7b1684caf21dbbdc5d0f5f992d6d940f7abed9d3646280c314e0f54d090cc
COMPATIBILITY\research_period_missing_thermo_keys.csv,csv,Thermo compatibility audit evidence,37,d783117c96124969d4db55e35faa00e4497473e05b2c05aab18d2528320faaa3
COMPATIBILITY\research_period_missing_thermo_keys.parquet,parquet,Thermo compatibility audit evidence,2262,a6eb8fd287aa4170924314b6d82ce9ed7ebdacac38d6772d4e33d3c388a74712
COMPATIBILITY\research_period_thermo_coverage.csv,csv,Thermo compatibility audit evidence,6389,1acf582013407b13085217699880d0267ef0f7632505648a406064ff96ef462c
COMPATIBILITY\research_period_thermo_coverage.parquet,parquet,Thermo compatibility audit evidence,12631,9cc184a71a557c54ecdfc3c6a0ecfa1bb5e64c134a19191b3a1a6c3140f89fca
COMPATIBILITY\source_lineage_comparison.md,md,Thermo compatibility audit evidence,2073,52f5a30b1bff83653dfbf79cfdd3885b5b08640904554140700a49dc8c948c98
COMPATIBILITY\source_lineage_fields.csv,csv,Thermo compatibility audit evidence,42509658,7e1b60586c7280a7c61c9614f6d1e2a32f6025bf40df5eac26264eb2168d0338
COMPATIBILITY\source_lineage_fields.parquet,parquet,Thermo compatibility audit evidence,3220291,a5db1c9d398795f0c16b1f89d2deb9cbb8c0e337ed62ef643e14dfe3bfce0eb5
COMPATIBILITY\unit_pressure_compatibility.csv,csv,Thermo compatibility audit evidence,344,0bc48b793633b5d958620a903a982a3e81d319323ef941b3ca3ad46be2c4c3cf
COMPATIBILITY\unit_pressure_compatibility.parquet,parquet,Thermo compatibility audit evidence,3862,ad8417cd7b68fddd46d9936cb58511d5228a98dc96e24b67298c7d814e78021d
FINAL_GFS_THERMO_COMPATIBILITY_REPORT.md,md,Thermo compatibility audit evidence,8211,ec8669b849b621b00433d9460ae6f144e395e84587c9e364fbaa5cfc533ea0d8
logs\audit_run.log,log,Thermo compatibility audit evidence,2394,b39247bb717d9656a6a4d5d64e41c55354d04e3e56c29488ac300749f498fe28
logs\baseline_selection.json,json,Thermo compatibility audit evidence,733,486b41c612d87d6722866290e9abd969ad62573d6f6f6307a8759f69c10b8d84
logs\code_sha256.csv,csv,Thermo compatibility audit evidence,1395,e103ed92c4120dc49ffa66cc6dd4ae620e01db70c02b2085471aa44f4075dfa4
logs\code_sha256.parquet,parquet,Thermo compatibility audit evidence,3280,26133c49a2a0f2175a848cdb9cd46896185202165869a4b5955bd6636030a135
logs\configuration.json,json,Thermo compatibility audit evidence,317,5d28b4b8f40ab71cbbfebf55b47f1e66f60823532934ff57805786a1591ddaee
logs\csv_parquet_schema.json,json,Thermo compatibility audit evidence,387,40b8f1070d881e9a4b98a2ce8c601445af21e8a3b79788a09282ea7ed23783b4
logs\delivery_validation.csv,csv,Thermo compatibility audit evidence,2271,4b5a0abc01b89179921a709c56397ca7c2b820b8b7c11b3e0605d99ca3b8a927
logs\delivery_validation.json,json,Thermo compatibility audit evidence,162,bee5202cb26b01e47069d5784bb9b27d357863ae4b2e7c551a59c03002786340
logs\delivery_validation.parquet,parquet,Thermo compatibility audit evidence,3349,6c909cc91fa14b74b5bbeccdd9c38a809d8a686b95734bd1512cdc6eb34a8558
logs\dependency_change_record.json,json,Thermo compatibility audit evidence,108,cef45bed8470de5d5865cb4a3626da11f83842784dbc5caf60bcab12f1052253
logs\environment_after.json,json,Thermo compatibility audit evidence,1027,8219dea817138d075a63acf534889016bf7a51c8d5d0f2f0764238464abe6b70
logs\environment_before.json,json,Thermo compatibility audit evidence,1398,f3b3d3c0757b8cc1747de06cf0d2be0a55bac590d2e42adb85f7e2c0da8ab14b
logs\initialization_recovery.json,json,Thermo compatibility audit evidence,165,792085ac840250a20a3b9f4a99007047a387d62957d7cec1ffd3046134053f42
logs\main_grid_reference.json,json,Thermo compatibility audit evidence,1085,2854f2714083b0fa4134c38e52686618ce8ff00598f915691c68d6ee41dd3e1e
logs\main_sample_strata.json,json,Thermo compatibility audit evidence,818,1dd7eeaef6a6ba2c8e881aeb82f150bbfb4e018b4dd049438215516a7ce16a5b
logs\main_samples_after.csv,csv,Thermo compatibility audit evidence,1913,2539622ddce81678931d27e3b59a69addc28177ab654f1963681fe5265d548d9
logs\main_samples_after.parquet,parquet,Thermo compatibility audit evidence,5990,1739e8e3457d9ee5c9c2e39c04a633ad9354bfa8a9c28e6fcdfec62f87753a60
logs\main_samples_before.csv,csv,Thermo compatibility audit evidence,1260,7915254a9f07b05e4d98d0e0045976f0b71267bedf61af9be9a1eb8cf29d70d3
logs\main_samples_before.parquet,parquet,Thermo compatibility audit evidence,4146,1c96d5d994b1a2791afda02ad8945adbc81d74a19cb19decbfd43f85fa15ae5c
logs\main_targeted_samples.json,json,Thermo compatibility audit evidence,1186,11c9f41ff7c00f7c5995954a5caa6700de6dd5c3d3746501042415073988bdee
logs\main_thermo_pairing_initial_nullable_roundtrip.parquet,parquet,Thermo compatibility audit evidence,590952,6c03347c848857156499b18138d528f2614ed6746d091b32689382ab0ef07482
logs\pairing_summary.json,json,Thermo compatibility audit evidence,578,0198d444970f132d7cad3c556130cffeda126d3cc8003931246a9300f2547dd6
logs\parquet_final_summary.json,json,Thermo compatibility audit evidence,239,bf441958051dc052b1053262a4304071662eb52cc9d525d73b3c8c0555634264
logs\parquet_final_validation.csv,csv,Thermo compatibility audit evidence,1393,e1c3b26797554803fd81c43ec222bd090be771ded4f154d59ea9676b417ff89f
logs\parquet_final_validation.parquet,parquet,Thermo compatibility audit evidence,3025,1d94d9fa2437ca0a74b5a635f85de5d9e2d93e5a175314bbaaf3f7698d79913c
logs\parquet_summary.json,json,Thermo compatibility audit evidence,2045,5e2e771979b42f46d0b52ef37145db34ad81caf74157d80aabd9b2b64d5f69ea
logs\parquet_validation.csv,csv,Thermo compatibility audit evidence,4635,6091e5fd38b27c1676b5bd4aa971842c2e7144f618fca35218b3c03ed4ef6a8c
logs\parquet_validation.parquet,parquet,Thermo compatibility audit evidence,13077,5a29f2fce0bd6b7163c69dff435cd03e9026fb04438285ed1f03855aac7c94b9
logs\pytest_execution.json,json,Thermo compatibility audit evidence,492,6be2390ae0f541025488c836d5ea83262fbed6342d973c1bbb344efc840316a2
logs\pytest_schema_fix_execution.json,json,Thermo compatibility audit evidence,557,66837dc4e6653ec898d058125954459ce1c1411cd09cf24b750ed6090eca8712
logs\reused_baseline_hashes_after.json,json,Thermo compatibility audit evidence,8001,95bdd2ac1cf0c7ff2b656e402a90cb7848b59aee811f081ee583c08149479308
logs\reused_baseline_hashes_before.json,json,Thermo compatibility audit evidence,5879,3f52a42634a8fb996a919e162dd479d2dfb6c8e9ba0b3a41e7e98b57e19f146e
logs\staging_io.csv,csv,Thermo compatibility audit evidence,3722287,a0c49217db3b74d00d3c8ca30cc2655934a605a49a19dc460aa970ae11be4ece
logs\staging_io.jsonl,jsonl,Thermo compatibility audit evidence,6135911,0276b1a53cffb301214a4008f6db3b6488bb62c86f50ef4e6e126ccf93475e40
logs\staging_io.parquet,parquet,Thermo compatibility audit evidence,853819,c0daaa334b7acbb1714d583d328472e0e8aef4fef8ff42afd2c352d6f611437f
logs\staging_summary.json,json,Thermo compatibility audit evidence,370,d25bad1249ff52ff6f878ed90073f7747c076db86d715b161fa4b36b8a86d6a6
logs\thermo_execution.json,json,Thermo compatibility audit evidence,154,a221fd99c12e72bdcf9e7ed01c95d99325987c9a93d8c7342e2c968bcaacbc36
logs\thermo_integrity_after.csv,csv,Thermo compatibility audit evidence,1386794,ed6b828bd2c15f9c4ba0157f41d76ffe833644b7c70592db9cfa41fd2d9fc196
logs\thermo_integrity_after.parquet,parquet,Thermo compatibility audit evidence,422727,8024918cea89c853898a0938aac32dc4f8b1ac0a39edbf4ba31a39bac4db087a
logs\thermo_manifest_before.csv,csv,Thermo compatibility audit evidence,984998,9d6bfda015fc5e13c037be75ce028d19dd136b4b10635ffa296938e9d0d9d935
logs\thermo_manifest_before.parquet,parquet,Thermo compatibility audit evidence,262838,65ff095040b2cafb36250dfd87b9046e615376e286df89ae457c32cc3e4c3e37
logs\thermo_sample_hashes_after.csv,csv,Thermo compatibility audit evidence,1193,7524ef2e7001794d2fc88971e96621d8751a6721f7f72570c16070d2eb742bec
logs\thermo_sample_hashes_after.parquet,parquet,Thermo compatibility audit evidence,4411,9a7758d555d71e91effad4b3e086973f7b1b66cb0c0ed313d9b14338a8e537e6
logs\thermo_source_sample_hashes_before.csv,csv,Thermo compatibility audit evidence,820,db7f0ad0b1a1ede3a60ddabe1f4776749d274b1894c7961b74bf6ea88dd2f4d3
logs\thermo_source_sample_hashes_before.parquet,parquet,Thermo compatibility audit evidence,2845,dbfb7c262f1471da66b359748cf1bbb4ca5dc4227e9655713baea30a191dd7c4
logs\thermo_structure_probes.json,json,Thermo compatibility audit evidence,19500,4b9870639c0c337e27da95e5543110c6d7fbf52b7721869087ca180c8680afdb
logs\thermo_summary.json,json,Thermo compatibility audit evidence,1014,f2722b2b14d37e12e1b4303d0095c7433b738ad5bf4a4a761295d15e0e9e76c9
README.md,md,Thermo compatibility audit evidence,2673,1b814518b46bf78f8d7a9b93f66072f96381c9d09f28a4eb626857a397445dca
RESEARCHER_DECISIONS_REQUIRED.md,md,Thermo compatibility audit evidence,995,c53d26aad6cfff72b30a4d34d8a110739bca7e1d1f9bf24a9c4e328e06dc9d50
schemas\gfs_main_thermo_pair_schema.md,md,Thermo compatibility audit evidence,2154,5bab7d1d28acb9d990f8af157595e70821f2bf61aacb4fd9b14c6784f5121fcf
src\audit_thermo.py,py,Thermo compatibility audit evidence,12159,cb73f99654747ce9ac8122359aea804dfc805dbbb1ee2a77851d0c169618f428
src\common.py,py,Thermo compatibility audit evidence,6223,b80a01219bb2fea3a6051de242a05e3c7da8938d338bf583ca4d5d6fc74d252f
src\compat_rules.py,py,Thermo compatibility audit evidence,4046,93c304c933225727928c13605e00e61711ee943fc5e5f5a982edf234de7102ac
src\config.py,py,Thermo compatibility audit evidence,673,79bbfdef8f5f8d7a5ae61d10a1b0f13ac799c92cbbb742d0ef560a4e5ac02382
src\final_checks.py,py,Thermo compatibility audit evidence,2415,3ea186da7aad77fb6ba5d7335e5bda7f909589522efb799cbeb968fc7d84253c
src\lineage_integrity.py,py,Thermo compatibility audit evidence,8802,cee544839a1c692fec463b81c12c9fd9bf51ee2b245433cf38de6a4d1d732d2b
src\main_samples.py,py,Thermo compatibility audit evidence,2432,20b4912a4db143d1439371969fcea943515ed9c0dbf836242b09a06659934c12
src\pairing_audit.py,py,Thermo compatibility audit evidence,10313,0bebde86be7ef9e5ed4af259ba4e8335d996e402b98f5c4524aaba30a7a98514
src\recover_finalize.py,py,Thermo compatibility audit evidence,2044,70f392b6667c41cc586b0d233eb85e8902b9795bbd9189462e489e9a0efbb378
src\rules.py,py,Thermo compatibility audit evidence,4163,2cae4d81a567314670d6db1e8e9992efa644e3aa1d62f17f287e4ceb8466fbd4
src\table_schema.py,py,Thermo compatibility audit evidence,400,8a4c8733d7b52f912ef5c96d584358faa1fe16bce138f4cd9924be10fcab9973
src\time_audit.py,py,Thermo compatibility audit evidence,5189,0d57bbdda38f2ec5eba28b49ca988d7e6e5e12ca4c4f7003a3d152cead4a1947
src\unit_pressure_audit.py,py,Thermo compatibility audit evidence,1175,f6a4248f6c5a61a55c68eb58bf8a27dc53676816e509be3c90f06d95e8d23d33
src\validate_delivery.py,py,Thermo compatibility audit evidence,9473,64fe6ba8d880b3b04af27ff27c2aebb5b19d91a69c163b2b4c1f962058f478f2
src\write_reports.py,py,Thermo compatibility audit evidence,23469,460a4919cf5712c002c293af0d6a07e0d1048be98ecc339088c89a56246c5076
tests\pytest_before_schema_fix.xml,xml,Thermo compatibility audit evidence,3524,b6fd68896dc2a8a1760c949f5b6379f118aabf669e218d9021341bbe7008a39c
tests\pytest_before_schema_fix_output.txt,txt,Thermo compatibility audit evidence,103,7845c0d8ffdb20e4cb1584540970b6001c08be7999192bb96649bc5b7395dcfd
tests\pytest_final.xml,xml,Thermo compatibility audit evidence,3623,1fe65372749da5c6d67429270489f11cdec6b96aacda291018854015600f7624
tests\pytest_final_output.txt,txt,Thermo compatibility audit evidence,103,17767bd7402d9a2245ba6499951424f37b2c10dfde0736eee93e71a8d42ae4f2
tests\pytest_initial.xml,xml,Thermo compatibility audit evidence,3524,d245d6c3880e0e96d0cf11cec31fce44ae928c61626d313865f970fe4048fee5
tests\test_thermo.py,py,Thermo compatibility audit evidence,6459,50dafad2091a7bf7f3ba0120f51d842db1e5706fd8c57cb4a70bb32792f8ad6e
THERMO\gfs_thermo_file_structure_audit.csv,csv,Thermo compatibility audit evidence,47917046,d04c39c82329f6c7f4d3d4cab0f26aa4e36ecf2f55ada844f75538b540629ae8
THERMO\gfs_thermo_file_structure_audit.parquet,parquet,Thermo compatibility audit evidence,1965244,6ca92b29cfe5ecec0469926c384d9185ca347044c0718be01203105ab7a84cb0
THERMO\gfs_thermo_forbidden_precip_variables_detected.csv,csv,Thermo compatibility audit evidence,79,493f36d7512b96e23930ec1fbe3974cd913c118b2bd259e276f868bd6bf16b9b
THERMO\gfs_thermo_forbidden_precip_variables_detected.parquet,parquet,Thermo compatibility audit evidence,3274,4e4b9656e96c792660708de666f0bd92e9106c0e32d510c480636a70ed6ccaf1
THERMO\gfs_thermo_grid_audit.csv,csv,Thermo compatibility audit evidence,8346640,6f0b2a88e967ca9a81d79559c9ccdf15f45003c7c64bbfdb0c2b24e18a7632a4
THERMO\gfs_thermo_grid_audit.parquet,parquet,Thermo compatibility audit evidence,225881,170552786a7acdd903dce37726ba23c330f7244efc49412fca630a31de7ed0e6
THERMO\gfs_thermo_inventory.csv,csv,Thermo compatibility audit evidence,3514922,deac483c9f3ab40280abdb3f8dad0b490bb9bddfd457fa5d6779aced56369851
THERMO\gfs_thermo_inventory.parquet,parquet,Thermo compatibility audit evidence,1367743,b7db845b0c9f0b72947fd483feaf05e7191b3b40a3cb14e537cb3dddb9dc3a2b
THERMO\gfs_thermo_inventory_summary.md,md,Thermo compatibility audit evidence,2766,eb7af58be817976d56b2dd242f94e8c717a96f0aebef819c7c3221ef7c77191f
THERMO\gfs_thermo_month_inventory.csv,csv,Thermo compatibility audit evidence,1278,003e089e044ad3802359ecd4afcce49bd3ce4bb455aab0020bd6df0b7920507e
THERMO\gfs_thermo_month_inventory.parquet,parquet,Thermo compatibility audit evidence,3339,62dda099cf34c08a1cfbf52bad56c13e7f504b4cc5aec77f5429bbb57d6e33ce
THERMO\gfs_thermo_read_errors.csv,csv,Thermo compatibility audit evidence,35,5796c120cd68bf4641c4b6d157a0c50ee8d365d375709e93e92e856c108c7661
THERMO\gfs_thermo_read_errors.parquet,parquet,Thermo compatibility audit evidence,1916,97eda77ce45b7da0755f33d72d174484d3590d1ba7587e212edcd641a0c65828
THERMO\gfs_thermo_structure_versions.csv,csv,Thermo compatibility audit evidence,162,1cfd76f20e50a805a66b73a3c2a9bd74f52ba29f03df7bac6ad47ca5fc2136ed
THERMO\gfs_thermo_structure_versions.parquet,parquet,Thermo compatibility audit evidence,2833,b8cff7233bbcfe8e097c5c71f9a2a5e96b439484c0e023c43c838af9e0100d13
THERMO\gfs_thermo_time_semantics_audit.csv,csv,Thermo compatibility audit evidence,19093978,de123138fdf8d0cc9af95da9e1b332f1638eacc881f42a22570de57b61d0576f
THERMO\gfs_thermo_time_semantics_audit.parquet,parquet,Thermo compatibility audit evidence,1413422,698424943792425390d57fcf3c06be3207e9698b3d88d1994152fcc1e409562f
THERMO\gfs_thermo_variable_coverage.csv,csv,Thermo compatibility audit evidence,441,de439f656e2e0cc989819be4cbb0daf7d9fb2eca66ae703abeb6afe16e7a8379
THERMO\gfs_thermo_variable_coverage.parquet,parquet,Thermo compatibility audit evidence,3800,164fb047e8e753789b1aa997dc9ee79f1d88e817151ad3b28b3150ef997339e5
THERMO\gfs_thermo_variable_mapping.csv,csv,Thermo compatibility audit evidence,1660,1b98cf4c9a64bdca0efa8532d58c8259999cfcbe07d1c1e600a692b23ac59ffb
THERMO\gfs_thermo_variable_mapping.parquet,parquet,Thermo compatibility audit evidence,13915,3f8ec241e552ca31fe7424d6897edb61324b02995540935cf2a34aaecb274c0c
THERMO\gfs_thermo_variable_presence.csv,csv,Thermo compatibility audit evidence,1425727,2de535a5f286d57710154401cab68d85f790d4967badc1a470b0e3359f0d64a5
THERMO\gfs_thermo_variable_presence.parquet,parquet,Thermo compatibility audit evidence,108667,840aa2be3c9de5520a9f1cc633eb0389580d292fe629878ea7728f6887cce106
THERMO\global_metadata_patterns.jsonl,jsonl,Thermo compatibility audit evidence,10764220,b8a26861116fb9bd7639fdff65b5229fb1dc5a2e5b3cb9859a50501ec1b475f9
TIME_LINEAGE\auxiliary_time_conflict_classification.csv,csv,Thermo compatibility audit evidence,26878673,53ab143399a3e14dac27ddd915c31ab49a715ffa448187df33ba9d4b141d0717
TIME_LINEAGE\auxiliary_time_conflict_classification.parquet,parquet,Thermo compatibility audit evidence,1642357,b45559c250429af290beb07b5d51761acc277d5650c83bb14e3b1f498ef2d5cc
TIME_LINEAGE\AUXILIARY_TIME_CONFLICT_REPORT.md,md,Thermo compatibility audit evidence,1919,bdc3afa3515041b62b77d2b95df8e22e2df3494dbf4aada35f662cd9ac89e79c
TIME_LINEAGE\classification_summary.json,json,Thermo compatibility audit evidence,340,d9533e0845f4831f973335eb127755fb123a0c9ba986f58de842f2384be7224f
TIME_LINEAGE\main_targeted_raw_metadata.json,json,Thermo compatibility audit evidence,106837,834699def4359860e8fb67c7c76e3fb645deee785c72e9793d34dc1341f27df8
TIME_LINEAGE\main_targeted_verification.csv,csv,Thermo compatibility audit evidence,728,0562ebfb253394314678b41af25c709b6147bb38e850dbcb3ad6cddc60430daa
TIME_LINEAGE\main_targeted_verification.parquet,parquet,Thermo compatibility audit evidence,4205,37fce91eb8f874ef9540fd98c8e7d15e15ec37cb713ab3fee932ff65dcfedc69
