relative_path,size_bytes,mtime_ns,sha256
2019\20190101\gfs_0p25_2019010100_f000.nc,261718,1788232421453887900,4124190ea18766e08b420f7bf18886ab1928923933ed47fe7acef9ff9c20409d
2021\20210101\gfs_0p25_2021010100_f000.nc,258380,1788309184355392000,50b4e07c3a75b160ce6a499e54d2358609a67f4fff9ba9df913742805255b732
2021\20210226\gfs_0p25_2021022600_f003.nc,285000,1784626402341940000,c53e3a7e4b488265fa412664b25108262c398d468ea310f782ea7b5b71955907
2023\20230101\gfs_0p25_2023010100_f000.nc,273308,1784988793057956100,0bf6633bbbeefb473cddbb8bdd2629236be8c4bef74c44f9efabe1055b801dda
2023\20230101\gfs_0p25_2023010100_f003.nc,288601,1784988794536338800,e18220f831f3fe9e2117d4a1d9e85c3880327725b813cd37985b5fdc337810bb
2023\20231101\gfs_0p25_2023110100_f000.nc,275563,1785051237218651600,dd78b8a8027b57007bb7abfc7db8bbc9ea0a04f614aeeefb5c73efd56ffe7153
2024\20240826\gfs_0p25_2024082606_f006.nc,239162,1790271814315656300,a5bc54e09612e583406c6733e5a48d04ded03d6b651bc01609fd557ec13e4210
2024\20240101\gfs_0p25_2024010100_f000.nc,276715,1787486444463452600,4dce86641c73c460c297f0af22cfd44cf35aa3055eeb8b136f3b08492dcfd446
2025\20250101\gfs_0p25_2025010100_f000.nc,275158,1787586783791526700,6487db287c8b87e154bd004f7467b39e0af504ba1a92bf1d5d913cdae86df1e1
