month,expected_nominal_slots,available_b13,readable_b13,missing,corrupt_or_unreadable,all_fill,partial,fully_valid,metadata_time_invalid,causal_usable_at_containing_window_end,duplicate_nominal,duplicate_files_count,unexpected_filename_count,source_file_count,valid_fraction_min,valid_fraction_max
202303,4464,4383,4383,81,0,5,11,4367,0,4378,0,0,0,4383,0.0,1.0
202304,4320,4241,4241,79,0,4,15,4222,0,4237,0,0,0,4241,0.0,1.0
202305,4464,4384,4384,80,0,0,0,4384,0,4384,0,0,0,4384,1.0,1.0
202306,4320,4242,4242,78,0,0,0,4242,0,4242,0,0,0,4242,1.0,1.0
202307,4464,4383,4382,81,1,0,0,4382,0,4382,0,0,0,4383,1.0,1.0
202308,4464,4385,4385,79,0,0,0,4385,0,4385,0,0,0,4385,1.0,1.0
202309,4320,4242,4242,78,0,9,19,4214,0,4233,0,0,0,4242,0.0,1.0
202310,4464,4385,4385,79,0,0,0,4385,0,4385,0,0,0,4385,1.0,1.0
202403,4464,4387,4387,77,0,6,11,4370,0,4381,0,0,0,4387,0.0,1.0
202404,4320,4243,4243,77,0,3,12,4228,0,4240,0,0,0,4243,0.0,1.0
202405,4464,4384,4384,80,0,0,0,4384,0,4384,0,0,0,4384,1.0,1.0
202406,4320,4246,4246,74,0,0,0,4246,0,4246,0,0,0,4246,1.0,1.0
202407,4464,4390,4390,74,0,0,0,4390,0,4390,0,0,0,4390,1.0,1.0
202408,4464,4387,4387,77,0,0,0,4387,0,4387,0,0,0,4387,1.0,1.0
202409,4320,4246,4246,74,0,8,20,4218,0,4238,0,0,0,4246,0.0,1.0
202410,4464,4385,4385,79,0,0,0,4385,0,4385,0,0,0,4385,1.0,1.0
