package,import_success,version,error
numpy,True,2.5.3,
xarray,True,2026.7.0,
netCDF4,True,1.7.4,
h5netcdf,True,1.8.1,
h5py,False,,ModuleNotFoundError: No module named 'h5py'
pandas,True,3.0.6,
pyarrow,False,,ModuleNotFoundError: No module named 'pyarrow'
fastparquet,False,,ModuleNotFoundError: No module named 'fastparquet'
zarr,False,,ModuleNotFoundError: No module named 'zarr'
numcodecs,False,,ModuleNotFoundError: No module named 'numcodecs'
torch,True,2.14.0+cpu,
psutil,False,,ModuleNotFoundError: No module named 'psutil'
pytest,False,,ModuleNotFoundError: No module named 'pytest'
