month,path,directory_exists,status,evidence
2023-03,H:\葵花202303_202510\202303,True,NOT_AUDITED,Directory existence only; no full-month content scan
2023-04,H:\葵花202303_202510\202304,True,NOT_AUDITED,Directory existence only; no full-month content scan
2023-05,H:\葵花202303_202510\202305,True,NOT_AUDITED,Directory existence only; no full-month content scan
2023-06,H:\葵花202303_202510\202306,True,NOT_AUDITED,Directory existence only; no full-month content scan
2023-07,H:\葵花202303_202510\202307,True,NOT_AUDITED,Directory existence only; no full-month content scan
2023-08,H:\葵花202303_202510\202308,True,NOT_AUDITED,Directory existence only; no full-month content scan
2023-09,H:\葵花202303_202510\202309,True,NOT_AUDITED,Directory existence only; no full-month content scan
2023-10,H:\葵花202303_202510\202310,True,NOT_AUDITED,Directory existence only; no full-month content scan
2024-03,H:\葵花202303_202510\202403,True,NOT_AUDITED,Directory existence only; no full-month content scan
2024-04,H:\葵花202303_202510\202404,True,NOT_AUDITED,Directory existence only; no full-month content scan
2024-05,H:\葵花202303_202510\202405,True,NOT_AUDITED,Directory existence only; no full-month content scan
2024-06,H:\葵花202303_202510\202406,True,NOT_AUDITED,Directory existence only; no full-month content scan
2024-07,H:\葵花202303_202510\202407,True,PARTIAL,"Prior July audit: 4390 files, 74 missing nominal slots"
2024-08,H:\葵花202303_202510\202408,True,NOT_AUDITED,Directory existence only; no full-month content scan
2024-09,H:\葵花202303_202510\202409,True,NOT_AUDITED,Directory existence only; no full-month content scan
2024-10,H:\葵花202303_202510\202410,True,NOT_AUDITED,Directory existence only; no full-month content scan
2025-03,H:\葵花202303_202510\202503,True,NOT_AUDITED,Directory existence only; no full-month content scan
2025-04,H:\葵花202303_202510\202504,True,NOT_AUDITED,Directory existence only; no full-month content scan
2025-05,H:\葵花202303_202510\202505,True,NOT_AUDITED,Directory existence only; no full-month content scan
2025-06,H:\葵花202303_202510\202506,True,NOT_AUDITED,Directory existence only; no full-month content scan
2025-07,H:\葵花202303_202510\202507,True,NOT_AUDITED,Directory existence only; no full-month content scan
2025-08,H:\葵花202303_202510\202508,True,NOT_AUDITED,Directory existence only; no full-month content scan
2025-09,H:\葵花202303_202510\202509,True,NOT_AUDITED,Directory existence only; no full-month content scan
2025-10,H:\葵花202303_202510\202510,True,NOT_AUDITED,Directory existence only; no full-month content scan
