filename,lat_min,lat_max,lon_min,lon_max,interpretation,status,hgt_members,member_names,member_bytes,tile_shape_from_bytes
N18E094.SRTMGL1.hgt.zip,18,19,94,95,USGS southwest tile corner naming; extent evidence only,CENTRAL_DIRECTORY_ONLY,1,N18E094.hgt,25934402,"(3601, 3601)"
N18E095.SRTMGL1.hgt.zip,18,19,95,96,USGS southwest tile corner naming; extent evidence only,CENTRAL_DIRECTORY_ONLY,1,N18E095.hgt,25934402,"(3601, 3601)"
N18E096.SRTMGL1.hgt.zip,18,19,96,97,USGS southwest tile corner naming; extent evidence only,CENTRAL_DIRECTORY_ONLY,1,N18E096.hgt,25934402,"(3601, 3601)"
N18E097.SRTMGL1.hgt.zip,18,19,97,98,USGS southwest tile corner naming; extent evidence only,CENTRAL_DIRECTORY_ONLY,1,N18E097.hgt,25934402,"(3601, 3601)"
N18E098.SRTMGL1.hgt.zip,18,19,98,99,USGS southwest tile corner naming; extent evidence only,CENTRAL_DIRECTORY_ONLY,1,N18E098.hgt,25934402,"(3601, 3601)"
N18E099.SRTMGL1.hgt.zip,18,19,99,100,USGS southwest tile corner naming; extent evidence only,CENTRAL_DIRECTORY_ONLY,1,N18E099.hgt,25934402,"(3601, 3601)"
N18E100.SRTMGL1.hgt.zip,18,19,100,101,USGS southwest tile corner naming; extent evidence only,CENTRAL_DIRECTORY_ONLY,1,N18E100.hgt,25934402,"(3601, 3601)"
N18E101.SRTMGL1.hgt.zip,18,19,101,102,USGS southwest tile corner naming; extent evidence only,CENTRAL_DIRECTORY_ONLY,1,N18E101.hgt,25934402,"(3601, 3601)"
N18E102.SRTMGL1.hgt.zip,18,19,102,103,USGS southwest tile corner naming; extent evidence only,CENTRAL_DIRECTORY_ONLY,1,N18E102.hgt,25934402,"(3601, 3601)"
N18E103.SRTMGL1.hgt.zip,18,19,103,104,USGS southwest tile corner naming; extent evidence only,CENTRAL_DIRECTORY_ONLY,1,N18E103.hgt,25934402,"(3601, 3601)"
N18E104.SRTMGL1.hgt.zip,18,19,104,105,USGS southwest tile corner naming; extent evidence only,CENTRAL_DIRECTORY_ONLY,1,N18E104.hgt,25934402,"(3601, 3601)"
N18E105.SRTMGL1.hgt.zip,18,19,105,106,USGS southwest tile corner naming; extent evidence only,CENTRAL_DIRECTORY_ONLY,1,N18E105.hgt,25934402,"(3601, 3601)"
N18E106.SRTMGL1.hgt.zip,18,19,106,107,USGS southwest tile corner naming; extent evidence only,CENTRAL_DIRECTORY_ONLY,1,N18E106.hgt,25934402,"(3601, 3601)"
N18E108.SRTMGL1.hgt.zip,18,19,108,109,USGS southwest tile corner naming; extent evidence only,CENTRAL_DIRECTORY_ONLY,1,N18E108.hgt,25934402,"(3601, 3601)"
N18E109.SRTMGL1.hgt.zip,18,19,109,110,USGS southwest tile corner naming; extent evidence only,CENTRAL_DIRECTORY_ONLY,1,N18E109.hgt,25934402,"(3601, 3601)"
N19E094.SRTMGL1.hgt.zip,19,20,94,95,USGS southwest tile corner naming; extent evidence only,CENTRAL_DIRECTORY_ONLY,1,N19E094.hgt,25934402,"(3601, 3601)"
N19E095.SRTMGL1.hgt.zip,19,20,95,96,USGS southwest tile corner naming; extent evidence only,CENTRAL_DIRECTORY_ONLY,1,N19E095.hgt,25934402,"(3601, 3601)"
N19E096.SRTMGL1.hgt.zip,19,20,96,97,USGS southwest tile corner naming; extent evidence only,CENTRAL_DIRECTORY_ONLY,1,N19E096.hgt,25934402,"(3601, 3601)"
N19E097.SRTMGL1.hgt.zip,19,20,97,98,USGS southwest tile corner naming; extent evidence only,CENTRAL_DIRECTORY_ONLY,1,N19E097.hgt,25934402,"(3601, 3601)"
N19E098.SRTMGL1.hgt.zip,19,20,98,99,USGS southwest tile corner naming; extent evidence only,CENTRAL_DIRECTORY_ONLY,1,N19E098.hgt,25934402,"(3601, 3601)"
N19E099.SRTMGL1.hgt.zip,19,20,99,100,USGS southwest tile corner naming; extent evidence only,CENTRAL_DIRECTORY_ONLY,1,N19E099.hgt,25934402,"(3601, 3601)"
N19E100.SRTMGL1.hgt.zip,19,20,100,101,USGS southwest tile corner naming; extent evidence only,CENTRAL_DIRECTORY_ONLY,1,N19E100.hgt,25934402,"(3601, 3601)"
N19E101.SRTMGL1.hgt.zip,19,20,101,102,USGS southwest tile corner naming; extent evidence only,CENTRAL_DIRECTORY_ONLY,1,N19E101.hgt,25934402,"(3601, 3601)"
N19E102.SRTMGL1.hgt.zip,19,20,102,103,USGS southwest tile corner naming; extent evidence only,CENTRAL_DIRECTORY_ONLY,1,N19E102.hgt,25934402,"(3601, 3601)"
N19E103.SRTMGL1.hgt.zip,19,20,103,104,USGS southwest tile corner naming; extent evidence only,CENTRAL_DIRECTORY_ONLY,1,N19E103.hgt,25934402,"(3601, 3601)"
N19E104.SRTMGL1.hgt.zip,19,20,104,105,USGS southwest tile corner naming; extent evidence only,CENTRAL_DIRECTORY_ONLY,1,N19E104.hgt,25934402,"(3601, 3601)"
N19E105.SRTMGL1.hgt.zip,19,20,105,106,USGS southwest tile corner naming; extent evidence only,CENTRAL_DIRECTORY_ONLY,1,N19E105.hgt,25934402,"(3601, 3601)"
N19E106.SRTMGL1.hgt.zip,19,20,106,107,USGS southwest tile corner naming; extent evidence only,CENTRAL_DIRECTORY_ONLY,1,N19E106.hgt,25934402,"(3601, 3601)"
N19E108.SRTMGL1.hgt.zip,19,20,108,109,USGS southwest tile corner naming; extent evidence only,CENTRAL_DIRECTORY_ONLY,1,N19E108.hgt,25934402,"(3601, 3601)"
N19E109.SRTMGL1.hgt.zip,19,20,109,110,USGS southwest tile corner naming; extent evidence only,CENTRAL_DIRECTORY_ONLY,1,N19E109.hgt,25934402,"(3601, 3601)"
N20E094.SRTMGL1.hgt.zip,20,21,94,95,USGS southwest tile corner naming; extent evidence only,CENTRAL_DIRECTORY_ONLY,1,N20E094.hgt,25934402,"(3601, 3601)"
N20E095.SRTMGL1.hgt.zip,20,21,95,96,USGS southwest tile corner naming; extent evidence only,CENTRAL_DIRECTORY_ONLY,1,N20E095.hgt,25934402,"(3601, 3601)"
N20E096.SRTMGL1.hgt.zip,20,21,96,97,USGS southwest tile corner naming; extent evidence only,CENTRAL_DIRECTORY_ONLY,1,N20E096.hgt,25934402,"(3601, 3601)"
N20E097.SRTMGL1.hgt.zip,20,21,97,98,USGS southwest tile corner naming; extent evidence only,CENTRAL_DIRECTORY_ONLY,1,N20E097.hgt,25934402,"(3601, 3601)"
N20E098.SRTMGL1.hgt.zip,20,21,98,99,USGS southwest tile corner naming; extent evidence only,CENTRAL_DIRECTORY_ONLY,1,N20E098.hgt,25934402,"(3601, 3601)"
N20E099.SRTMGL1.hgt.zip,20,21,99,100,USGS southwest tile corner naming; extent evidence only,CENTRAL_DIRECTORY_ONLY,1,N20E099.hgt,25934402,"(3601, 3601)"
N20E100.SRTMGL1.hgt.zip,20,21,100,101,USGS southwest tile corner naming; extent evidence only,CENTRAL_DIRECTORY_ONLY,1,N20E100.hgt,25934402,"(3601, 3601)"
N20E101.SRTMGL1.hgt.zip,20,21,101,102,USGS southwest tile corner naming; extent evidence only,CENTRAL_DIRECTORY_ONLY,1,N20E101.hgt,25934402,"(3601, 3601)"
N20E102.SRTMGL1.hgt.zip,20,21,102,103,USGS southwest tile corner naming; extent evidence only,CENTRAL_DIRECTORY_ONLY,1,N20E102.hgt,25934402,"(3601, 3601)"
N20E103.SRTMGL1.hgt.zip,20,21,103,104,USGS southwest tile corner naming; extent evidence only,CENTRAL_DIRECTORY_ONLY,1,N20E103.hgt,25934402,"(3601, 3601)"
N20E104.SRTMGL1.hgt.zip,20,21,104,105,USGS southwest tile corner naming; extent evidence only,CENTRAL_DIRECTORY_ONLY,1,N20E104.hgt,25934402,"(3601, 3601)"
N20E105.SRTMGL1.hgt.zip,20,21,105,106,USGS southwest tile corner naming; extent evidence only,CENTRAL_DIRECTORY_ONLY,1,N20E105.hgt,25934402,"(3601, 3601)"
N20E106.SRTMGL1.hgt.zip,20,21,106,107,USGS southwest tile corner naming; extent evidence only,CENTRAL_DIRECTORY_ONLY,1,N20E106.hgt,25934402,"(3601, 3601)"
N20E107.SRTMGL1.hgt.zip,20,21,107,108,USGS southwest tile corner naming; extent evidence only,CENTRAL_DIRECTORY_ONLY,1,N20E107.hgt,25934402,"(3601, 3601)"
N20E109.SRTMGL1.hgt.zip,20,21,109,110,USGS southwest tile corner naming; extent evidence only,CENTRAL_DIRECTORY_ONLY,1,N20E109.hgt,25934402,"(3601, 3601)"
N21E094.SRTMGL1.hgt.zip,21,22,94,95,USGS southwest tile corner naming; extent evidence only,CENTRAL_DIRECTORY_ONLY,1,N21E094.hgt,25934402,"(3601, 3601)"
N21E095.SRTMGL1.hgt.zip,21,22,95,96,USGS southwest tile corner naming; extent evidence only,CENTRAL_DIRECTORY_ONLY,1,N21E095.hgt,25934402,"(3601, 3601)"
N21E096.SRTMGL1.hgt.zip,21,22,96,97,USGS southwest tile corner naming; extent evidence only,CENTRAL_DIRECTORY_ONLY,1,N21E096.hgt,25934402,"(3601, 3601)"
N21E097.SRTMGL1.hgt.zip,21,22,97,98,USGS southwest tile corner naming; extent evidence only,CENTRAL_DIRECTORY_ONLY,1,N21E097.hgt,25934402,"(3601, 3601)"
N21E098.SRTMGL1.hgt.zip,21,22,98,99,USGS southwest tile corner naming; extent evidence only,CENTRAL_DIRECTORY_ONLY,1,N21E098.hgt,25934402,"(3601, 3601)"
N21E099.SRTMGL1.hgt.zip,21,22,99,100,USGS southwest tile corner naming; extent evidence only,CENTRAL_DIRECTORY_ONLY,1,N21E099.hgt,25934402,"(3601, 3601)"
N21E100.SRTMGL1.hgt.zip,21,22,100,101,USGS southwest tile corner naming; extent evidence only,CENTRAL_DIRECTORY_ONLY,1,N21E100.hgt,25934402,"(3601, 3601)"
N21E101.SRTMGL1.hgt.zip,21,22,101,102,USGS southwest tile corner naming; extent evidence only,CENTRAL_DIRECTORY_ONLY,1,N21E101.hgt,25934402,"(3601, 3601)"
N21E102.SRTMGL1.hgt.zip,21,22,102,103,USGS southwest tile corner naming; extent evidence only,CENTRAL_DIRECTORY_ONLY,1,N21E102.hgt,25934402,"(3601, 3601)"
N21E103.SRTMGL1.hgt.zip,21,22,103,104,USGS southwest tile corner naming; extent evidence only,CENTRAL_DIRECTORY_ONLY,1,N21E103.hgt,25934402,"(3601, 3601)"
N21E104.SRTMGL1.hgt.zip,21,22,104,105,USGS southwest tile corner naming; extent evidence only,CENTRAL_DIRECTORY_ONLY,1,N21E104.hgt,25934402,"(3601, 3601)"
N21E105.SRTMGL1.hgt.zip,21,22,105,106,USGS southwest tile corner naming; extent evidence only,CENTRAL_DIRECTORY_ONLY,1,N21E105.hgt,25934402,"(3601, 3601)"
N21E106.SRTMGL1.hgt.zip,21,22,106,107,USGS southwest tile corner naming; extent evidence only,CENTRAL_DIRECTORY_ONLY,1,N21E106.hgt,25934402,"(3601, 3601)"
N21E107.SRTMGL1.hgt.zip,21,22,107,108,USGS southwest tile corner naming; extent evidence only,CENTRAL_DIRECTORY_ONLY,1,N21E107.hgt,25934402,"(3601, 3601)"
N21E108.SRTMGL1.hgt.zip,21,22,108,109,USGS southwest tile corner naming; extent evidence only,CENTRAL_DIRECTORY_ONLY,1,N21E108.hgt,25934402,"(3601, 3601)"
N21E109.SRTMGL1.hgt.zip,21,22,109,110,USGS southwest tile corner naming; extent evidence only,CENTRAL_DIRECTORY_ONLY,1,N21E109.hgt,25934402,"(3601, 3601)"
N22E094.SRTMGL1.hgt.zip,22,23,94,95,USGS southwest tile corner naming; extent evidence only,CENTRAL_DIRECTORY_ONLY,1,N22E094.hgt,25934402,"(3601, 3601)"
N22E095.SRTMGL1.hgt.zip,22,23,95,96,USGS southwest tile corner naming; extent evidence only,CENTRAL_DIRECTORY_ONLY,1,N22E095.hgt,25934402,"(3601, 3601)"
N22E096.SRTMGL1.hgt.zip,22,23,96,97,USGS southwest tile corner naming; extent evidence only,CENTRAL_DIRECTORY_ONLY,1,N22E096.hgt,25934402,"(3601, 3601)"
N22E097.SRTMGL1.hgt.zip,22,23,97,98,USGS southwest tile corner naming; extent evidence only,CENTRAL_DIRECTORY_ONLY,1,N22E097.hgt,25934402,"(3601, 3601)"
N22E098.SRTMGL1.hgt.zip,22,23,98,99,USGS southwest tile corner naming; extent evidence only,CENTRAL_DIRECTORY_ONLY,1,N22E098.hgt,25934402,"(3601, 3601)"
N22E099.SRTMGL1.hgt.zip,22,23,99,100,USGS southwest tile corner naming; extent evidence only,CENTRAL_DIRECTORY_ONLY,1,N22E099.hgt,25934402,"(3601, 3601)"
N22E100.SRTMGL1.hgt.zip,22,23,100,101,USGS southwest tile corner naming; extent evidence only,CENTRAL_DIRECTORY_ONLY,1,N22E100.hgt,25934402,"(3601, 3601)"
N22E101.SRTMGL1.hgt.zip,22,23,101,102,USGS southwest tile corner naming; extent evidence only,CENTRAL_DIRECTORY_ONLY,1,N22E101.hgt,25934402,"(3601, 3601)"
N22E102.SRTMGL1.hgt.zip,22,23,102,103,USGS southwest tile corner naming; extent evidence only,CENTRAL_DIRECTORY_ONLY,1,N22E102.hgt,25934402,"(3601, 3601)"
N22E103.SRTMGL1.hgt.zip,22,23,103,104,USGS southwest tile corner naming; extent evidence only,CENTRAL_DIRECTORY_ONLY,1,N22E103.hgt,25934402,"(3601, 3601)"
N22E104.SRTMGL1.hgt.zip,22,23,104,105,USGS southwest tile corner naming; extent evidence only,CENTRAL_DIRECTORY_ONLY,1,N22E104.hgt,25934402,"(3601, 3601)"
N22E105.SRTMGL1.hgt.zip,22,23,105,106,USGS southwest tile corner naming; extent evidence only,CENTRAL_DIRECTORY_ONLY,1,N22E105.hgt,25934402,"(3601, 3601)"
N22E106.SRTMGL1.hgt.zip,22,23,106,107,USGS southwest tile corner naming; extent evidence only,CENTRAL_DIRECTORY_ONLY,1,N22E106.hgt,25934402,"(3601, 3601)"
N22E107.SRTMGL1.hgt.zip,22,23,107,108,USGS southwest tile corner naming; extent evidence only,CENTRAL_DIRECTORY_ONLY,1,N22E107.hgt,25934402,"(3601, 3601)"
N22E108.SRTMGL1.hgt.zip,22,23,108,109,USGS southwest tile corner naming; extent evidence only,CENTRAL_DIRECTORY_ONLY,1,N22E108.hgt,25934402,"(3601, 3601)"
N22E109.SRTMGL1.hgt.zip,22,23,109,110,USGS southwest tile corner naming; extent evidence only,CENTRAL_DIRECTORY_ONLY,1,N22E109.hgt,25934402,"(3601, 3601)"
N23E094.SRTMGL1.hgt.zip,23,24,94,95,USGS southwest tile corner naming; extent evidence only,CENTRAL_DIRECTORY_ONLY,1,N23E094.hgt,25934402,"(3601, 3601)"
N23E095.SRTMGL1.hgt.zip,23,24,95,96,USGS southwest tile corner naming; extent evidence only,CENTRAL_DIRECTORY_ONLY,1,N23E095.hgt,25934402,"(3601, 3601)"
N23E096.SRTMGL1.hgt.zip,23,24,96,97,USGS southwest tile corner naming; extent evidence only,CENTRAL_DIRECTORY_ONLY,1,N23E096.hgt,25934402,"(3601, 3601)"
N23E097.SRTMGL1.hgt.zip,23,24,97,98,USGS southwest tile corner naming; extent evidence only,CENTRAL_DIRECTORY_ONLY,1,N23E097.hgt,25934402,"(3601, 3601)"
N23E098.SRTMGL1.hgt.zip,23,24,98,99,USGS southwest tile corner naming; extent evidence only,CENTRAL_DIRECTORY_ONLY,1,N23E098.hgt,25934402,"(3601, 3601)"
N23E099.SRTMGL1.hgt.zip,23,24,99,100,USGS southwest tile corner naming; extent evidence only,CENTRAL_DIRECTORY_ONLY,1,N23E099.hgt,25934402,"(3601, 3601)"
N23E100.SRTMGL1.hgt.zip,23,24,100,101,USGS southwest tile corner naming; extent evidence only,CENTRAL_DIRECTORY_ONLY,1,N23E100.hgt,25934402,"(3601, 3601)"
N23E101.SRTMGL1.hgt.zip,23,24,101,102,USGS southwest tile corner naming; extent evidence only,CENTRAL_DIRECTORY_ONLY,1,N23E101.hgt,25934402,"(3601, 3601)"
N23E102.SRTMGL1.hgt.zip,23,24,102,103,USGS southwest tile corner naming; extent evidence only,CENTRAL_DIRECTORY_ONLY,1,N23E102.hgt,25934402,"(3601, 3601)"
N23E103.SRTMGL1.hgt.zip,23,24,103,104,USGS southwest tile corner naming; extent evidence only,CENTRAL_DIRECTORY_ONLY,1,N23E103.hgt,25934402,"(3601, 3601)"
N23E104.SRTMGL1.hgt.zip,23,24,104,105,USGS southwest tile corner naming; extent evidence only,CENTRAL_DIRECTORY_ONLY,1,N23E104.hgt,25934402,"(3601, 3601)"
N23E105.SRTMGL1.hgt.zip,23,24,105,106,USGS southwest tile corner naming; extent evidence only,CENTRAL_DIRECTORY_ONLY,1,N23E105.hgt,25934402,"(3601, 3601)"
N23E106.SRTMGL1.hgt.zip,23,24,106,107,USGS southwest tile corner naming; extent evidence only,CENTRAL_DIRECTORY_ONLY,1,N23E106.hgt,25934402,"(3601, 3601)"
N23E107.SRTMGL1.hgt.zip,23,24,107,108,USGS southwest tile corner naming; extent evidence only,CENTRAL_DIRECTORY_ONLY,1,N23E107.hgt,25934402,"(3601, 3601)"
N23E108.SRTMGL1.hgt.zip,23,24,108,109,USGS southwest tile corner naming; extent evidence only,CENTRAL_DIRECTORY_ONLY,1,N23E108.hgt,25934402,"(3601, 3601)"
N23E109.SRTMGL1.hgt.zip,23,24,109,110,USGS southwest tile corner naming; extent evidence only,CENTRAL_DIRECTORY_ONLY,1,N23E109.hgt,25934402,"(3601, 3601)"
N24E094.SRTMGL1.hgt.zip,24,25,94,95,USGS southwest tile corner naming; extent evidence only,CENTRAL_DIRECTORY_ONLY,1,N24E094.hgt,25934402,"(3601, 3601)"
N24E095.SRTMGL1.hgt.zip,24,25,95,96,USGS southwest tile corner naming; extent evidence only,CENTRAL_DIRECTORY_ONLY,1,N24E095.hgt,25934402,"(3601, 3601)"
N24E096.SRTMGL1.hgt.zip,24,25,96,97,USGS southwest tile corner naming; extent evidence only,CENTRAL_DIRECTORY_ONLY,1,N24E096.hgt,25934402,"(3601, 3601)"
N24E097.SRTMGL1.hgt.zip,24,25,97,98,USGS southwest tile corner naming; extent evidence only,CENTRAL_DIRECTORY_ONLY,1,N24E097.hgt,25934402,"(3601, 3601)"
N24E098.SRTMGL1.hgt.zip,24,25,98,99,USGS southwest tile corner naming; extent evidence only,CENTRAL_DIRECTORY_ONLY,1,N24E098.hgt,25934402,"(3601, 3601)"
N24E099.SRTMGL1.hgt.zip,24,25,99,100,USGS southwest tile corner naming; extent evidence only,CENTRAL_DIRECTORY_ONLY,1,N24E099.hgt,25934402,"(3601, 3601)"
N24E100.SRTMGL1.hgt.zip,24,25,100,101,USGS southwest tile corner naming; extent evidence only,CENTRAL_DIRECTORY_ONLY,1,N24E100.hgt,25934402,"(3601, 3601)"
N24E101.SRTMGL1.hgt.zip,24,25,101,102,USGS southwest tile corner naming; extent evidence only,CENTRAL_DIRECTORY_ONLY,1,N24E101.hgt,25934402,"(3601, 3601)"
N24E102.SRTMGL1.hgt.zip,24,25,102,103,USGS southwest tile corner naming; extent evidence only,CENTRAL_DIRECTORY_ONLY,1,N24E102.hgt,25934402,"(3601, 3601)"
N24E103.SRTMGL1.hgt.zip,24,25,103,104,USGS southwest tile corner naming; extent evidence only,CENTRAL_DIRECTORY_ONLY,1,N24E103.hgt,25934402,"(3601, 3601)"
N24E104.SRTMGL1.hgt.zip,24,25,104,105,USGS southwest tile corner naming; extent evidence only,CENTRAL_DIRECTORY_ONLY,1,N24E104.hgt,25934402,"(3601, 3601)"
N24E105.SRTMGL1.hgt.zip,24,25,105,106,USGS southwest tile corner naming; extent evidence only,CENTRAL_DIRECTORY_ONLY,1,N24E105.hgt,25934402,"(3601, 3601)"
N24E106.SRTMGL1.hgt.zip,24,25,106,107,USGS southwest tile corner naming; extent evidence only,CENTRAL_DIRECTORY_ONLY,1,N24E106.hgt,25934402,"(3601, 3601)"
N24E107.SRTMGL1.hgt.zip,24,25,107,108,USGS southwest tile corner naming; extent evidence only,CENTRAL_DIRECTORY_ONLY,1,N24E107.hgt,25934402,"(3601, 3601)"
N24E108.SRTMGL1.hgt.zip,24,25,108,109,USGS southwest tile corner naming; extent evidence only,CENTRAL_DIRECTORY_ONLY,1,N24E108.hgt,25934402,"(3601, 3601)"
N24E109.SRTMGL1.hgt.zip,24,25,109,110,USGS southwest tile corner naming; extent evidence only,CENTRAL_DIRECTORY_ONLY,1,N24E109.hgt,25934402,"(3601, 3601)"
N25E094.SRTMGL1.hgt.zip,25,26,94,95,USGS southwest tile corner naming; extent evidence only,CENTRAL_DIRECTORY_ONLY,1,N25E094.hgt,25934402,"(3601, 3601)"
N25E095.SRTMGL1.hgt.zip,25,26,95,96,USGS southwest tile corner naming; extent evidence only,CENTRAL_DIRECTORY_ONLY,1,N25E095.hgt,25934402,"(3601, 3601)"
N25E096.SRTMGL1.hgt.zip,25,26,96,97,USGS southwest tile corner naming; extent evidence only,CENTRAL_DIRECTORY_ONLY,1,N25E096.hgt,25934402,"(3601, 3601)"
N25E097.SRTMGL1.hgt.zip,25,26,97,98,USGS southwest tile corner naming; extent evidence only,CENTRAL_DIRECTORY_ONLY,1,N25E097.hgt,25934402,"(3601, 3601)"
N25E098.SRTMGL1.hgt.zip,25,26,98,99,USGS southwest tile corner naming; extent evidence only,CENTRAL_DIRECTORY_ONLY,1,N25E098.hgt,25934402,"(3601, 3601)"
N25E099.SRTMGL1.hgt.zip,25,26,99,100,USGS southwest tile corner naming; extent evidence only,CENTRAL_DIRECTORY_ONLY,1,N25E099.hgt,25934402,"(3601, 3601)"
N25E100.SRTMGL1.hgt.zip,25,26,100,101,USGS southwest tile corner naming; extent evidence only,CENTRAL_DIRECTORY_ONLY,1,N25E100.hgt,25934402,"(3601, 3601)"
N25E101.SRTMGL1.hgt.zip,25,26,101,102,USGS southwest tile corner naming; extent evidence only,CENTRAL_DIRECTORY_ONLY,1,N25E101.hgt,25934402,"(3601, 3601)"
N25E102.SRTMGL1.hgt.zip,25,26,102,103,USGS southwest tile corner naming; extent evidence only,CENTRAL_DIRECTORY_ONLY,1,N25E102.hgt,25934402,"(3601, 3601)"
N25E103.SRTMGL1.hgt.zip,25,26,103,104,USGS southwest tile corner naming; extent evidence only,CENTRAL_DIRECTORY_ONLY,1,N25E103.hgt,25934402,"(3601, 3601)"
N25E104.SRTMGL1.hgt.zip,25,26,104,105,USGS southwest tile corner naming; extent evidence only,CENTRAL_DIRECTORY_ONLY,1,N25E104.hgt,25934402,"(3601, 3601)"
N25E105.SRTMGL1.hgt.zip,25,26,105,106,USGS southwest tile corner naming; extent evidence only,CENTRAL_DIRECTORY_ONLY,1,N25E105.hgt,25934402,"(3601, 3601)"
N25E106.SRTMGL1.hgt.zip,25,26,106,107,USGS southwest tile corner naming; extent evidence only,CENTRAL_DIRECTORY_ONLY,1,N25E106.hgt,25934402,"(3601, 3601)"
N25E107.SRTMGL1.hgt.zip,25,26,107,108,USGS southwest tile corner naming; extent evidence only,CENTRAL_DIRECTORY_ONLY,1,N25E107.hgt,25934402,"(3601, 3601)"
N25E108.SRTMGL1.hgt.zip,25,26,108,109,USGS southwest tile corner naming; extent evidence only,CENTRAL_DIRECTORY_ONLY,1,N25E108.hgt,25934402,"(3601, 3601)"
N25E109.SRTMGL1.hgt.zip,25,26,109,110,USGS southwest tile corner naming; extent evidence only,CENTRAL_DIRECTORY_ONLY,1,N25E109.hgt,25934402,"(3601, 3601)"
N26E094.SRTMGL1.hgt.zip,26,27,94,95,USGS southwest tile corner naming; extent evidence only,CENTRAL_DIRECTORY_ONLY,1,N26E094.hgt,25934402,"(3601, 3601)"
N26E095.SRTMGL1.hgt.zip,26,27,95,96,USGS southwest tile corner naming; extent evidence only,CENTRAL_DIRECTORY_ONLY,1,N26E095.hgt,25934402,"(3601, 3601)"
N26E096.SRTMGL1.hgt.zip,26,27,96,97,USGS southwest tile corner naming; extent evidence only,CENTRAL_DIRECTORY_ONLY,1,N26E096.hgt,25934402,"(3601, 3601)"
N26E097.SRTMGL1.hgt.zip,26,27,97,98,USGS southwest tile corner naming; extent evidence only,CENTRAL_DIRECTORY_ONLY,1,N26E097.hgt,25934402,"(3601, 3601)"
N26E098.SRTMGL1.hgt.zip,26,27,98,99,USGS southwest tile corner naming; extent evidence only,CENTRAL_DIRECTORY_ONLY,1,N26E098.hgt,25934402,"(3601, 3601)"
N26E099.SRTMGL1.hgt.zip,26,27,99,100,USGS southwest tile corner naming; extent evidence only,CENTRAL_DIRECTORY_ONLY,1,N26E099.hgt,25934402,"(3601, 3601)"
N26E100.SRTMGL1.hgt.zip,26,27,100,101,USGS southwest tile corner naming; extent evidence only,CENTRAL_DIRECTORY_ONLY,1,N26E100.hgt,25934402,"(3601, 3601)"
N26E101.SRTMGL1.hgt.zip,26,27,101,102,USGS southwest tile corner naming; extent evidence only,CENTRAL_DIRECTORY_ONLY,1,N26E101.hgt,25934402,"(3601, 3601)"
N26E102.SRTMGL1.hgt.zip,26,27,102,103,USGS southwest tile corner naming; extent evidence only,CENTRAL_DIRECTORY_ONLY,1,N26E102.hgt,25934402,"(3601, 3601)"
N26E103.SRTMGL1.hgt.zip,26,27,103,104,USGS southwest tile corner naming; extent evidence only,CENTRAL_DIRECTORY_ONLY,1,N26E103.hgt,25934402,"(3601, 3601)"
N26E104.SRTMGL1.hgt.zip,26,27,104,105,USGS southwest tile corner naming; extent evidence only,CENTRAL_DIRECTORY_ONLY,1,N26E104.hgt,25934402,"(3601, 3601)"
N26E105.SRTMGL1.hgt.zip,26,27,105,106,USGS southwest tile corner naming; extent evidence only,CENTRAL_DIRECTORY_ONLY,1,N26E105.hgt,25934402,"(3601, 3601)"
N26E106.SRTMGL1.hgt.zip,26,27,106,107,USGS southwest tile corner naming; extent evidence only,CENTRAL_DIRECTORY_ONLY,1,N26E106.hgt,25934402,"(3601, 3601)"
N26E107.SRTMGL1.hgt.zip,26,27,107,108,USGS southwest tile corner naming; extent evidence only,CENTRAL_DIRECTORY_ONLY,1,N26E107.hgt,25934402,"(3601, 3601)"
N26E108.SRTMGL1.hgt.zip,26,27,108,109,USGS southwest tile corner naming; extent evidence only,CENTRAL_DIRECTORY_ONLY,1,N26E108.hgt,25934402,"(3601, 3601)"
N26E109.SRTMGL1.hgt.zip,26,27,109,110,USGS southwest tile corner naming; extent evidence only,CENTRAL_DIRECTORY_ONLY,1,N26E109.hgt,25934402,"(3601, 3601)"
N27E094.SRTMGL1.hgt.zip,27,28,94,95,USGS southwest tile corner naming; extent evidence only,CENTRAL_DIRECTORY_ONLY,1,N27E094.hgt,25934402,"(3601, 3601)"
N27E095.SRTMGL1.hgt.zip,27,28,95,96,USGS southwest tile corner naming; extent evidence only,CENTRAL_DIRECTORY_ONLY,1,N27E095.hgt,25934402,"(3601, 3601)"
N27E096.SRTMGL1.hgt.zip,27,28,96,97,USGS southwest tile corner naming; extent evidence only,CENTRAL_DIRECTORY_ONLY,1,N27E096.hgt,25934402,"(3601, 3601)"
N27E097.SRTMGL1.hgt.zip,27,28,97,98,USGS southwest tile corner naming; extent evidence only,CENTRAL_DIRECTORY_ONLY,1,N27E097.hgt,25934402,"(3601, 3601)"
N27E098.SRTMGL1.hgt.zip,27,28,98,99,USGS southwest tile corner naming; extent evidence only,CENTRAL_DIRECTORY_ONLY,1,N27E098.hgt,25934402,"(3601, 3601)"
N27E099.SRTMGL1.hgt.zip,27,28,99,100,USGS southwest tile corner naming; extent evidence only,CENTRAL_DIRECTORY_ONLY,1,N27E099.hgt,25934402,"(3601, 3601)"
N27E100.SRTMGL1.hgt.zip,27,28,100,101,USGS southwest tile corner naming; extent evidence only,CENTRAL_DIRECTORY_ONLY,1,N27E100.hgt,25934402,"(3601, 3601)"
N27E101.SRTMGL1.hgt.zip,27,28,101,102,USGS southwest tile corner naming; extent evidence only,CENTRAL_DIRECTORY_ONLY,1,N27E101.hgt,25934402,"(3601, 3601)"
N27E102.SRTMGL1.hgt.zip,27,28,102,103,USGS southwest tile corner naming; extent evidence only,CENTRAL_DIRECTORY_ONLY,1,N27E102.hgt,25934402,"(3601, 3601)"
N27E103.SRTMGL1.hgt.zip,27,28,103,104,USGS southwest tile corner naming; extent evidence only,CENTRAL_DIRECTORY_ONLY,1,N27E103.hgt,25934402,"(3601, 3601)"
N27E104.SRTMGL1.hgt.zip,27,28,104,105,USGS southwest tile corner naming; extent evidence only,CENTRAL_DIRECTORY_ONLY,1,N27E104.hgt,25934402,"(3601, 3601)"
N27E105.SRTMGL1.hgt.zip,27,28,105,106,USGS southwest tile corner naming; extent evidence only,CENTRAL_DIRECTORY_ONLY,1,N27E105.hgt,25934402,"(3601, 3601)"
N27E106.SRTMGL1.hgt.zip,27,28,106,107,USGS southwest tile corner naming; extent evidence only,CENTRAL_DIRECTORY_ONLY,1,N27E106.hgt,25934402,"(3601, 3601)"
N27E107.SRTMGL1.hgt.zip,27,28,107,108,USGS southwest tile corner naming; extent evidence only,CENTRAL_DIRECTORY_ONLY,1,N27E107.hgt,25934402,"(3601, 3601)"
N27E108.SRTMGL1.hgt.zip,27,28,108,109,USGS southwest tile corner naming; extent evidence only,CENTRAL_DIRECTORY_ONLY,1,N27E108.hgt,25934402,"(3601, 3601)"
N27E109.SRTMGL1.hgt.zip,27,28,109,110,USGS southwest tile corner naming; extent evidence only,CENTRAL_DIRECTORY_ONLY,1,N27E109.hgt,25934402,"(3601, 3601)"
N28E094.SRTMGL1.hgt.zip,28,29,94,95,USGS southwest tile corner naming; extent evidence only,CENTRAL_DIRECTORY_ONLY,1,N28E094.hgt,25934402,"(3601, 3601)"
N28E095.SRTMGL1.hgt.zip,28,29,95,96,USGS southwest tile corner naming; extent evidence only,CENTRAL_DIRECTORY_ONLY,1,N28E095.hgt,25934402,"(3601, 3601)"
N28E096.SRTMGL1.hgt.zip,28,29,96,97,USGS southwest tile corner naming; extent evidence only,CENTRAL_DIRECTORY_ONLY,1,N28E096.hgt,25934402,"(3601, 3601)"
N28E097.SRTMGL1.hgt.zip,28,29,97,98,USGS southwest tile corner naming; extent evidence only,CENTRAL_DIRECTORY_ONLY,1,N28E097.hgt,25934402,"(3601, 3601)"
N28E098.SRTMGL1.hgt.zip,28,29,98,99,USGS southwest tile corner naming; extent evidence only,CENTRAL_DIRECTORY_ONLY,1,N28E098.hgt,25934402,"(3601, 3601)"
N28E099.SRTMGL1.hgt.zip,28,29,99,100,USGS southwest tile corner naming; extent evidence only,CENTRAL_DIRECTORY_ONLY,1,N28E099.hgt,25934402,"(3601, 3601)"
N28E100.SRTMGL1.hgt.zip,28,29,100,101,USGS southwest tile corner naming; extent evidence only,CENTRAL_DIRECTORY_ONLY,1,N28E100.hgt,25934402,"(3601, 3601)"
N28E101.SRTMGL1.hgt.zip,28,29,101,102,USGS southwest tile corner naming; extent evidence only,CENTRAL_DIRECTORY_ONLY,1,N28E101.hgt,25934402,"(3601, 3601)"
N28E102.SRTMGL1.hgt.zip,28,29,102,103,USGS southwest tile corner naming; extent evidence only,CENTRAL_DIRECTORY_ONLY,1,N28E102.hgt,25934402,"(3601, 3601)"
N28E103.SRTMGL1.hgt.zip,28,29,103,104,USGS southwest tile corner naming; extent evidence only,CENTRAL_DIRECTORY_ONLY,1,N28E103.hgt,25934402,"(3601, 3601)"
N28E104.SRTMGL1.hgt.zip,28,29,104,105,USGS southwest tile corner naming; extent evidence only,CENTRAL_DIRECTORY_ONLY,1,N28E104.hgt,25934402,"(3601, 3601)"
N28E105.SRTMGL1.hgt.zip,28,29,105,106,USGS southwest tile corner naming; extent evidence only,CENTRAL_DIRECTORY_ONLY,1,N28E105.hgt,25934402,"(3601, 3601)"
N28E106.SRTMGL1.hgt.zip,28,29,106,107,USGS southwest tile corner naming; extent evidence only,CENTRAL_DIRECTORY_ONLY,1,N28E106.hgt,25934402,"(3601, 3601)"
N28E107.SRTMGL1.hgt.zip,28,29,107,108,USGS southwest tile corner naming; extent evidence only,CENTRAL_DIRECTORY_ONLY,1,N28E107.hgt,25934402,"(3601, 3601)"
N28E108.SRTMGL1.hgt.zip,28,29,108,109,USGS southwest tile corner naming; extent evidence only,CENTRAL_DIRECTORY_ONLY,1,N28E108.hgt,25934402,"(3601, 3601)"
N28E109.SRTMGL1.hgt.zip,28,29,109,110,USGS southwest tile corner naming; extent evidence only,CENTRAL_DIRECTORY_ONLY,1,N28E109.hgt,25934402,"(3601, 3601)"
N29E094.SRTMGL1.hgt.zip,29,30,94,95,USGS southwest tile corner naming; extent evidence only,CENTRAL_DIRECTORY_ONLY,1,N29E094.hgt,25934402,"(3601, 3601)"
N29E095.SRTMGL1.hgt.zip,29,30,95,96,USGS southwest tile corner naming; extent evidence only,CENTRAL_DIRECTORY_ONLY,1,N29E095.hgt,25934402,"(3601, 3601)"
N29E096.SRTMGL1.hgt.zip,29,30,96,97,USGS southwest tile corner naming; extent evidence only,CENTRAL_DIRECTORY_ONLY,1,N29E096.hgt,25934402,"(3601, 3601)"
N29E097.SRTMGL1.hgt.zip,29,30,97,98,USGS southwest tile corner naming; extent evidence only,CENTRAL_DIRECTORY_ONLY,1,N29E097.hgt,25934402,"(3601, 3601)"
N29E098.SRTMGL1.hgt.zip,29,30,98,99,USGS southwest tile corner naming; extent evidence only,CENTRAL_DIRECTORY_ONLY,1,N29E098.hgt,25934402,"(3601, 3601)"
N29E099.SRTMGL1.hgt.zip,29,30,99,100,USGS southwest tile corner naming; extent evidence only,CENTRAL_DIRECTORY_ONLY,1,N29E099.hgt,25934402,"(3601, 3601)"
N29E100.SRTMGL1.hgt.zip,29,30,100,101,USGS southwest tile corner naming; extent evidence only,CENTRAL_DIRECTORY_ONLY,1,N29E100.hgt,25934402,"(3601, 3601)"
N29E101.SRTMGL1.hgt.zip,29,30,101,102,USGS southwest tile corner naming; extent evidence only,CENTRAL_DIRECTORY_ONLY,1,N29E101.hgt,25934402,"(3601, 3601)"
N29E102.SRTMGL1.hgt.zip,29,30,102,103,USGS southwest tile corner naming; extent evidence only,CENTRAL_DIRECTORY_ONLY,1,N29E102.hgt,25934402,"(3601, 3601)"
N29E103.SRTMGL1.hgt.zip,29,30,103,104,USGS southwest tile corner naming; extent evidence only,CENTRAL_DIRECTORY_ONLY,1,N29E103.hgt,25934402,"(3601, 3601)"
N29E104.SRTMGL1.hgt.zip,29,30,104,105,USGS southwest tile corner naming; extent evidence only,CENTRAL_DIRECTORY_ONLY,1,N29E104.hgt,25934402,"(3601, 3601)"
N29E105.SRTMGL1.hgt.zip,29,30,105,106,USGS southwest tile corner naming; extent evidence only,CENTRAL_DIRECTORY_ONLY,1,N29E105.hgt,25934402,"(3601, 3601)"
N29E106.SRTMGL1.hgt.zip,29,30,106,107,USGS southwest tile corner naming; extent evidence only,CENTRAL_DIRECTORY_ONLY,1,N29E106.hgt,25934402,"(3601, 3601)"
N29E107.SRTMGL1.hgt.zip,29,30,107,108,USGS southwest tile corner naming; extent evidence only,CENTRAL_DIRECTORY_ONLY,1,N29E107.hgt,25934402,"(3601, 3601)"
N29E108.SRTMGL1.hgt.zip,29,30,108,109,USGS southwest tile corner naming; extent evidence only,CENTRAL_DIRECTORY_ONLY,1,N29E108.hgt,25934402,"(3601, 3601)"
N29E109.SRTMGL1.hgt.zip,29,30,109,110,USGS southwest tile corner naming; extent evidence only,CENTRAL_DIRECTORY_ONLY,1,N29E109.hgt,25934402,"(3601, 3601)"
N30E094.SRTMGL1.hgt.zip,30,31,94,95,USGS southwest tile corner naming; extent evidence only,CENTRAL_DIRECTORY_ONLY,1,N30E094.hgt,25934402,"(3601, 3601)"
N30E095.SRTMGL1.hgt.zip,30,31,95,96,USGS southwest tile corner naming; extent evidence only,CENTRAL_DIRECTORY_ONLY,1,N30E095.hgt,25934402,"(3601, 3601)"
N30E096.SRTMGL1.hgt.zip,30,31,96,97,USGS southwest tile corner naming; extent evidence only,CENTRAL_DIRECTORY_ONLY,1,N30E096.hgt,25934402,"(3601, 3601)"
N30E097.SRTMGL1.hgt.zip,30,31,97,98,USGS southwest tile corner naming; extent evidence only,CENTRAL_DIRECTORY_ONLY,1,N30E097.hgt,25934402,"(3601, 3601)"
N30E098.SRTMGL1.hgt.zip,30,31,98,99,USGS southwest tile corner naming; extent evidence only,CENTRAL_DIRECTORY_ONLY,1,N30E098.hgt,25934402,"(3601, 3601)"
N30E099.SRTMGL1.hgt.zip,30,31,99,100,USGS southwest tile corner naming; extent evidence only,CENTRAL_DIRECTORY_ONLY,1,N30E099.hgt,25934402,"(3601, 3601)"
N30E100.SRTMGL1.hgt.zip,30,31,100,101,USGS southwest tile corner naming; extent evidence only,CENTRAL_DIRECTORY_ONLY,1,N30E100.hgt,25934402,"(3601, 3601)"
N30E101.SRTMGL1.hgt.zip,30,31,101,102,USGS southwest tile corner naming; extent evidence only,CENTRAL_DIRECTORY_ONLY,1,N30E101.hgt,25934402,"(3601, 3601)"
N30E102.SRTMGL1.hgt.zip,30,31,102,103,USGS southwest tile corner naming; extent evidence only,CENTRAL_DIRECTORY_ONLY,1,N30E102.hgt,25934402,"(3601, 3601)"
N30E103.SRTMGL1.hgt.zip,30,31,103,104,USGS southwest tile corner naming; extent evidence only,CENTRAL_DIRECTORY_ONLY,1,N30E103.hgt,25934402,"(3601, 3601)"
N30E104.SRTMGL1.hgt.zip,30,31,104,105,USGS southwest tile corner naming; extent evidence only,CENTRAL_DIRECTORY_ONLY,1,N30E104.hgt,25934402,"(3601, 3601)"
N30E105.SRTMGL1.hgt.zip,30,31,105,106,USGS southwest tile corner naming; extent evidence only,CENTRAL_DIRECTORY_ONLY,1,N30E105.hgt,25934402,"(3601, 3601)"
N30E106.SRTMGL1.hgt.zip,30,31,106,107,USGS southwest tile corner naming; extent evidence only,CENTRAL_DIRECTORY_ONLY,1,N30E106.hgt,25934402,"(3601, 3601)"
N30E107.SRTMGL1.hgt.zip,30,31,107,108,USGS southwest tile corner naming; extent evidence only,CENTRAL_DIRECTORY_ONLY,1,N30E107.hgt,25934402,"(3601, 3601)"
N30E108.SRTMGL1.hgt.zip,30,31,108,109,USGS southwest tile corner naming; extent evidence only,CENTRAL_DIRECTORY_ONLY,1,N30E108.hgt,25934402,"(3601, 3601)"
N30E109.SRTMGL1.hgt.zip,30,31,109,110,USGS southwest tile corner naming; extent evidence only,CENTRAL_DIRECTORY_ONLY,1,N30E109.hgt,25934402,"(3601, 3601)"
N31E094.SRTMGL1.hgt.zip,31,32,94,95,USGS southwest tile corner naming; extent evidence only,CENTRAL_DIRECTORY_ONLY,1,N31E094.hgt,25934402,"(3601, 3601)"
N31E095.SRTMGL1.hgt.zip,31,32,95,96,USGS southwest tile corner naming; extent evidence only,CENTRAL_DIRECTORY_ONLY,1,N31E095.hgt,25934402,"(3601, 3601)"
N31E096.SRTMGL1.hgt.zip,31,32,96,97,USGS southwest tile corner naming; extent evidence only,CENTRAL_DIRECTORY_ONLY,1,N31E096.hgt,25934402,"(3601, 3601)"
N31E097.SRTMGL1.hgt.zip,31,32,97,98,USGS southwest tile corner naming; extent evidence only,CENTRAL_DIRECTORY_ONLY,1,N31E097.hgt,25934402,"(3601, 3601)"
N31E098.SRTMGL1.hgt.zip,31,32,98,99,USGS southwest tile corner naming; extent evidence only,CENTRAL_DIRECTORY_ONLY,1,N31E098.hgt,25934402,"(3601, 3601)"
N31E099.SRTMGL1.hgt.zip,31,32,99,100,USGS southwest tile corner naming; extent evidence only,CENTRAL_DIRECTORY_ONLY,1,N31E099.hgt,25934402,"(3601, 3601)"
N31E100.SRTMGL1.hgt.zip,31,32,100,101,USGS southwest tile corner naming; extent evidence only,CENTRAL_DIRECTORY_ONLY,1,N31E100.hgt,25934402,"(3601, 3601)"
N31E101.SRTMGL1.hgt.zip,31,32,101,102,USGS southwest tile corner naming; extent evidence only,CENTRAL_DIRECTORY_ONLY,1,N31E101.hgt,25934402,"(3601, 3601)"
N31E102.SRTMGL1.hgt.zip,31,32,102,103,USGS southwest tile corner naming; extent evidence only,CENTRAL_DIRECTORY_ONLY,1,N31E102.hgt,25934402,"(3601, 3601)"
N31E103.SRTMGL1.hgt.zip,31,32,103,104,USGS southwest tile corner naming; extent evidence only,CENTRAL_DIRECTORY_ONLY,1,N31E103.hgt,25934402,"(3601, 3601)"
N31E104.SRTMGL1.hgt.zip,31,32,104,105,USGS southwest tile corner naming; extent evidence only,CENTRAL_DIRECTORY_ONLY,1,N31E104.hgt,25934402,"(3601, 3601)"
N31E105.SRTMGL1.hgt.zip,31,32,105,106,USGS southwest tile corner naming; extent evidence only,CENTRAL_DIRECTORY_ONLY,1,N31E105.hgt,25934402,"(3601, 3601)"
N31E106.SRTMGL1.hgt.zip,31,32,106,107,USGS southwest tile corner naming; extent evidence only,CENTRAL_DIRECTORY_ONLY,1,N31E106.hgt,25934402,"(3601, 3601)"
N31E107.SRTMGL1.hgt.zip,31,32,107,108,USGS southwest tile corner naming; extent evidence only,CENTRAL_DIRECTORY_ONLY,1,N31E107.hgt,25934402,"(3601, 3601)"
N31E108.SRTMGL1.hgt.zip,31,32,108,109,USGS southwest tile corner naming; extent evidence only,CENTRAL_DIRECTORY_ONLY,1,N31E108.hgt,25934402,"(3601, 3601)"
N31E109.SRTMGL1.hgt.zip,31,32,109,110,USGS southwest tile corner naming; extent evidence only,CENTRAL_DIRECTORY_ONLY,1,N31E109.hgt,25934402,"(3601, 3601)"
N32E094.SRTMGL1.hgt.zip,32,33,94,95,USGS southwest tile corner naming; extent evidence only,CENTRAL_DIRECTORY_ONLY,1,N32E094.hgt,25934402,"(3601, 3601)"
N32E095.SRTMGL1.hgt.zip,32,33,95,96,USGS southwest tile corner naming; extent evidence only,CENTRAL_DIRECTORY_ONLY,1,N32E095.hgt,25934402,"(3601, 3601)"
N32E096.SRTMGL1.hgt.zip,32,33,96,97,USGS southwest tile corner naming; extent evidence only,CENTRAL_DIRECTORY_ONLY,1,N32E096.hgt,25934402,"(3601, 3601)"
N32E097.SRTMGL1.hgt.zip,32,33,97,98,USGS southwest tile corner naming; extent evidence only,CENTRAL_DIRECTORY_ONLY,1,N32E097.hgt,25934402,"(3601, 3601)"
N32E098.SRTMGL1.hgt.zip,32,33,98,99,USGS southwest tile corner naming; extent evidence only,CENTRAL_DIRECTORY_ONLY,1,N32E098.hgt,25934402,"(3601, 3601)"
N32E099.SRTMGL1.hgt.zip,32,33,99,100,USGS southwest tile corner naming; extent evidence only,CENTRAL_DIRECTORY_ONLY,1,N32E099.hgt,25934402,"(3601, 3601)"
N32E100.SRTMGL1.hgt.zip,32,33,100,101,USGS southwest tile corner naming; extent evidence only,CENTRAL_DIRECTORY_ONLY,1,N32E100.hgt,25934402,"(3601, 3601)"
N32E101.SRTMGL1.hgt.zip,32,33,101,102,USGS southwest tile corner naming; extent evidence only,CENTRAL_DIRECTORY_ONLY,1,N32E101.hgt,25934402,"(3601, 3601)"
N32E102.SRTMGL1.hgt.zip,32,33,102,103,USGS southwest tile corner naming; extent evidence only,CENTRAL_DIRECTORY_ONLY,1,N32E102.hgt,25934402,"(3601, 3601)"
N32E103.SRTMGL1.hgt.zip,32,33,103,104,USGS southwest tile corner naming; extent evidence only,CENTRAL_DIRECTORY_ONLY,1,N32E103.hgt,25934402,"(3601, 3601)"
N32E104.SRTMGL1.hgt.zip,32,33,104,105,USGS southwest tile corner naming; extent evidence only,CENTRAL_DIRECTORY_ONLY,1,N32E104.hgt,25934402,"(3601, 3601)"
N32E105.SRTMGL1.hgt.zip,32,33,105,106,USGS southwest tile corner naming; extent evidence only,CENTRAL_DIRECTORY_ONLY,1,N32E105.hgt,25934402,"(3601, 3601)"
N32E106.SRTMGL1.hgt.zip,32,33,106,107,USGS southwest tile corner naming; extent evidence only,CENTRAL_DIRECTORY_ONLY,1,N32E106.hgt,25934402,"(3601, 3601)"
N32E107.SRTMGL1.hgt.zip,32,33,107,108,USGS southwest tile corner naming; extent evidence only,CENTRAL_DIRECTORY_ONLY,1,N32E107.hgt,25934402,"(3601, 3601)"
N32E108.SRTMGL1.hgt.zip,32,33,108,109,USGS southwest tile corner naming; extent evidence only,CENTRAL_DIRECTORY_ONLY,1,N32E108.hgt,25934402,"(3601, 3601)"
N32E109.SRTMGL1.hgt.zip,32,33,109,110,USGS southwest tile corner naming; extent evidence only,CENTRAL_DIRECTORY_ONLY,1,N32E109.hgt,25934402,"(3601, 3601)"
