dataset,source_path,sha256_before,sha256_after,unchanged
IMERG,F:\云南极端降水数据\raw\IMERG\2019\imerg_20190101.nc,9c5076f4d9bb1825b7c58edafe91eaeb817dda8c9b3e9e03b441ca436bc222d5,9c5076f4d9bb1825b7c58edafe91eaeb817dda8c9b3e9e03b441ca436bc222d5,True
IMERG,F:\云南极端降水数据\raw\IMERG\2020\imerg_20200908.nc,413086f054bee27cd89bf4352a5be27e84365ad04e06844599637d6ae96e49ae,413086f054bee27cd89bf4352a5be27e84365ad04e06844599637d6ae96e49ae,True
IMERG,F:\云南极端降水数据\raw\IMERG\2022\imerg_20220517.nc,6591638495ac4edf690136990658292b4fdcedd895d8209ff1dfd6055e5bd07e,6591638495ac4edf690136990658292b4fdcedd895d8209ff1dfd6055e5bd07e,True
IMERG,F:\云南极端降水数据\raw\IMERG\2024\imerg_20240123.nc,81c6a8a1653b34ef8880176566a59100d97f90b1471e53d5a34c6a65c63c4834,81c6a8a1653b34ef8880176566a59100d97f90b1471e53d5a34c6a65c63c4834,True
IMERG,F:\云南极端降水数据\raw\IMERG\2025\imerg_20250930.nc,beb8131bb4adf2cbc976f74716d404a169e51c9ad247192564c7c9f0985ed566,beb8131bb4adf2cbc976f74716d404a169e51c9ad247192564c7c9f0985ed566,True
HIMAWARI_202407,H:\葵花202303_202510\202407\01\NC_H09_20240701_0000_R21_FLDK.06001_06001.nc,a6e8d0aaaefc30deec9730f2bf8e3298408913a46da70ac43306f14c2fd68c1f,a6e8d0aaaefc30deec9730f2bf8e3298408913a46da70ac43306f14c2fd68c1f,True
HIMAWARI_202407,H:\葵花202303_202510\202407\08\NC_H09_20240708_1810_R21_FLDK.06001_06001.nc,ccc6e7560d35e5e4f5fad3e29ba89185e3ec042ecbd722f8b5c92755afa77fc7,ccc6e7560d35e5e4f5fad3e29ba89185e3ec042ecbd722f8b5c92755afa77fc7,True
HIMAWARI_202407,H:\葵花202303_202510\202407\16\NC_H09_20240716_1200_R21_FLDK.06001_06001.nc,6b3f6a2a1d790fff2848ac530c3176e8e4d04c8d4eef3a458dcf804025c0e80e,6b3f6a2a1d790fff2848ac530c3176e8e4d04c8d4eef3a458dcf804025c0e80e,True
HIMAWARI_202407,H:\葵花202303_202510\202407\24\NC_H09_20240724_0620_R21_FLDK.06001_06001.nc,b5c63790554c0dca30ee9e0d47eeca33effa6b9483c2afb12f37529df951c7c0,b5c63790554c0dca30ee9e0d47eeca33effa6b9483c2afb12f37529df951c7c0,True
HIMAWARI_202407,H:\葵花202303_202510\202407\31\NC_H09_20240731_2350_R21_FLDK.06001_06001.nc,edcbaff0abc4c84935a854edf7caa69d74c7d2ff611d3558d8d7840f8e5b0422,edcbaff0abc4c84935a854edf7caa69d74c7d2ff611d3558d8d7840f8e5b0422,True
