selected_epoch,tau,conditional_coverage,coverage_minus_tau,absolute_calibration_error,conditional_pinball,evidence_scope
11,0.015625,0.0030608109527127583,-0.012564189047287242,0.012564189047287242,0.009194427809866554,HISTORICAL_FORMAL_EPOCH11_ONLY_NOT_REINFERENCE
11,0.046875,0.08937713536789929,0.04250213536789929,0.04250213536789929,0.027392570647795367,HISTORICAL_FORMAL_EPOCH11_ONLY_NOT_REINFERENCE
11,0.078125,0.1018407908370299,0.023715790837029904,0.023715790837029904,0.04338474012303157,HISTORICAL_FORMAL_EPOCH11_ONLY_NOT_REINFERENCE
11,0.109375,0.12071343510945622,0.011338435109456216,0.011338435109456216,0.05882444253807101,HISTORICAL_FORMAL_EPOCH11_ONLY_NOT_REINFERENCE
11,0.140625,0.16268813226695678,0.022063132266956775,0.022063132266956775,0.07385969543606483,HISTORICAL_FORMAL_EPOCH11_ONLY_NOT_REINFERENCE
11,0.171875,0.20358405991204742,0.03170905991204742,0.03170905991204742,0.08807206236486839,HISTORICAL_FORMAL_EPOCH11_ONLY_NOT_REINFERENCE
11,0.203125,0.22837101436980045,0.02524601436980045,0.02524601436980045,0.10107192587848834,HISTORICAL_FORMAL_EPOCH11_ONLY_NOT_REINFERENCE
11,0.234375,0.25473141695793233,0.020356416957932333,0.020356416957932333,0.11320911543015023,HISTORICAL_FORMAL_EPOCH11_ONLY_NOT_REINFERENCE
11,0.265625,0.29477418513705966,0.029149185137059663,0.029149185137059663,0.1249471041569373,HISTORICAL_FORMAL_EPOCH11_ONLY_NOT_REINFERENCE
11,0.296875,0.320681080341505,0.023806080341504998,0.023806080341504998,0.13513313230764964,HISTORICAL_FORMAL_EPOCH11_ONLY_NOT_REINFERENCE
11,0.328125,0.3577821846247065,0.029657184624706512,0.029657184624706512,0.14481967022492673,HISTORICAL_FORMAL_EPOCH11_ONLY_NOT_REINFERENCE
11,0.359375,0.38877954945777693,0.02940454945777693,0.02940454945777693,0.1534427798465812,HISTORICAL_FORMAL_EPOCH11_ONLY_NOT_REINFERENCE
11,0.390625,0.40274304388084214,0.012118043880842144,0.012118043880842144,0.16048999620301563,HISTORICAL_FORMAL_EPOCH11_ONLY_NOT_REINFERENCE
11,0.421875,0.44798004151640725,0.026105041516407246,0.026105041516407246,0.16750744221841032,HISTORICAL_FORMAL_EPOCH11_ONLY_NOT_REINFERENCE
11,0.453125,0.4704545449819647,0.017329544981964706,0.017329544981964706,0.1726188408774417,HISTORICAL_FORMAL_EPOCH11_ONLY_NOT_REINFERENCE
11,0.484375,0.509204993862783,0.02482999386278295,0.02482999386278295,0.1773592385926378,HISTORICAL_FORMAL_EPOCH11_ONLY_NOT_REINFERENCE
11,0.515625,0.5301282982993161,0.01450329829931607,0.01450329829931607,0.18031713872949648,HISTORICAL_FORMAL_EPOCH11_ONLY_NOT_REINFERENCE
11,0.546875,0.5591201249775689,0.01224512497756891,0.01224512497756891,0.18233630582489366,HISTORICAL_FORMAL_EPOCH11_ONLY_NOT_REINFERENCE
11,0.578125,0.5896905981743676,0.011565598174367642,0.011565598174367642,0.1832573035267422,HISTORICAL_FORMAL_EPOCH11_ONLY_NOT_REINFERENCE
11,0.609375,0.6199606045351155,0.010585604535115478,0.010585604535115478,0.18287375140920092,HISTORICAL_FORMAL_EPOCH11_ONLY_NOT_REINFERENCE
11,0.640625,0.653446125880425,0.012821125880425055,0.012821125880425055,0.18108770740572674,HISTORICAL_FORMAL_EPOCH11_ONLY_NOT_REINFERENCE
11,0.671875,0.6721792454144498,0.0003042454144498441,0.0003042454144498441,0.17779691966220004,HISTORICAL_FORMAL_EPOCH11_ONLY_NOT_REINFERENCE
11,0.703125,0.7035111785099465,0.0003861785099464887,0.0003861785099464887,0.17309487403782856,HISTORICAL_FORMAL_EPOCH11_ONLY_NOT_REINFERENCE
11,0.734375,0.7343742169927824,-7.830072176195912e-07,7.830072176195912e-07,0.16668103158094008,HISTORICAL_FORMAL_EPOCH11_ONLY_NOT_REINFERENCE
11,0.765625,0.7642649489528679,-0.0013600510471321048,0.0013600510471321048,0.15865554995209724,HISTORICAL_FORMAL_EPOCH11_ONLY_NOT_REINFERENCE
11,0.796875,0.7905226313908205,-0.006352368609179537,0.006352368609179537,0.14877900217596457,HISTORICAL_FORMAL_EPOCH11_ONLY_NOT_REINFERENCE
11,0.828125,0.8205231533089924,-0.007601846691007608,0.007601846691007608,0.13674452601924322,HISTORICAL_FORMAL_EPOCH11_ONLY_NOT_REINFERENCE
11,0.859375,0.8499387525906168,-0.009436247409383203,0.009436247409383203,0.12224814460018546,HISTORICAL_FORMAL_EPOCH11_ONLY_NOT_REINFERENCE
11,0.890625,0.8796211331529701,-0.01100386684702992,0.01100386684702992,0.10501385107624389,HISTORICAL_FORMAL_EPOCH11_ONLY_NOT_REINFERENCE
11,0.921875,0.9108640698430481,-0.01101093015695187,0.01101093015695187,0.08415228041881154,HISTORICAL_FORMAL_EPOCH11_ONLY_NOT_REINFERENCE
11,0.953125,0.9424846174495751,-0.010640382550424876,0.010640382550424876,0.058653294627105376,HISTORICAL_FORMAL_EPOCH11_ONLY_NOT_REINFERENCE
11,0.984375,0.9774913951080673,-0.0068836048919327375,0.0068836048919327375,0.025245571209101335,HISTORICAL_FORMAL_EPOCH11_ONLY_NOT_REINFERENCE
